location,reference_date,horizon,target_end_date,target,output_type,output_type_id,value
01,2026-08-15,0,2026-08-15,wk inc covid hosp,quantile,0.01,69.68495839021024
02,2026-08-15,0,2026-08-15,wk inc covid hosp,quantile,0.01,10.368025688265092
04,2026-08-15,0,2026-08-15,wk inc covid hosp,quantile,0.01,81.27496739945092
05,2026-08-15,0,2026-08-15,wk inc covid hosp,quantile,0.01,199.1656940453898
06,2026-08-15,0,2026-08-15,wk inc covid hosp,quantile,0.01,412.457942896684
08,2026-08-15,0,2026-08-15,wk inc covid hosp,quantile,0.01,68.81441296878359
09,2026-08-15,0,2026-08-15,wk inc covid hosp,quantile,0.01,39.06572050303214
10,2026-08-15,0,2026-08-15,wk inc covid hosp,quantile,0.01,10.848717084157565
11,2026-08-15,0,2026-08-15,wk inc covid hosp,quantile,0.01,167.69772312670423
12,2026-08-15,0,2026-08-15,wk inc covid hosp,quantile,0.01,450.5109692128147
13,2026-08-15,0,2026-08-15,wk inc covid hosp,quantile,0.01,131.57905765145907
15,2026-08-15,0,2026-08-15,wk inc covid hosp,quantile,0.01,23.491716056081938
16,2026-08-15,0,2026-08-15,wk inc covid hosp,quantile,0.01,37.956288858738034
17,2026-08-15,0,2026-08-15,wk inc covid hosp,quantile,0.01,108.34493057463023
18,2026-08-15,0,2026-08-15,wk inc covid hosp,quantile,0.01,79.97494421106838
19,2026-08-15,0,2026-08-15,wk inc covid hosp,quantile,0.01,29.844776439292477
20,2026-08-15,0,2026-08-15,wk inc covid hosp,quantile,0.01,55.757857003514665
21,2026-08-15,0,2026-08-15,wk inc covid hosp,quantile,0.01,59.69359002458334
22,2026-08-15,0,2026-08-15,wk inc covid hosp,quantile,0.01,71.97748544306445
23,2026-08-15,0,2026-08-15,wk inc covid hosp,quantile,0.01,30.19243698830444
24,2026-08-15,0,2026-08-15,wk inc covid hosp,quantile,0.01,73.10368014555844
25,2026-08-15,0,2026-08-15,wk inc covid hosp,quantile,0.01,153.73300955064227
26,2026-08-15,0,2026-08-15,wk inc covid hosp,quantile,0.01,91.74699129198153
27,2026-08-15,0,2026-08-15,wk inc covid hosp,quantile,0.01,45.84858945867245
28,2026-08-15,0,2026-08-15,wk inc covid hosp,quantile,0.01,66.06418353931635
29,2026-08-15,0,2026-08-15,wk inc covid hosp,quantile,0.01,75.58776505653992
30,2026-08-15,0,2026-08-15,wk inc covid hosp,quantile,0.01,16.47947893576009
31,2026-08-15,0,2026-08-15,wk inc covid hosp,quantile,0.01,19.334091487616703
32,2026-08-15,0,2026-08-15,wk inc covid hosp,quantile,0.01,31.582549549016658
33,2026-08-15,0,2026-08-15,wk inc covid hosp,quantile,0.01,59.360060806124025
34,2026-08-15,0,2026-08-15,wk inc covid hosp,quantile,0.01,66.81768897854812
35,2026-08-15,0,2026-08-15,wk inc covid hosp,quantile,0.01,134.36870055842223
36,2026-08-15,0,2026-08-15,wk inc covid hosp,quantile,0.01,377.9218844310194
37,2026-08-15,0,2026-08-15,wk inc covid hosp,quantile,0.01,123.26494232408825
38,2026-08-15,0,2026-08-15,wk inc covid hosp,quantile,0.01,49.59507200636924
39,2026-08-15,0,2026-08-15,wk inc covid hosp,quantile,0.01,115.30235568240448
40,2026-08-15,0,2026-08-15,wk inc covid hosp,quantile,0.01,61.18101002377774
41,2026-08-15,0,2026-08-15,wk inc covid hosp,quantile,0.01,82.38420952715843
42,2026-08-15,0,2026-08-15,wk inc covid hosp,quantile,0.01,113.80844890840203
44,2026-08-15,0,2026-08-15,wk inc covid hosp,quantile,0.01,23.932960535596045
45,2026-08-15,0,2026-08-15,wk inc covid hosp,quantile,0.01,41.274828354467566
46,2026-08-15,0,2026-08-15,wk inc covid hosp,quantile,0.01,23.051300092259254
47,2026-08-15,0,2026-08-15,wk inc covid hosp,quantile,0.01,242.24910273886312
48,2026-08-15,0,2026-08-15,wk inc covid hosp,quantile,0.01,267.9747920638786
49,2026-08-15,0,2026-08-15,wk inc covid hosp,quantile,0.01,15.671452688454274
50,2026-08-15,0,2026-08-15,wk inc covid hosp,quantile,0.01,10.124455846134946
51,2026-08-15,0,2026-08-15,wk inc covid hosp,quantile,0.01,116.305767539277
53,2026-08-15,0,2026-08-15,wk inc covid hosp,quantile,0.01,47.01270873158956
54,2026-08-15,0,2026-08-15,wk inc covid hosp,quantile,0.01,47.26243932013835
55,2026-08-15,0,2026-08-15,wk inc covid hosp,quantile,0.01,67.1310196393752
56,2026-08-15,0,2026-08-15,wk inc covid hosp,quantile,0.01,1.4910357309337556
72,2026-08-15,0,2026-08-15,wk inc covid hosp,quantile,0.01,1751.9180113354387
US,2026-08-15,0,2026-08-15,wk inc covid hosp,quantile,0.01,1134.0756443658017
01,2026-08-15,1,2026-08-22,wk inc covid hosp,quantile,0.01,71.90779611296797
02,2026-08-15,1,2026-08-22,wk inc covid hosp,quantile,0.01,4.486701977635176
04,2026-08-15,1,2026-08-22,wk inc covid hosp,quantile,0.01,84.1967914758283
05,2026-08-15,1,2026-08-22,wk inc covid hosp,quantile,0.01,182.15363292071746
06,2026-08-15,1,2026-08-22,wk inc covid hosp,quantile,0.01,421.6289213499304
08,2026-08-15,1,2026-08-22,wk inc covid hosp,quantile,0.01,69.13057866686609
09,2026-08-15,1,2026-08-22,wk inc covid hosp,quantile,0.01,38.93028365401009
10,2026-08-15,1,2026-08-22,wk inc covid hosp,quantile,0.01,10.873754664944139
11,2026-08-15,1,2026-08-22,wk inc covid hosp,quantile,0.01,147.31902201589332
12,2026-08-15,1,2026-08-22,wk inc covid hosp,quantile,0.01,402.749255181792
13,2026-08-15,1,2026-08-22,wk inc covid hosp,quantile,0.01,134.91658917792742
15,2026-08-15,1,2026-08-22,wk inc covid hosp,quantile,0.01,22.424539993178588
16,2026-08-15,1,2026-08-22,wk inc covid hosp,quantile,0.01,33.3061658508803
17,2026-08-15,1,2026-08-22,wk inc covid hosp,quantile,0.01,108.02058953922659
18,2026-08-15,1,2026-08-22,wk inc covid hosp,quantile,0.01,79.62596814635641
19,2026-08-15,1,2026-08-22,wk inc covid hosp,quantile,0.01,31.54768395724426
20,2026-08-15,1,2026-08-22,wk inc covid hosp,quantile,0.01,54.020296835463334
21,2026-08-15,1,2026-08-22,wk inc covid hosp,quantile,0.01,59.859084356982486
22,2026-08-15,1,2026-08-22,wk inc covid hosp,quantile,0.01,65.61362349755238
23,2026-08-15,1,2026-08-22,wk inc covid hosp,quantile,0.01,23.620510021356765
24,2026-08-15,1,2026-08-22,wk inc covid hosp,quantile,0.01,69.27628654540352
25,2026-08-15,1,2026-08-22,wk inc covid hosp,quantile,0.01,164.65292995778353
26,2026-08-15,1,2026-08-22,wk inc covid hosp,quantile,0.01,89.60080820986857
27,2026-08-15,1,2026-08-22,wk inc covid hosp,quantile,0.01,49.91412984561559
28,2026-08-15,1,2026-08-22,wk inc covid hosp,quantile,0.01,60.810911557561454
29,2026-08-15,1,2026-08-22,wk inc covid hosp,quantile,0.01,77.58216240267902
30,2026-08-15,1,2026-08-22,wk inc covid hosp,quantile,0.01,15.797339231097528
31,2026-08-15,1,2026-08-22,wk inc covid hosp,quantile,0.01,17.888095410859805
32,2026-08-15,1,2026-08-22,wk inc covid hosp,quantile,0.01,31.757888864967153
33,2026-08-15,1,2026-08-22,wk inc covid hosp,quantile,0.01,51.23928610806734
34,2026-08-15,1,2026-08-22,wk inc covid hosp,quantile,0.01,63.921928630683816
35,2026-08-15,1,2026-08-22,wk inc covid hosp,quantile,0.01,134.44497438272873
36,2026-08-15,1,2026-08-22,wk inc covid hosp,quantile,0.01,405.9797064506954
37,2026-08-15,1,2026-08-22,wk inc covid hosp,quantile,0.01,128.4517530361275
38,2026-08-15,1,2026-08-22,wk inc covid hosp,quantile,0.01,36.91655065938624
39,2026-08-15,1,2026-08-22,wk inc covid hosp,quantile,0.01,114.45695582487744
40,2026-08-15,1,2026-08-22,wk inc covid hosp,quantile,0.01,58.14171457383206
41,2026-08-15,1,2026-08-22,wk inc covid hosp,quantile,0.01,76.23922558502075
42,2026-08-15,1,2026-08-22,wk inc covid hosp,quantile,0.01,115.88732125119641
44,2026-08-15,1,2026-08-22,wk inc covid hosp,quantile,0.01,20.59052990889709
45,2026-08-15,1,2026-08-22,wk inc covid hosp,quantile,0.01,40.776931812318665
46,2026-08-15,1,2026-08-22,wk inc covid hosp,quantile,0.01,18.210511630826996
47,2026-08-15,1,2026-08-22,wk inc covid hosp,quantile,0.01,229.98806986770953
48,2026-08-15,1,2026-08-22,wk inc covid hosp,quantile,0.01,237.93956955261663
49,2026-08-15,1,2026-08-22,wk inc covid hosp,quantile,0.01,14.426775779621359
50,2026-08-15,1,2026-08-22,wk inc covid hosp,quantile,0.01,3.079390954393764
51,2026-08-15,1,2026-08-22,wk inc covid hosp,quantile,0.01,121.19488611376582
53,2026-08-15,1,2026-08-22,wk inc covid hosp,quantile,0.01,46.486967043393086
54,2026-08-15,1,2026-08-22,wk inc covid hosp,quantile,0.01,50.11452289498167
55,2026-08-15,1,2026-08-22,wk inc covid hosp,quantile,0.01,71.0309084967937
56,2026-08-15,1,2026-08-22,wk inc covid hosp,quantile,0.01,0.0
72,2026-08-15,1,2026-08-22,wk inc covid hosp,quantile,0.01,1196.1004637747383
US,2026-08-15,1,2026-08-22,wk inc covid hosp,quantile,0.01,1046.0374842489352
01,2026-08-15,2,2026-08-29,wk inc covid hosp,quantile,0.01,66.74018584795152
02,2026-08-15,2,2026-08-29,wk inc covid hosp,quantile,0.01,0.0
04,2026-08-15,2,2026-08-29,wk inc covid hosp,quantile,0.01,74.58842823933463
05,2026-08-15,2,2026-08-29,wk inc covid hosp,quantile,0.01,163.12962196892454
06,2026-08-15,2,2026-08-29,wk inc covid hosp,quantile,0.01,431.7585277830717
08,2026-08-15,2,2026-08-29,wk inc covid hosp,quantile,0.01,73.20645177382053
09,2026-08-15,2,2026-08-29,wk inc covid hosp,quantile,0.01,35.0309273703037
10,2026-08-15,2,2026-08-29,wk inc covid hosp,quantile,0.01,9.98626879577011
11,2026-08-15,2,2026-08-29,wk inc covid hosp,quantile,0.01,132.81818181482134
12,2026-08-15,2,2026-08-29,wk inc covid hosp,quantile,0.01,327.58147580889454
13,2026-08-15,2,2026-08-29,wk inc covid hosp,quantile,0.01,131.25611413500906
15,2026-08-15,2,2026-08-29,wk inc covid hosp,quantile,0.01,17.180163961546363
16,2026-08-15,2,2026-08-29,wk inc covid hosp,quantile,0.01,25.84083686369976
17,2026-08-15,2,2026-08-29,wk inc covid hosp,quantile,0.01,111.65173098163245
18,2026-08-15,2,2026-08-29,wk inc covid hosp,quantile,0.01,79.94265864273213
19,2026-08-15,2,2026-08-29,wk inc covid hosp,quantile,0.01,27.886593929384045
20,2026-08-15,2,2026-08-29,wk inc covid hosp,quantile,0.01,53.051602176181255
21,2026-08-15,2,2026-08-29,wk inc covid hosp,quantile,0.01,58.15799409040686
22,2026-08-15,2,2026-08-29,wk inc covid hosp,quantile,0.01,63.72783310583132
23,2026-08-15,2,2026-08-29,wk inc covid hosp,quantile,0.01,23.00626948108597
24,2026-08-15,2,2026-08-29,wk inc covid hosp,quantile,0.01,66.69189410759832
25,2026-08-15,2,2026-08-29,wk inc covid hosp,quantile,0.01,169.8465639035486
26,2026-08-15,2,2026-08-29,wk inc covid hosp,quantile,0.01,82.7604402975717
27,2026-08-15,2,2026-08-29,wk inc covid hosp,quantile,0.01,46.864598659778835
28,2026-08-15,2,2026-08-29,wk inc covid hosp,quantile,0.01,52.55823962240221
29,2026-08-15,2,2026-08-29,wk inc covid hosp,quantile,0.01,87.48055859700499
30,2026-08-15,2,2026-08-29,wk inc covid hosp,quantile,0.01,11.487979676537304
31,2026-08-15,2,2026-08-29,wk inc covid hosp,quantile,0.01,15.385087430853108
32,2026-08-15,2,2026-08-29,wk inc covid hosp,quantile,0.01,29.186120817351885
33,2026-08-15,2,2026-08-29,wk inc covid hosp,quantile,0.01,47.37814729676529
34,2026-08-15,2,2026-08-29,wk inc covid hosp,quantile,0.01,54.34574972675446
35,2026-08-15,2,2026-08-29,wk inc covid hosp,quantile,0.01,112.11949228730151
36,2026-08-15,2,2026-08-29,wk inc covid hosp,quantile,0.01,418.56328320863827
37,2026-08-15,2,2026-08-29,wk inc covid hosp,quantile,0.01,121.33764456895439
38,2026-08-15,2,2026-08-29,wk inc covid hosp,quantile,0.01,30.190903297577304
39,2026-08-15,2,2026-08-29,wk inc covid hosp,quantile,0.01,120.02027248329058
40,2026-08-15,2,2026-08-29,wk inc covid hosp,quantile,0.01,58.451898477955545
41,2026-08-15,2,2026-08-29,wk inc covid hosp,quantile,0.01,79.23855501363725
42,2026-08-15,2,2026-08-29,wk inc covid hosp,quantile,0.01,115.0505527917914
44,2026-08-15,2,2026-08-29,wk inc covid hosp,quantile,0.01,15.843101440521941
45,2026-08-15,2,2026-08-29,wk inc covid hosp,quantile,0.01,39.56923203136406
46,2026-08-15,2,2026-08-29,wk inc covid hosp,quantile,0.01,12.078617774311404
47,2026-08-15,2,2026-08-29,wk inc covid hosp,quantile,0.01,208.15792791857348
48,2026-08-15,2,2026-08-29,wk inc covid hosp,quantile,0.01,211.2436256292793
49,2026-08-15,2,2026-08-29,wk inc covid hosp,quantile,0.01,11.431023569832574
50,2026-08-15,2,2026-08-29,wk inc covid hosp,quantile,0.01,0.0
51,2026-08-15,2,2026-08-29,wk inc covid hosp,quantile,0.01,125.92940928279886
53,2026-08-15,2,2026-08-29,wk inc covid hosp,quantile,0.01,47.90276333325154
54,2026-08-15,2,2026-08-29,wk inc covid hosp,quantile,0.01,42.0098419753628
55,2026-08-15,2,2026-08-29,wk inc covid hosp,quantile,0.01,76.5950218364422
56,2026-08-15,2,2026-08-29,wk inc covid hosp,quantile,0.01,0.0
72,2026-08-15,2,2026-08-29,wk inc covid hosp,quantile,0.01,838.7806784673564
US,2026-08-15,2,2026-08-29,wk inc covid hosp,quantile,0.01,1079.405249348731
01,2026-08-15,3,2026-09-05,wk inc covid hosp,quantile,0.01,60.242201319740545
02,2026-08-15,3,2026-09-05,wk inc covid hosp,quantile,0.01,0.0
04,2026-08-15,3,2026-09-05,wk inc covid hosp,quantile,0.01,72.03324620574593
05,2026-08-15,3,2026-09-05,wk inc covid hosp,quantile,0.01,152.67810586560068
06,2026-08-15,3,2026-09-05,wk inc covid hosp,quantile,0.01,408.3798778897946
08,2026-08-15,3,2026-09-05,wk inc covid hosp,quantile,0.01,63.961784751340076
09,2026-08-15,3,2026-09-05,wk inc covid hosp,quantile,0.01,29.448496779933194
10,2026-08-15,3,2026-09-05,wk inc covid hosp,quantile,0.01,9.044528486900173
11,2026-08-15,3,2026-09-05,wk inc covid hosp,quantile,0.01,102.67994378501483
12,2026-08-15,3,2026-09-05,wk inc covid hosp,quantile,0.01,301.65587400028545
13,2026-08-15,3,2026-09-05,wk inc covid hosp,quantile,0.01,120.98389280467968
15,2026-08-15,3,2026-09-05,wk inc covid hosp,quantile,0.01,14.047971406822551
16,2026-08-15,3,2026-09-05,wk inc covid hosp,quantile,0.01,24.32816831133548
17,2026-08-15,3,2026-09-05,wk inc covid hosp,quantile,0.01,99.47837624066217
18,2026-08-15,3,2026-09-05,wk inc covid hosp,quantile,0.01,79.04720502533274
19,2026-08-15,3,2026-09-05,wk inc covid hosp,quantile,0.01,23.370410692338563
20,2026-08-15,3,2026-09-05,wk inc covid hosp,quantile,0.01,47.092420183391894
21,2026-08-15,3,2026-09-05,wk inc covid hosp,quantile,0.01,57.830211714527046
22,2026-08-15,3,2026-09-05,wk inc covid hosp,quantile,0.01,52.70860329291887
23,2026-08-15,3,2026-09-05,wk inc covid hosp,quantile,0.01,17.455629144499962
24,2026-08-15,3,2026-09-05,wk inc covid hosp,quantile,0.01,60.759897084778046
25,2026-08-15,3,2026-09-05,wk inc covid hosp,quantile,0.01,163.9787438784985
26,2026-08-15,3,2026-09-05,wk inc covid hosp,quantile,0.01,71.64670383442247
27,2026-08-15,3,2026-09-05,wk inc covid hosp,quantile,0.01,45.979985566537295
28,2026-08-15,3,2026-09-05,wk inc covid hosp,quantile,0.01,41.015826822417054
29,2026-08-15,3,2026-09-05,wk inc covid hosp,quantile,0.01,83.62166971406923
30,2026-08-15,3,2026-09-05,wk inc covid hosp,quantile,0.01,8.232342514857947
31,2026-08-15,3,2026-09-05,wk inc covid hosp,quantile,0.01,13.037159245221368
32,2026-08-15,3,2026-09-05,wk inc covid hosp,quantile,0.01,26.89482496647696
33,2026-08-15,3,2026-09-05,wk inc covid hosp,quantile,0.01,37.376196717033636
34,2026-08-15,3,2026-09-05,wk inc covid hosp,quantile,0.01,48.40683971790784
35,2026-08-15,3,2026-09-05,wk inc covid hosp,quantile,0.01,101.92845596538837
36,2026-08-15,3,2026-09-05,wk inc covid hosp,quantile,0.01,416.3702658913187
37,2026-08-15,3,2026-09-05,wk inc covid hosp,quantile,0.01,115.54216349421013
38,2026-08-15,3,2026-09-05,wk inc covid hosp,quantile,0.01,19.954982648243732
39,2026-08-15,3,2026-09-05,wk inc covid hosp,quantile,0.01,116.95267796354598
40,2026-08-15,3,2026-09-05,wk inc covid hosp,quantile,0.01,52.85592543052232
41,2026-08-15,3,2026-09-05,wk inc covid hosp,quantile,0.01,75.16987404261647
42,2026-08-15,3,2026-09-05,wk inc covid hosp,quantile,0.01,103.5482975604487
44,2026-08-15,3,2026-09-05,wk inc covid hosp,quantile,0.01,9.226250017526317
45,2026-08-15,3,2026-09-05,wk inc covid hosp,quantile,0.01,35.31335969066405
46,2026-08-15,3,2026-09-05,wk inc covid hosp,quantile,0.01,8.60091589399
47,2026-08-15,3,2026-09-05,wk inc covid hosp,quantile,0.01,189.81008223276925
48,2026-08-15,3,2026-09-05,wk inc covid hosp,quantile,0.01,186.97885342264655
49,2026-08-15,3,2026-09-05,wk inc covid hosp,quantile,0.01,9.711900736439258
50,2026-08-15,3,2026-09-05,wk inc covid hosp,quantile,0.01,0.0
51,2026-08-15,3,2026-09-05,wk inc covid hosp,quantile,0.01,116.23956243230144
53,2026-08-15,3,2026-09-05,wk inc covid hosp,quantile,0.01,42.807030197744936
54,2026-08-15,3,2026-09-05,wk inc covid hosp,quantile,0.01,41.44394416329289
55,2026-08-15,3,2026-09-05,wk inc covid hosp,quantile,0.01,74.43039106156064
56,2026-08-15,3,2026-09-05,wk inc covid hosp,quantile,0.01,0.0
72,2026-08-15,3,2026-09-05,wk inc covid hosp,quantile,0.01,499.28658031445065
US,2026-08-15,3,2026-09-05,wk inc covid hosp,quantile,0.01,1056.0088568826086
01,2026-08-15,0,2026-08-15,wk inc covid hosp,quantile,0.025,76.03644345084614
02,2026-08-15,0,2026-08-15,wk inc covid hosp,quantile,0.025,14.706585392276638
04,2026-08-15,0,2026-08-15,wk inc covid hosp,quantile,0.025,88.3042996567072
05,2026-08-15,0,2026-08-15,wk inc covid hosp,quantile,0.025,228.23005391574043
06,2026-08-15,0,2026-08-15,wk inc covid hosp,quantile,0.025,438.0104666308969
08,2026-08-15,0,2026-08-15,wk inc covid hosp,quantile,0.025,77.31781312555471
09,2026-08-15,0,2026-08-15,wk inc covid hosp,quantile,0.025,46.09698927305419
10,2026-08-15,0,2026-08-15,wk inc covid hosp,quantile,0.025,13.062722139964313
11,2026-08-15,0,2026-08-15,wk inc covid hosp,quantile,0.025,213.34994512143845
12,2026-08-15,0,2026-08-15,wk inc covid hosp,quantile,0.025,492.83718098029505
13,2026-08-15,0,2026-08-15,wk inc covid hosp,quantile,0.025,139.06264912749577
15,2026-08-15,0,2026-08-15,wk inc covid hosp,quantile,0.025,26.96412850188241
16,2026-08-15,0,2026-08-15,wk inc covid hosp,quantile,0.025,46.62295608833267
17,2026-08-15,0,2026-08-15,wk inc covid hosp,quantile,0.025,117.02337488789348
18,2026-08-15,0,2026-08-15,wk inc covid hosp,quantile,0.025,86.85273971172363
19,2026-08-15,0,2026-08-15,wk inc covid hosp,quantile,0.025,35.118165619534764
20,2026-08-15,0,2026-08-15,wk inc covid hosp,quantile,0.025,62.47742038976264
21,2026-08-15,0,2026-08-15,wk inc covid hosp,quantile,0.025,70.43532123690113
22,2026-08-15,0,2026-08-15,wk inc covid hosp,quantile,0.025,79.03677481389262
23,2026-08-15,0,2026-08-15,wk inc covid hosp,quantile,0.025,34.55580630494491
24,2026-08-15,0,2026-08-15,wk inc covid hosp,quantile,0.025,78.75238097666914
25,2026-08-15,0,2026-08-15,wk inc covid hosp,quantile,0.025,165.99380136900197
26,2026-08-15,0,2026-08-15,wk inc covid hosp,quantile,0.025,105.05593850431654
27,2026-08-15,0,2026-08-15,wk inc covid hosp,quantile,0.025,50.50425063501758
28,2026-08-15,0,2026-08-15,wk inc covid hosp,quantile,0.025,75.28876238584115
29,2026-08-15,0,2026-08-15,wk inc covid hosp,quantile,0.025,83.3177760578904
30,2026-08-15,0,2026-08-15,wk inc covid hosp,quantile,0.025,20.369618128640397
31,2026-08-15,0,2026-08-15,wk inc covid hosp,quantile,0.025,23.651313951528675
32,2026-08-15,0,2026-08-15,wk inc covid hosp,quantile,0.025,35.889132684429505
33,2026-08-15,0,2026-08-15,wk inc covid hosp,quantile,0.025,67.1094899015789
34,2026-08-15,0,2026-08-15,wk inc covid hosp,quantile,0.025,73.08700204096887
35,2026-08-15,0,2026-08-15,wk inc covid hosp,quantile,0.025,154.9521316167729
36,2026-08-15,0,2026-08-15,wk inc covid hosp,quantile,0.025,400.9072987580186
37,2026-08-15,0,2026-08-15,wk inc covid hosp,quantile,0.025,131.1927049849362
38,2026-08-15,0,2026-08-15,wk inc covid hosp,quantile,0.025,60.84260412665078
39,2026-08-15,0,2026-08-15,wk inc covid hosp,quantile,0.025,122.14739710062157
40,2026-08-15,0,2026-08-15,wk inc covid hosp,quantile,0.025,68.39194102059939
41,2026-08-15,0,2026-08-15,wk inc covid hosp,quantile,0.025,92.89118357954108
42,2026-08-15,0,2026-08-15,wk inc covid hosp,quantile,0.025,127.65588682922147
44,2026-08-15,0,2026-08-15,wk inc covid hosp,quantile,0.025,29.545464809907003
45,2026-08-15,0,2026-08-15,wk inc covid hosp,quantile,0.025,46.322027467454205
46,2026-08-15,0,2026-08-15,wk inc covid hosp,quantile,0.025,30.056280720917798
47,2026-08-15,0,2026-08-15,wk inc covid hosp,quantile,0.025,267.6230315684656
48,2026-08-15,0,2026-08-15,wk inc covid hosp,quantile,0.025,288.9953368841898
49,2026-08-15,0,2026-08-15,wk inc covid hosp,quantile,0.025,18.458364366585304
50,2026-08-15,0,2026-08-15,wk inc covid hosp,quantile,0.025,16.226720196337713
51,2026-08-15,0,2026-08-15,wk inc covid hosp,quantile,0.025,128.02251699886926
53,2026-08-15,0,2026-08-15,wk inc covid hosp,quantile,0.025,51.11901260313727
54,2026-08-15,0,2026-08-15,wk inc covid hosp,quantile,0.025,55.138088443693256
55,2026-08-15,0,2026-08-15,wk inc covid hosp,quantile,0.025,73.50748141799949
56,2026-08-15,0,2026-08-15,wk inc covid hosp,quantile,0.025,3.2119345476174463
72,2026-08-15,0,2026-08-15,wk inc covid hosp,quantile,0.025,2156.5152352901628
US,2026-08-15,0,2026-08-15,wk inc covid hosp,quantile,0.025,1296.2858359136594
01,2026-08-15,1,2026-08-22,wk inc covid hosp,quantile,0.025,81.39972402673001
02,2026-08-15,1,2026-08-22,wk inc covid hosp,quantile,0.025,9.51482542536767
04,2026-08-15,1,2026-08-22,wk inc covid hosp,quantile,0.025,93.79832478943398
05,2026-08-15,1,2026-08-22,wk inc covid hosp,quantile,0.025,227.63623111734685
06,2026-08-15,1,2026-08-22,wk inc covid hosp,quantile,0.025,462.3996906101459
08,2026-08-15,1,2026-08-22,wk inc covid hosp,quantile,0.025,80.56476332695938
09,2026-08-15,1,2026-08-22,wk inc covid hosp,quantile,0.025,46.62342971170632
10,2026-08-15,1,2026-08-22,wk inc covid hosp,quantile,0.025,12.985219384276165
11,2026-08-15,1,2026-08-22,wk inc covid hosp,quantile,0.025,205.0030704824339
12,2026-08-15,1,2026-08-22,wk inc covid hosp,quantile,0.025,466.3923577652695
13,2026-08-15,1,2026-08-22,wk inc covid hosp,quantile,0.025,151.38328150880253
15,2026-08-15,1,2026-08-22,wk inc covid hosp,quantile,0.025,26.465598640147583
16,2026-08-15,1,2026-08-22,wk inc covid hosp,quantile,0.025,45.202350914585274
17,2026-08-15,1,2026-08-22,wk inc covid hosp,quantile,0.025,124.73542907752898
18,2026-08-15,1,2026-08-22,wk inc covid hosp,quantile,0.025,94.24241565565487
19,2026-08-15,1,2026-08-22,wk inc covid hosp,quantile,0.025,36.93840104116083
20,2026-08-15,1,2026-08-22,wk inc covid hosp,quantile,0.025,65.75220472194071
21,2026-08-15,1,2026-08-22,wk inc covid hosp,quantile,0.025,72.97722877193706
22,2026-08-15,1,2026-08-22,wk inc covid hosp,quantile,0.025,73.39210906186716
23,2026-08-15,1,2026-08-22,wk inc covid hosp,quantile,0.025,33.25637092562076
24,2026-08-15,1,2026-08-22,wk inc covid hosp,quantile,0.025,81.90316174499007
25,2026-08-15,1,2026-08-22,wk inc covid hosp,quantile,0.025,185.71242438961872
26,2026-08-15,1,2026-08-22,wk inc covid hosp,quantile,0.025,109.7231297040364
27,2026-08-15,1,2026-08-22,wk inc covid hosp,quantile,0.025,54.37078801237397
28,2026-08-15,1,2026-08-22,wk inc covid hosp,quantile,0.025,71.56462180554846
29,2026-08-15,1,2026-08-22,wk inc covid hosp,quantile,0.025,90.59824785510096
30,2026-08-15,1,2026-08-22,wk inc covid hosp,quantile,0.025,20.02257919526394
31,2026-08-15,1,2026-08-22,wk inc covid hosp,quantile,0.025,23.727901320881177
32,2026-08-15,1,2026-08-22,wk inc covid hosp,quantile,0.025,36.86996510717514
33,2026-08-15,1,2026-08-22,wk inc covid hosp,quantile,0.025,65.19144259743601
34,2026-08-15,1,2026-08-22,wk inc covid hosp,quantile,0.025,72.93920533081828
35,2026-08-15,1,2026-08-22,wk inc covid hosp,quantile,0.025,160.5783297391026
36,2026-08-15,1,2026-08-22,wk inc covid hosp,quantile,0.025,447.5315265323725
37,2026-08-15,1,2026-08-22,wk inc covid hosp,quantile,0.025,141.35296463091197
38,2026-08-15,1,2026-08-22,wk inc covid hosp,quantile,0.025,53.9573510733139
39,2026-08-15,1,2026-08-22,wk inc covid hosp,quantile,0.025,133.5269683732886
40,2026-08-15,1,2026-08-22,wk inc covid hosp,quantile,0.025,74.89191304638186
41,2026-08-15,1,2026-08-22,wk inc covid hosp,quantile,0.025,93.86202860912003
42,2026-08-15,1,2026-08-22,wk inc covid hosp,quantile,0.025,136.75206130400332
44,2026-08-15,1,2026-08-22,wk inc covid hosp,quantile,0.025,26.088550283447233
45,2026-08-15,1,2026-08-22,wk inc covid hosp,quantile,0.025,47.68450648663208
46,2026-08-15,1,2026-08-22,wk inc covid hosp,quantile,0.025,27.550640195695426
47,2026-08-15,1,2026-08-22,wk inc covid hosp,quantile,0.025,274.88533223810606
48,2026-08-15,1,2026-08-22,wk inc covid hosp,quantile,0.025,276.3428587940168
49,2026-08-15,1,2026-08-22,wk inc covid hosp,quantile,0.025,17.521507963880563
50,2026-08-15,1,2026-08-22,wk inc covid hosp,quantile,0.025,10.526917217172329
51,2026-08-15,1,2026-08-22,wk inc covid hosp,quantile,0.025,141.1329563497668
53,2026-08-15,1,2026-08-22,wk inc covid hosp,quantile,0.025,54.5193883290949
54,2026-08-15,1,2026-08-22,wk inc covid hosp,quantile,0.025,60.060186733334035
55,2026-08-15,1,2026-08-22,wk inc covid hosp,quantile,0.025,82.48975420309957
56,2026-08-15,1,2026-08-22,wk inc covid hosp,quantile,0.025,1.102283747245619
72,2026-08-15,1,2026-08-22,wk inc covid hosp,quantile,0.025,1585.369511252741
US,2026-08-15,1,2026-08-22,wk inc covid hosp,quantile,0.025,1271.404913849515
01,2026-08-15,2,2026-08-29,wk inc covid hosp,quantile,0.025,76.778928005447
02,2026-08-15,2,2026-08-29,wk inc covid hosp,quantile,0.025,5.806595660705487
04,2026-08-15,2,2026-08-29,wk inc covid hosp,quantile,0.025,92.09024674839789
05,2026-08-15,2,2026-08-29,wk inc covid hosp,quantile,0.025,215.77138217358777
06,2026-08-15,2,2026-08-29,wk inc covid hosp,quantile,0.025,475.41743937089143
08,2026-08-15,2,2026-08-29,wk inc covid hosp,quantile,0.025,82.55750147028765
09,2026-08-15,2,2026-08-29,wk inc covid hosp,quantile,0.025,45.729196254071034
10,2026-08-15,2,2026-08-29,wk inc covid hosp,quantile,0.025,13.117319185987895
11,2026-08-15,2,2026-08-29,wk inc covid hosp,quantile,0.025,193.2405310894653
12,2026-08-15,2,2026-08-29,wk inc covid hosp,quantile,0.025,423.7451540927868
13,2026-08-15,2,2026-08-29,wk inc covid hosp,quantile,0.025,150.99774841929212
15,2026-08-15,2,2026-08-29,wk inc covid hosp,quantile,0.025,23.105638208669156
16,2026-08-15,2,2026-08-29,wk inc covid hosp,quantile,0.025,39.25108184618393
17,2026-08-15,2,2026-08-29,wk inc covid hosp,quantile,0.025,128.7457385380551
18,2026-08-15,2,2026-08-29,wk inc covid hosp,quantile,0.025,93.63562993346476
19,2026-08-15,2,2026-08-29,wk inc covid hosp,quantile,0.025,36.78461404787871
20,2026-08-15,2,2026-08-29,wk inc covid hosp,quantile,0.025,63.73193959877723
21,2026-08-15,2,2026-08-29,wk inc covid hosp,quantile,0.025,72.94277789339945
22,2026-08-15,2,2026-08-29,wk inc covid hosp,quantile,0.025,72.01173892398334
23,2026-08-15,2,2026-08-29,wk inc covid hosp,quantile,0.025,31.37952762530205
24,2026-08-15,2,2026-08-29,wk inc covid hosp,quantile,0.025,83.03528097965562
25,2026-08-15,2,2026-08-29,wk inc covid hosp,quantile,0.025,192.9624182612432
26,2026-08-15,2,2026-08-29,wk inc covid hosp,quantile,0.025,105.2780402405648
27,2026-08-15,2,2026-08-29,wk inc covid hosp,quantile,0.025,56.43461315670311
28,2026-08-15,2,2026-08-29,wk inc covid hosp,quantile,0.025,68.78964582899029
29,2026-08-15,2,2026-08-29,wk inc covid hosp,quantile,0.025,100.30586743667253
30,2026-08-15,2,2026-08-29,wk inc covid hosp,quantile,0.025,15.931243749973438
31,2026-08-15,2,2026-08-29,wk inc covid hosp,quantile,0.025,22.97743528145079
32,2026-08-15,2,2026-08-29,wk inc covid hosp,quantile,0.025,34.64917951688324
33,2026-08-15,2,2026-08-29,wk inc covid hosp,quantile,0.025,62.732733156561785
34,2026-08-15,2,2026-08-29,wk inc covid hosp,quantile,0.025,71.86950301829478
35,2026-08-15,2,2026-08-29,wk inc covid hosp,quantile,0.025,148.39153532867616
36,2026-08-15,2,2026-08-29,wk inc covid hosp,quantile,0.025,483.6929373644647
37,2026-08-15,2,2026-08-29,wk inc covid hosp,quantile,0.025,139.90862696282338
38,2026-08-15,2,2026-08-29,wk inc covid hosp,quantile,0.025,47.89720607224453
39,2026-08-15,2,2026-08-29,wk inc covid hosp,quantile,0.025,140.1899068283869
40,2026-08-15,2,2026-08-29,wk inc covid hosp,quantile,0.025,73.49242895309936
41,2026-08-15,2,2026-08-29,wk inc covid hosp,quantile,0.025,99.93594801999494
42,2026-08-15,2,2026-08-29,wk inc covid hosp,quantile,0.025,137.72452704701033
44,2026-08-15,2,2026-08-29,wk inc covid hosp,quantile,0.025,23.39944510176901
45,2026-08-15,2,2026-08-29,wk inc covid hosp,quantile,0.025,46.0491958515854
46,2026-08-15,2,2026-08-29,wk inc covid hosp,quantile,0.025,24.535010814243044
47,2026-08-15,2,2026-08-29,wk inc covid hosp,quantile,0.025,261.2222294531893
48,2026-08-15,2,2026-08-29,wk inc covid hosp,quantile,0.025,257.3242505882619
49,2026-08-15,2,2026-08-29,wk inc covid hosp,quantile,0.025,16.35572509361629
50,2026-08-15,2,2026-08-29,wk inc covid hosp,quantile,0.025,6.6215248823621256
51,2026-08-15,2,2026-08-29,wk inc covid hosp,quantile,0.025,146.73431980585445
53,2026-08-15,2,2026-08-29,wk inc covid hosp,quantile,0.025,54.97653263721289
54,2026-08-15,2,2026-08-29,wk inc covid hosp,quantile,0.025,53.338451242193784
55,2026-08-15,2,2026-08-29,wk inc covid hosp,quantile,0.025,85.10424140176073
56,2026-08-15,2,2026-08-29,wk inc covid hosp,quantile,0.025,0.0
72,2026-08-15,2,2026-08-29,wk inc covid hosp,quantile,0.025,1358.1630488929368
US,2026-08-15,2,2026-08-29,wk inc covid hosp,quantile,0.025,1314.2377097602248
01,2026-08-15,3,2026-09-05,wk inc covid hosp,quantile,0.025,73.98186202777423
02,2026-08-15,3,2026-09-05,wk inc covid hosp,quantile,0.025,2.2573320985365766
04,2026-08-15,3,2026-09-05,wk inc covid hosp,quantile,0.025,92.01189475825049
05,2026-08-15,3,2026-09-05,wk inc covid hosp,quantile,0.025,203.72284321589007
06,2026-08-15,3,2026-09-05,wk inc covid hosp,quantile,0.025,467.5127968142769
08,2026-08-15,3,2026-09-05,wk inc covid hosp,quantile,0.025,77.93684823720434
09,2026-08-15,3,2026-09-05,wk inc covid hosp,quantile,0.025,40.045654487999215
10,2026-08-15,3,2026-09-05,wk inc covid hosp,quantile,0.025,12.079924155066301
11,2026-08-15,3,2026-09-05,wk inc covid hosp,quantile,0.025,158.70215354636034
12,2026-08-15,3,2026-09-05,wk inc covid hosp,quantile,0.025,371.49953173548
13,2026-08-15,3,2026-09-05,wk inc covid hosp,quantile,0.025,145.66817449129252
15,2026-08-15,3,2026-09-05,wk inc covid hosp,quantile,0.025,19.061341775325683
16,2026-08-15,3,2026-09-05,wk inc covid hosp,quantile,0.025,38.336479434342074
17,2026-08-15,3,2026-09-05,wk inc covid hosp,quantile,0.025,126.80656783443642
18,2026-08-15,3,2026-09-05,wk inc covid hosp,quantile,0.025,91.90478169839056
19,2026-08-15,3,2026-09-05,wk inc covid hosp,quantile,0.025,33.32509082746565
20,2026-08-15,3,2026-09-05,wk inc covid hosp,quantile,0.025,58.27234293864968
21,2026-08-15,3,2026-09-05,wk inc covid hosp,quantile,0.025,71.07056036442894
22,2026-08-15,3,2026-09-05,wk inc covid hosp,quantile,0.025,62.450969784870225
23,2026-08-15,3,2026-09-05,wk inc covid hosp,quantile,0.025,28.680554030260645
24,2026-08-15,3,2026-09-05,wk inc covid hosp,quantile,0.025,81.13500966130994
25,2026-08-15,3,2026-09-05,wk inc covid hosp,quantile,0.025,196.267533219618
26,2026-08-15,3,2026-09-05,wk inc covid hosp,quantile,0.025,97.99270889194447
27,2026-08-15,3,2026-09-05,wk inc covid hosp,quantile,0.025,54.69635580834799
28,2026-08-15,3,2026-09-05,wk inc covid hosp,quantile,0.025,60.15550902245767
29,2026-08-15,3,2026-09-05,wk inc covid hosp,quantile,0.025,97.51578782284929
30,2026-08-15,3,2026-09-05,wk inc covid hosp,quantile,0.025,14.461214678518852
31,2026-08-15,3,2026-09-05,wk inc covid hosp,quantile,0.025,20.076611172623316
32,2026-08-15,3,2026-09-05,wk inc covid hosp,quantile,0.025,31.62264404673933
33,2026-08-15,3,2026-09-05,wk inc covid hosp,quantile,0.025,56.01794191294239
34,2026-08-15,3,2026-09-05,wk inc covid hosp,quantile,0.025,67.77178413685206
35,2026-08-15,3,2026-09-05,wk inc covid hosp,quantile,0.025,136.05542132601423
36,2026-08-15,3,2026-09-05,wk inc covid hosp,quantile,0.025,473.8163067617535
37,2026-08-15,3,2026-09-05,wk inc covid hosp,quantile,0.025,139.3776048814107
38,2026-08-15,3,2026-09-05,wk inc covid hosp,quantile,0.025,38.23255006019826
39,2026-08-15,3,2026-09-05,wk inc covid hosp,quantile,0.025,141.18211128768831
40,2026-08-15,3,2026-09-05,wk inc covid hosp,quantile,0.025,73.66455053722441
41,2026-08-15,3,2026-09-05,wk inc covid hosp,quantile,0.025,91.88826383290825
42,2026-08-15,3,2026-09-05,wk inc covid hosp,quantile,0.025,129.7699660324138
44,2026-08-15,3,2026-09-05,wk inc covid hosp,quantile,0.025,18.996012009093644
45,2026-08-15,3,2026-09-05,wk inc covid hosp,quantile,0.025,44.072962461023536
46,2026-08-15,3,2026-09-05,wk inc covid hosp,quantile,0.025,18.04303773763288
47,2026-08-15,3,2026-09-05,wk inc covid hosp,quantile,0.025,241.56500016658217
48,2026-08-15,3,2026-09-05,wk inc covid hosp,quantile,0.025,248.23257829012138
49,2026-08-15,3,2026-09-05,wk inc covid hosp,quantile,0.025,14.650359765369974
50,2026-08-15,3,2026-09-05,wk inc covid hosp,quantile,0.025,0.7886831220116465
51,2026-08-15,3,2026-09-05,wk inc covid hosp,quantile,0.025,137.26677889798205
53,2026-08-15,3,2026-09-05,wk inc covid hosp,quantile,0.025,52.3254273288133
54,2026-08-15,3,2026-09-05,wk inc covid hosp,quantile,0.025,54.10086421421527
55,2026-08-15,3,2026-09-05,wk inc covid hosp,quantile,0.025,86.44139270804324
56,2026-08-15,3,2026-09-05,wk inc covid hosp,quantile,0.025,0.0
72,2026-08-15,3,2026-09-05,wk inc covid hosp,quantile,0.025,931.3620417622892
US,2026-08-15,3,2026-09-05,wk inc covid hosp,quantile,0.025,1304.8594905386642
01,2026-08-15,0,2026-08-15,wk inc covid hosp,quantile,0.05,81.02300604851901
02,2026-08-15,0,2026-08-15,wk inc covid hosp,quantile,0.05,20.088484718332325
04,2026-08-15,0,2026-08-15,wk inc covid hosp,quantile,0.05,94.53376421523414
05,2026-08-15,0,2026-08-15,wk inc covid hosp,quantile,0.05,257.3412336148767
06,2026-08-15,0,2026-08-15,wk inc covid hosp,quantile,0.05,460.0366601953925
08,2026-08-15,0,2026-08-15,wk inc covid hosp,quantile,0.05,83.4522606169769
09,2026-08-15,0,2026-08-15,wk inc covid hosp,quantile,0.05,51.654463239896714
10,2026-08-15,0,2026-08-15,wk inc covid hosp,quantile,0.05,14.880347785517692
11,2026-08-15,0,2026-08-15,wk inc covid hosp,quantile,0.05,251.16726864811645
12,2026-08-15,0,2026-08-15,wk inc covid hosp,quantile,0.05,533.5111178165137
13,2026-08-15,0,2026-08-15,wk inc covid hosp,quantile,0.05,148.97950515731898
15,2026-08-15,0,2026-08-15,wk inc covid hosp,quantile,0.05,30.46918064664234
16,2026-08-15,0,2026-08-15,wk inc covid hosp,quantile,0.05,52.81994390930813
17,2026-08-15,0,2026-08-15,wk inc covid hosp,quantile,0.05,128.731090845365
18,2026-08-15,0,2026-08-15,wk inc covid hosp,quantile,0.05,94.68363912714752
19,2026-08-15,0,2026-08-15,wk inc covid hosp,quantile,0.05,38.584416336351104
20,2026-08-15,0,2026-08-15,wk inc covid hosp,quantile,0.05,68.7370245763451
21,2026-08-15,0,2026-08-15,wk inc covid hosp,quantile,0.05,78.45072897892732
22,2026-08-15,0,2026-08-15,wk inc covid hosp,quantile,0.05,85.59307986132617
23,2026-08-15,0,2026-08-15,wk inc covid hosp,quantile,0.05,39.89254351459325
24,2026-08-15,0,2026-08-15,wk inc covid hosp,quantile,0.05,84.28008984467381
25,2026-08-15,0,2026-08-15,wk inc covid hosp,quantile,0.05,177.89277950504908
26,2026-08-15,0,2026-08-15,wk inc covid hosp,quantile,0.05,115.31254595514648
27,2026-08-15,0,2026-08-15,wk inc covid hosp,quantile,0.05,55.101140584230286
28,2026-08-15,0,2026-08-15,wk inc covid hosp,quantile,0.05,83.13555784190542
29,2026-08-15,0,2026-08-15,wk inc covid hosp,quantile,0.05,90.2040266657839
30,2026-08-15,0,2026-08-15,wk inc covid hosp,quantile,0.05,23.254056140788418
31,2026-08-15,0,2026-08-15,wk inc covid hosp,quantile,0.05,26.84675902381765
32,2026-08-15,0,2026-08-15,wk inc covid hosp,quantile,0.05,38.848326755168834
33,2026-08-15,0,2026-08-15,wk inc covid hosp,quantile,0.05,76.57508243025175
34,2026-08-15,0,2026-08-15,wk inc covid hosp,quantile,0.05,81.00665634146125
35,2026-08-15,0,2026-08-15,wk inc covid hosp,quantile,0.05,172.05838848427936
36,2026-08-15,0,2026-08-15,wk inc covid hosp,quantile,0.05,430.399363782946
37,2026-08-15,0,2026-08-15,wk inc covid hosp,quantile,0.05,140.0999769943967
38,2026-08-15,0,2026-08-15,wk inc covid hosp,quantile,0.05,69.59161493804619
39,2026-08-15,0,2026-08-15,wk inc covid hosp,quantile,0.05,132.0685436265279
40,2026-08-15,0,2026-08-15,wk inc covid hosp,quantile,0.05,75.92595442560805
41,2026-08-15,0,2026-08-15,wk inc covid hosp,quantile,0.05,103.53589097187705
42,2026-08-15,0,2026-08-15,wk inc covid hosp,quantile,0.05,141.7495997030323
44,2026-08-15,0,2026-08-15,wk inc covid hosp,quantile,0.05,35.450007943100736
45,2026-08-15,0,2026-08-15,wk inc covid hosp,quantile,0.05,52.01135347948927
46,2026-08-15,0,2026-08-15,wk inc covid hosp,quantile,0.05,37.01476705043608
47,2026-08-15,0,2026-08-15,wk inc covid hosp,quantile,0.05,296.97541923506685
48,2026-08-15,0,2026-08-15,wk inc covid hosp,quantile,0.05,314.14054723471617
49,2026-08-15,0,2026-08-15,wk inc covid hosp,quantile,0.05,20.16655208520954
50,2026-08-15,0,2026-08-15,wk inc covid hosp,quantile,0.05,22.64321015892961
51,2026-08-15,0,2026-08-15,wk inc covid hosp,quantile,0.05,137.83700502713893
53,2026-08-15,0,2026-08-15,wk inc covid hosp,quantile,0.05,56.982702640733
54,2026-08-15,0,2026-08-15,wk inc covid hosp,quantile,0.05,62.496863736018085
55,2026-08-15,0,2026-08-15,wk inc covid hosp,quantile,0.05,81.2629999269983
56,2026-08-15,0,2026-08-15,wk inc covid hosp,quantile,0.05,6.37122263958156
72,2026-08-15,0,2026-08-15,wk inc covid hosp,quantile,0.05,2396.749240745043
US,2026-08-15,0,2026-08-15,wk inc covid hosp,quantile,0.05,1405.0994560944655
01,2026-08-15,1,2026-08-22,wk inc covid hosp,quantile,0.05,88.44383019354585
02,2026-08-15,1,2026-08-22,wk inc covid hosp,quantile,0.05,15.313218110694407
04,2026-08-15,1,2026-08-22,wk inc covid hosp,quantile,0.05,104.40419112293888
05,2026-08-15,1,2026-08-22,wk inc covid hosp,quantile,0.05,263.32174353837144
06,2026-08-15,1,2026-08-22,wk inc covid hosp,quantile,0.05,493.9647410811464
08,2026-08-15,1,2026-08-22,wk inc covid hosp,quantile,0.05,88.31495738634929
09,2026-08-15,1,2026-08-22,wk inc covid hosp,quantile,0.05,55.26312579766072
10,2026-08-15,1,2026-08-22,wk inc covid hosp,quantile,0.05,15.506883839234433
11,2026-08-15,1,2026-08-22,wk inc covid hosp,quantile,0.05,246.176919237036
12,2026-08-15,1,2026-08-22,wk inc covid hosp,quantile,0.05,524.2611538298002
13,2026-08-15,1,2026-08-22,wk inc covid hosp,quantile,0.05,162.27140860035496
15,2026-08-15,1,2026-08-22,wk inc covid hosp,quantile,0.05,29.83487282490956
16,2026-08-15,1,2026-08-22,wk inc covid hosp,quantile,0.05,56.3146659180193
17,2026-08-15,1,2026-08-22,wk inc covid hosp,quantile,0.05,142.92824603434508
18,2026-08-15,1,2026-08-22,wk inc covid hosp,quantile,0.05,104.89153584599622
19,2026-08-15,1,2026-08-22,wk inc covid hosp,quantile,0.05,42.21560853138968
20,2026-08-15,1,2026-08-22,wk inc covid hosp,quantile,0.05,74.15229214243038
21,2026-08-15,1,2026-08-22,wk inc covid hosp,quantile,0.05,85.17759247221967
22,2026-08-15,1,2026-08-22,wk inc covid hosp,quantile,0.05,82.34979639631506
23,2026-08-15,1,2026-08-22,wk inc covid hosp,quantile,0.05,41.331362048101745
24,2026-08-15,1,2026-08-22,wk inc covid hosp,quantile,0.05,92.92686138039342
25,2026-08-15,1,2026-08-22,wk inc covid hosp,quantile,0.05,209.96756180436327
26,2026-08-15,1,2026-08-22,wk inc covid hosp,quantile,0.05,127.8854629140187
27,2026-08-15,1,2026-08-22,wk inc covid hosp,quantile,0.05,60.611564511286325
28,2026-08-15,1,2026-08-22,wk inc covid hosp,quantile,0.05,83.31335522180949
29,2026-08-15,1,2026-08-22,wk inc covid hosp,quantile,0.05,101.45598859593805
30,2026-08-15,1,2026-08-22,wk inc covid hosp,quantile,0.05,24.479003967088406
31,2026-08-15,1,2026-08-22,wk inc covid hosp,quantile,0.05,28.477697730406792
32,2026-08-15,1,2026-08-22,wk inc covid hosp,quantile,0.05,40.37354715233299
33,2026-08-15,1,2026-08-22,wk inc covid hosp,quantile,0.05,78.04957504639563
34,2026-08-15,1,2026-08-22,wk inc covid hosp,quantile,0.05,84.44861265044607
35,2026-08-15,1,2026-08-22,wk inc covid hosp,quantile,0.05,189.3254954432732
36,2026-08-15,1,2026-08-22,wk inc covid hosp,quantile,0.05,488.9678562254937
37,2026-08-15,1,2026-08-22,wk inc covid hosp,quantile,0.05,154.8682310617112
38,2026-08-15,1,2026-08-22,wk inc covid hosp,quantile,0.05,65.76215449905214
39,2026-08-15,1,2026-08-22,wk inc covid hosp,quantile,0.05,148.07670798803323
40,2026-08-15,1,2026-08-22,wk inc covid hosp,quantile,0.05,84.1083756557308
41,2026-08-15,1,2026-08-22,wk inc covid hosp,quantile,0.05,108.54675141402504
42,2026-08-15,1,2026-08-22,wk inc covid hosp,quantile,0.05,155.4031144364869
44,2026-08-15,1,2026-08-22,wk inc covid hosp,quantile,0.05,34.0550182806963
45,2026-08-15,1,2026-08-22,wk inc covid hosp,quantile,0.05,55.16766176415597
46,2026-08-15,1,2026-08-22,wk inc covid hosp,quantile,0.05,38.91943648951593
47,2026-08-15,1,2026-08-22,wk inc covid hosp,quantile,0.05,307.0156457801022
48,2026-08-15,1,2026-08-22,wk inc covid hosp,quantile,0.05,317.2057083067021
49,2026-08-15,1,2026-08-22,wk inc covid hosp,quantile,0.05,20.935263685550677
50,2026-08-15,1,2026-08-22,wk inc covid hosp,quantile,0.05,19.32911608653592
51,2026-08-15,1,2026-08-22,wk inc covid hosp,quantile,0.05,155.4733918112878
53,2026-08-15,1,2026-08-22,wk inc covid hosp,quantile,0.05,61.59598158789494
54,2026-08-15,1,2026-08-22,wk inc covid hosp,quantile,0.05,68.41617034652486
55,2026-08-15,1,2026-08-22,wk inc covid hosp,quantile,0.05,91.36405940568244
56,2026-08-15,1,2026-08-22,wk inc covid hosp,quantile,0.05,4.734657905016266
72,2026-08-15,1,2026-08-22,wk inc covid hosp,quantile,0.05,2019.9462904923132
US,2026-08-15,1,2026-08-22,wk inc covid hosp,quantile,0.05,1438.8158078129636
01,2026-08-15,2,2026-08-29,wk inc covid hosp,quantile,0.05,85.41425473444902
02,2026-08-15,2,2026-08-29,wk inc covid hosp,quantile,0.05,12.236485887809247
04,2026-08-15,2,2026-08-29,wk inc covid hosp,quantile,0.05,110.70550233055806
05,2026-08-15,2,2026-08-29,wk inc covid hosp,quantile,0.05,263.65212491896085
06,2026-08-15,2,2026-08-29,wk inc covid hosp,quantile,0.05,518.3816867580941
08,2026-08-15,2,2026-08-29,wk inc covid hosp,quantile,0.05,94.70162924447438
09,2026-08-15,2,2026-08-29,wk inc covid hosp,quantile,0.05,57.53993928842805
10,2026-08-15,2,2026-08-29,wk inc covid hosp,quantile,0.05,15.705876108575918
11,2026-08-15,2,2026-08-29,wk inc covid hosp,quantile,0.05,246.1224067107671
12,2026-08-15,2,2026-08-29,wk inc covid hosp,quantile,0.05,502.3926439216564
13,2026-08-15,2,2026-08-29,wk inc covid hosp,quantile,0.05,171.42036239093508
15,2026-08-15,2,2026-08-29,wk inc covid hosp,quantile,0.05,27.847640429522958
16,2026-08-15,2,2026-08-29,wk inc covid hosp,quantile,0.05,54.34957079067735
17,2026-08-15,2,2026-08-29,wk inc covid hosp,quantile,0.05,150.23187983775762
18,2026-08-15,2,2026-08-29,wk inc covid hosp,quantile,0.05,112.7205573564544
19,2026-08-15,2,2026-08-29,wk inc covid hosp,quantile,0.05,43.3826534318971
20,2026-08-15,2,2026-08-29,wk inc covid hosp,quantile,0.05,74.2451559213667
21,2026-08-15,2,2026-08-29,wk inc covid hosp,quantile,0.05,87.54848293289278
22,2026-08-15,2,2026-08-29,wk inc covid hosp,quantile,0.05,81.43063666662073
23,2026-08-15,2,2026-08-29,wk inc covid hosp,quantile,0.05,41.48567005033639
24,2026-08-15,2,2026-08-29,wk inc covid hosp,quantile,0.05,98.7858345440002
25,2026-08-15,2,2026-08-29,wk inc covid hosp,quantile,0.05,222.52824095358585
26,2026-08-15,2,2026-08-29,wk inc covid hosp,quantile,0.05,133.34026308712725
27,2026-08-15,2,2026-08-29,wk inc covid hosp,quantile,0.05,64.60914224313079
28,2026-08-15,2,2026-08-29,wk inc covid hosp,quantile,0.05,80.22129395294223
29,2026-08-15,2,2026-08-29,wk inc covid hosp,quantile,0.05,112.57782403642524
30,2026-08-15,2,2026-08-29,wk inc covid hosp,quantile,0.05,22.194041312388638
31,2026-08-15,2,2026-08-29,wk inc covid hosp,quantile,0.05,29.2316805041641
32,2026-08-15,2,2026-08-29,wk inc covid hosp,quantile,0.05,39.500082208399306
33,2026-08-15,2,2026-08-29,wk inc covid hosp,quantile,0.05,80.95209169373337
34,2026-08-15,2,2026-08-29,wk inc covid hosp,quantile,0.05,88.12171411585182
35,2026-08-15,2,2026-08-29,wk inc covid hosp,quantile,0.05,181.35871595927256
36,2026-08-15,2,2026-08-29,wk inc covid hosp,quantile,0.05,530.8945567098611
37,2026-08-15,2,2026-08-29,wk inc covid hosp,quantile,0.05,156.31817732655057
38,2026-08-15,2,2026-08-29,wk inc covid hosp,quantile,0.05,65.0723991152978
39,2026-08-15,2,2026-08-29,wk inc covid hosp,quantile,0.05,160.68681126500644
40,2026-08-15,2,2026-08-29,wk inc covid hosp,quantile,0.05,86.77488177585954
41,2026-08-15,2,2026-08-29,wk inc covid hosp,quantile,0.05,115.56317228194489
42,2026-08-15,2,2026-08-29,wk inc covid hosp,quantile,0.05,164.5609187964877
44,2026-08-15,2,2026-08-29,wk inc covid hosp,quantile,0.05,32.39834834105689
45,2026-08-15,2,2026-08-29,wk inc covid hosp,quantile,0.05,53.12149755482384
46,2026-08-15,2,2026-08-29,wk inc covid hosp,quantile,0.05,35.57578858657313
47,2026-08-15,2,2026-08-29,wk inc covid hosp,quantile,0.05,315.9429738218113
48,2026-08-15,2,2026-08-29,wk inc covid hosp,quantile,0.05,307.40928089180636
49,2026-08-15,2,2026-08-29,wk inc covid hosp,quantile,0.05,20.662380089734626
50,2026-08-15,2,2026-08-29,wk inc covid hosp,quantile,0.05,13.870709410320613
51,2026-08-15,2,2026-08-29,wk inc covid hosp,quantile,0.05,164.22181581179012
53,2026-08-15,2,2026-08-29,wk inc covid hosp,quantile,0.05,62.09773981004722
54,2026-08-15,2,2026-08-29,wk inc covid hosp,quantile,0.05,67.18369427864853
55,2026-08-15,2,2026-08-29,wk inc covid hosp,quantile,0.05,97.60733989707133
56,2026-08-15,2,2026-08-29,wk inc covid hosp,quantile,0.05,2.3380878091886803
72,2026-08-15,2,2026-08-29,wk inc covid hosp,quantile,0.05,1836.633137336944
US,2026-08-15,2,2026-08-29,wk inc covid hosp,quantile,0.05,1503.6188037218888
01,2026-08-15,3,2026-09-05,wk inc covid hosp,quantile,0.05,84.52947783892294
02,2026-08-15,3,2026-09-05,wk inc covid hosp,quantile,0.05,9.041854319017629
04,2026-08-15,3,2026-09-05,wk inc covid hosp,quantile,0.05,106.47741415790722
05,2026-08-15,3,2026-09-05,wk inc covid hosp,quantile,0.05,266.4781092449917
06,2026-08-15,3,2026-09-05,wk inc covid hosp,quantile,0.05,514.8124739789254
08,2026-08-15,3,2026-09-05,wk inc covid hosp,quantile,0.05,94.18508278929451
09,2026-08-15,3,2026-09-05,wk inc covid hosp,quantile,0.05,51.62753711159683
10,2026-08-15,3,2026-09-05,wk inc covid hosp,quantile,0.05,14.96982267410282
11,2026-08-15,3,2026-09-05,wk inc covid hosp,quantile,0.05,230.24260736855243
12,2026-08-15,3,2026-09-05,wk inc covid hosp,quantile,0.05,450.17520874843194
13,2026-08-15,3,2026-09-05,wk inc covid hosp,quantile,0.05,169.37997163423407
15,2026-08-15,3,2026-09-05,wk inc covid hosp,quantile,0.05,24.749944773053137
16,2026-08-15,3,2026-09-05,wk inc covid hosp,quantile,0.05,51.693165756043285
17,2026-08-15,3,2026-09-05,wk inc covid hosp,quantile,0.05,151.81989244681637
18,2026-08-15,3,2026-09-05,wk inc covid hosp,quantile,0.05,109.79655116171965
19,2026-08-15,3,2026-09-05,wk inc covid hosp,quantile,0.05,41.62728015976348
20,2026-08-15,3,2026-09-05,wk inc covid hosp,quantile,0.05,73.86969576063164
21,2026-08-15,3,2026-09-05,wk inc covid hosp,quantile,0.05,85.26473224531647
22,2026-08-15,3,2026-09-05,wk inc covid hosp,quantile,0.05,73.29779701756557
23,2026-08-15,3,2026-09-05,wk inc covid hosp,quantile,0.05,39.02055183028638
24,2026-08-15,3,2026-09-05,wk inc covid hosp,quantile,0.05,98.17545141221449
25,2026-08-15,3,2026-09-05,wk inc covid hosp,quantile,0.05,222.28698394070406
26,2026-08-15,3,2026-09-05,wk inc covid hosp,quantile,0.05,127.8870869080916
27,2026-08-15,3,2026-09-05,wk inc covid hosp,quantile,0.05,64.80136357477042
28,2026-08-15,3,2026-09-05,wk inc covid hosp,quantile,0.05,74.25559549911425
29,2026-08-15,3,2026-09-05,wk inc covid hosp,quantile,0.05,114.39391404240244
30,2026-08-15,3,2026-09-05,wk inc covid hosp,quantile,0.05,20.380916173619887
31,2026-08-15,3,2026-09-05,wk inc covid hosp,quantile,0.05,28.19765137424512
32,2026-08-15,3,2026-09-05,wk inc covid hosp,quantile,0.05,38.299534812239116
33,2026-08-15,3,2026-09-05,wk inc covid hosp,quantile,0.05,73.90253049304863
34,2026-08-15,3,2026-09-05,wk inc covid hosp,quantile,0.05,84.06498420235637
35,2026-08-15,3,2026-09-05,wk inc covid hosp,quantile,0.05,180.22129663387756
36,2026-08-15,3,2026-09-05,wk inc covid hosp,quantile,0.05,538.5815271798459
37,2026-08-15,3,2026-09-05,wk inc covid hosp,quantile,0.05,155.831442891351
38,2026-08-15,3,2026-09-05,wk inc covid hosp,quantile,0.05,55.66920084809411
39,2026-08-15,3,2026-09-05,wk inc covid hosp,quantile,0.05,168.95455165856794
40,2026-08-15,3,2026-09-05,wk inc covid hosp,quantile,0.05,87.0462885759072
41,2026-08-15,3,2026-09-05,wk inc covid hosp,quantile,0.05,114.63775209120566
42,2026-08-15,3,2026-09-05,wk inc covid hosp,quantile,0.05,163.40096386454962
44,2026-08-15,3,2026-09-05,wk inc covid hosp,quantile,0.05,28.394336936559924
45,2026-08-15,3,2026-09-05,wk inc covid hosp,quantile,0.05,52.34383989032742
46,2026-08-15,3,2026-09-05,wk inc covid hosp,quantile,0.05,30.361845687201743
47,2026-08-15,3,2026-09-05,wk inc covid hosp,quantile,0.05,302.3539884347164
48,2026-08-15,3,2026-09-05,wk inc covid hosp,quantile,0.05,295.09986450700126
49,2026-08-15,3,2026-09-05,wk inc covid hosp,quantile,0.05,20.04873816943459
50,2026-08-15,3,2026-09-05,wk inc covid hosp,quantile,0.05,10.523904779588024
51,2026-08-15,3,2026-09-05,wk inc covid hosp,quantile,0.05,164.66909099033617
53,2026-08-15,3,2026-09-05,wk inc covid hosp,quantile,0.05,60.27286436837145
54,2026-08-15,3,2026-09-05,wk inc covid hosp,quantile,0.05,68.73850876399275
55,2026-08-15,3,2026-09-05,wk inc covid hosp,quantile,0.05,101.27255054556352
56,2026-08-15,3,2026-09-05,wk inc covid hosp,quantile,0.05,0.16469076287816722
72,2026-08-15,3,2026-09-05,wk inc covid hosp,quantile,0.05,1506.556663486975
US,2026-08-15,3,2026-09-05,wk inc covid hosp,quantile,0.05,1547.870741548956
01,2026-08-15,0,2026-08-15,wk inc covid hosp,quantile,0.1,88.06192748910831
02,2026-08-15,0,2026-08-15,wk inc covid hosp,quantile,0.1,27.308627635695352
04,2026-08-15,0,2026-08-15,wk inc covid hosp,quantile,0.1,106.21812061589917
05,2026-08-15,0,2026-08-15,wk inc covid hosp,quantile,0.1,290.035603307673
06,2026-08-15,0,2026-08-15,wk inc covid hosp,quantile,0.1,482.82664079733536
08,2026-08-15,0,2026-08-15,wk inc covid hosp,quantile,0.1,91.00677674355225
09,2026-08-15,0,2026-08-15,wk inc covid hosp,quantile,0.1,58.23034694285495
10,2026-08-15,0,2026-08-15,wk inc covid hosp,quantile,0.1,16.91562218337757
11,2026-08-15,0,2026-08-15,wk inc covid hosp,quantile,0.1,292.6246467106144
12,2026-08-15,0,2026-08-15,wk inc covid hosp,quantile,0.1,591.819712037453
13,2026-08-15,0,2026-08-15,wk inc covid hosp,quantile,0.1,160.50540242528797
15,2026-08-15,0,2026-08-15,wk inc covid hosp,quantile,0.1,34.29308498975307
16,2026-08-15,0,2026-08-15,wk inc covid hosp,quantile,0.1,62.33443962957467
17,2026-08-15,0,2026-08-15,wk inc covid hosp,quantile,0.1,139.86549667985182
18,2026-08-15,0,2026-08-15,wk inc covid hosp,quantile,0.1,105.01793238615399
19,2026-08-15,0,2026-08-15,wk inc covid hosp,quantile,0.1,43.666299683028626
20,2026-08-15,0,2026-08-15,wk inc covid hosp,quantile,0.1,77.35560169473239
21,2026-08-15,0,2026-08-15,wk inc covid hosp,quantile,0.1,87.99636738229641
22,2026-08-15,0,2026-08-15,wk inc covid hosp,quantile,0.1,92.83014646277036
23,2026-08-15,0,2026-08-15,wk inc covid hosp,quantile,0.1,48.36739008552986
24,2026-08-15,0,2026-08-15,wk inc covid hosp,quantile,0.1,94.32092066273403
25,2026-08-15,0,2026-08-15,wk inc covid hosp,quantile,0.1,198.36396456019375
26,2026-08-15,0,2026-08-15,wk inc covid hosp,quantile,0.1,130.17585234946756
27,2026-08-15,0,2026-08-15,wk inc covid hosp,quantile,0.1,60.498888795210334
28,2026-08-15,0,2026-08-15,wk inc covid hosp,quantile,0.1,92.23994468997948
29,2026-08-15,0,2026-08-15,wk inc covid hosp,quantile,0.1,98.10265695716132
30,2026-08-15,0,2026-08-15,wk inc covid hosp,quantile,0.1,27.43139663129982
31,2026-08-15,0,2026-08-15,wk inc covid hosp,quantile,0.1,31.018114852625132
32,2026-08-15,0,2026-08-15,wk inc covid hosp,quantile,0.1,42.915920097664994
33,2026-08-15,0,2026-08-15,wk inc covid hosp,quantile,0.1,88.65369939345369
34,2026-08-15,0,2026-08-15,wk inc covid hosp,quantile,0.1,90.95352546942823
35,2026-08-15,0,2026-08-15,wk inc covid hosp,quantile,0.1,195.42236114574848
36,2026-08-15,0,2026-08-15,wk inc covid hosp,quantile,0.1,459.0481875486999
37,2026-08-15,0,2026-08-15,wk inc covid hosp,quantile,0.1,151.62915727281677
38,2026-08-15,0,2026-08-15,wk inc covid hosp,quantile,0.1,84.90573200072042
39,2026-08-15,0,2026-08-15,wk inc covid hosp,quantile,0.1,148.41203932157705
40,2026-08-15,0,2026-08-15,wk inc covid hosp,quantile,0.1,83.85126343001193
41,2026-08-15,0,2026-08-15,wk inc covid hosp,quantile,0.1,115.77517690237045
42,2026-08-15,0,2026-08-15,wk inc covid hosp,quantile,0.1,156.89295601491528
44,2026-08-15,0,2026-08-15,wk inc covid hosp,quantile,0.1,41.94314354265527
45,2026-08-15,0,2026-08-15,wk inc covid hosp,quantile,0.1,57.45467695608977
46,2026-08-15,0,2026-08-15,wk inc covid hosp,quantile,0.1,46.50100676539679
47,2026-08-15,0,2026-08-15,wk inc covid hosp,quantile,0.1,327.30280280302753
48,2026-08-15,0,2026-08-15,wk inc covid hosp,quantile,0.1,344.1966077384666
49,2026-08-15,0,2026-08-15,wk inc covid hosp,quantile,0.1,23.133304798963707
50,2026-08-15,0,2026-08-15,wk inc covid hosp,quantile,0.1,31.390473247864325
51,2026-08-15,0,2026-08-15,wk inc covid hosp,quantile,0.1,150.899431814301
53,2026-08-15,0,2026-08-15,wk inc covid hosp,quantile,0.1,62.165250821897146
54,2026-08-15,0,2026-08-15,wk inc covid hosp,quantile,0.1,70.97091569954237
55,2026-08-15,0,2026-08-15,wk inc covid hosp,quantile,0.1,89.43668309810964
56,2026-08-15,0,2026-08-15,wk inc covid hosp,quantile,0.1,9.957477922833402
72,2026-08-15,0,2026-08-15,wk inc covid hosp,quantile,0.1,2807.6319052374733
US,2026-08-15,0,2026-08-15,wk inc covid hosp,quantile,0.1,1604.6213667604368
01,2026-08-15,1,2026-08-22,wk inc covid hosp,quantile,0.1,97.31779445236494
02,2026-08-15,1,2026-08-22,wk inc covid hosp,quantile,0.1,23.548301272137547
04,2026-08-15,1,2026-08-22,wk inc covid hosp,quantile,0.1,120.36794062075278
05,2026-08-15,1,2026-08-22,wk inc covid hosp,quantile,0.1,313.60347355107984
06,2026-08-15,1,2026-08-22,wk inc covid hosp,quantile,0.1,531.2492450631011
08,2026-08-15,1,2026-08-22,wk inc covid hosp,quantile,0.1,101.44381600947429
09,2026-08-15,1,2026-08-22,wk inc covid hosp,quantile,0.1,65.91677358109946
10,2026-08-15,1,2026-08-22,wk inc covid hosp,quantile,0.1,18.726891230754205
11,2026-08-15,1,2026-08-22,wk inc covid hosp,quantile,0.1,309.42909548796257
12,2026-08-15,1,2026-08-22,wk inc covid hosp,quantile,0.1,603.3984302742739
13,2026-08-15,1,2026-08-22,wk inc covid hosp,quantile,0.1,181.48037542156777
15,2026-08-15,1,2026-08-22,wk inc covid hosp,quantile,0.1,34.502440078537276
16,2026-08-15,1,2026-08-22,wk inc covid hosp,quantile,0.1,69.634858832018
17,2026-08-15,1,2026-08-22,wk inc covid hosp,quantile,0.1,162.82259409866293
18,2026-08-15,1,2026-08-22,wk inc covid hosp,quantile,0.1,122.60884001460187
19,2026-08-15,1,2026-08-22,wk inc covid hosp,quantile,0.1,49.20552534681752
20,2026-08-15,1,2026-08-22,wk inc covid hosp,quantile,0.1,86.10525213939306
21,2026-08-15,1,2026-08-22,wk inc covid hosp,quantile,0.1,98.88304340969857
22,2026-08-15,1,2026-08-22,wk inc covid hosp,quantile,0.1,94.06593194193093
23,2026-08-15,1,2026-08-22,wk inc covid hosp,quantile,0.1,52.41469043489054
24,2026-08-15,1,2026-08-22,wk inc covid hosp,quantile,0.1,108.40111822540437
25,2026-08-15,1,2026-08-22,wk inc covid hosp,quantile,0.1,233.73324917206202
26,2026-08-15,1,2026-08-22,wk inc covid hosp,quantile,0.1,149.64866961854725
27,2026-08-15,1,2026-08-22,wk inc covid hosp,quantile,0.1,69.41281506825668
28,2026-08-15,1,2026-08-22,wk inc covid hosp,quantile,0.1,96.1531030545079
29,2026-08-15,1,2026-08-22,wk inc covid hosp,quantile,0.1,115.65793969302916
30,2026-08-15,1,2026-08-22,wk inc covid hosp,quantile,0.1,28.97884237821161
31,2026-08-15,1,2026-08-22,wk inc covid hosp,quantile,0.1,34.491186782819135
32,2026-08-15,1,2026-08-22,wk inc covid hosp,quantile,0.1,45.91253059098969
33,2026-08-15,1,2026-08-22,wk inc covid hosp,quantile,0.1,97.65742282865496
34,2026-08-15,1,2026-08-22,wk inc covid hosp,quantile,0.1,100.68453944512272
35,2026-08-15,1,2026-08-22,wk inc covid hosp,quantile,0.1,221.69774228022135
36,2026-08-15,1,2026-08-22,wk inc covid hosp,quantile,0.1,535.5482761807637
37,2026-08-15,1,2026-08-22,wk inc covid hosp,quantile,0.1,170.07146297538776
38,2026-08-15,1,2026-08-22,wk inc covid hosp,quantile,0.1,87.05342014273906
39,2026-08-15,1,2026-08-22,wk inc covid hosp,quantile,0.1,170.63203751040388
40,2026-08-15,1,2026-08-22,wk inc covid hosp,quantile,0.1,96.0883011049389
41,2026-08-15,1,2026-08-22,wk inc covid hosp,quantile,0.1,129.3492241094233
42,2026-08-15,1,2026-08-22,wk inc covid hosp,quantile,0.1,179.32348765616172
44,2026-08-15,1,2026-08-22,wk inc covid hosp,quantile,0.1,43.287116910773285
45,2026-08-15,1,2026-08-22,wk inc covid hosp,quantile,0.1,62.44767864734875
46,2026-08-15,1,2026-08-22,wk inc covid hosp,quantile,0.1,49.39581253001204
47,2026-08-15,1,2026-08-22,wk inc covid hosp,quantile,0.1,349.4635145671541
48,2026-08-15,1,2026-08-22,wk inc covid hosp,quantile,0.1,359.09455951376157
49,2026-08-15,1,2026-08-22,wk inc covid hosp,quantile,0.1,24.796732571385206
50,2026-08-15,1,2026-08-22,wk inc covid hosp,quantile,0.1,30.041122726188
51,2026-08-15,1,2026-08-22,wk inc covid hosp,quantile,0.1,174.7073340888809
53,2026-08-15,1,2026-08-22,wk inc covid hosp,quantile,0.1,68.34833771141653
54,2026-08-15,1,2026-08-22,wk inc covid hosp,quantile,0.1,80.57715676302236
55,2026-08-15,1,2026-08-22,wk inc covid hosp,quantile,0.1,104.52819907875488
56,2026-08-15,1,2026-08-22,wk inc covid hosp,quantile,0.1,8.996194962252229
72,2026-08-15,1,2026-08-22,wk inc covid hosp,quantile,0.1,2602.4227655202276
US,2026-08-15,1,2026-08-22,wk inc covid hosp,quantile,0.1,1679.8947159743263
01,2026-08-15,2,2026-08-29,wk inc covid hosp,quantile,0.1,99.04053219870747
02,2026-08-15,2,2026-08-29,wk inc covid hosp,quantile,0.1,21.234984924788648
04,2026-08-15,2,2026-08-29,wk inc covid hosp,quantile,0.1,127.92441847425394
05,2026-08-15,2,2026-08-29,wk inc covid hosp,quantile,0.1,334.52993131173486
06,2026-08-15,2,2026-08-29,wk inc covid hosp,quantile,0.1,567.7103994588398
08,2026-08-15,2,2026-08-29,wk inc covid hosp,quantile,0.1,110.65556859674327
09,2026-08-15,2,2026-08-29,wk inc covid hosp,quantile,0.1,70.09944483063688
10,2026-08-15,2,2026-08-29,wk inc covid hosp,quantile,0.1,20.330775808027642
11,2026-08-15,2,2026-08-29,wk inc covid hosp,quantile,0.1,319.65220825712777
12,2026-08-15,2,2026-08-29,wk inc covid hosp,quantile,0.1,604.1122027930229
13,2026-08-15,2,2026-08-29,wk inc covid hosp,quantile,0.1,194.54060702519905
15,2026-08-15,2,2026-08-29,wk inc covid hosp,quantile,0.1,34.46709294694721
16,2026-08-15,2,2026-08-29,wk inc covid hosp,quantile,0.1,69.19988202154595
17,2026-08-15,2,2026-08-29,wk inc covid hosp,quantile,0.1,175.477886412139
18,2026-08-15,2,2026-08-29,wk inc covid hosp,quantile,0.1,130.2753754166479
19,2026-08-15,2,2026-08-29,wk inc covid hosp,quantile,0.1,52.38752925670545
20,2026-08-15,2,2026-08-29,wk inc covid hosp,quantile,0.1,90.0214462748362
21,2026-08-15,2,2026-08-29,wk inc covid hosp,quantile,0.1,108.4635016247442
22,2026-08-15,2,2026-08-29,wk inc covid hosp,quantile,0.1,98.63598377183604
23,2026-08-15,2,2026-08-29,wk inc covid hosp,quantile,0.1,54.798146554714066
24,2026-08-15,2,2026-08-29,wk inc covid hosp,quantile,0.1,118.03179031727767
25,2026-08-15,2,2026-08-29,wk inc covid hosp,quantile,0.1,256.3206790800999
26,2026-08-15,2,2026-08-29,wk inc covid hosp,quantile,0.1,163.7524644109356
27,2026-08-15,2,2026-08-29,wk inc covid hosp,quantile,0.1,75.55762289466634
28,2026-08-15,2,2026-08-29,wk inc covid hosp,quantile,0.1,95.54088085271202
29,2026-08-15,2,2026-08-29,wk inc covid hosp,quantile,0.1,129.42824877740304
30,2026-08-15,2,2026-08-29,wk inc covid hosp,quantile,0.1,29.982204668518012
31,2026-08-15,2,2026-08-29,wk inc covid hosp,quantile,0.1,38.00331170753778
32,2026-08-15,2,2026-08-29,wk inc covid hosp,quantile,0.1,46.43339782651111
33,2026-08-15,2,2026-08-29,wk inc covid hosp,quantile,0.1,103.60612179089766
34,2026-08-15,2,2026-08-29,wk inc covid hosp,quantile,0.1,107.52768983379336
35,2026-08-15,2,2026-08-29,wk inc covid hosp,quantile,0.1,226.67459632010107
36,2026-08-15,2,2026-08-29,wk inc covid hosp,quantile,0.1,593.6008937952163
37,2026-08-15,2,2026-08-29,wk inc covid hosp,quantile,0.1,179.31440972291145
38,2026-08-15,2,2026-08-29,wk inc covid hosp,quantile,0.1,95.19404687339295
39,2026-08-15,2,2026-08-29,wk inc covid hosp,quantile,0.1,187.37535565628798
40,2026-08-15,2,2026-08-29,wk inc covid hosp,quantile,0.1,104.95855428113737
41,2026-08-15,2,2026-08-29,wk inc covid hosp,quantile,0.1,135.633529425279
42,2026-08-15,2,2026-08-29,wk inc covid hosp,quantile,0.1,197.34758129099805
44,2026-08-15,2,2026-08-29,wk inc covid hosp,quantile,0.1,44.09590893628223
45,2026-08-15,2,2026-08-29,wk inc covid hosp,quantile,0.1,63.40886720546959
46,2026-08-15,2,2026-08-29,wk inc covid hosp,quantile,0.1,50.62025795551119
47,2026-08-15,2,2026-08-29,wk inc covid hosp,quantile,0.1,366.17941725854723
48,2026-08-15,2,2026-08-29,wk inc covid hosp,quantile,0.1,365.7909102882463
49,2026-08-15,2,2026-08-29,wk inc covid hosp,quantile,0.1,26.598563001693414
50,2026-08-15,2,2026-08-29,wk inc covid hosp,quantile,0.1,27.233164822436375
51,2026-08-15,2,2026-08-29,wk inc covid hosp,quantile,0.1,189.1188025802169
53,2026-08-15,2,2026-08-29,wk inc covid hosp,quantile,0.1,71.62815266950936
54,2026-08-15,2,2026-08-29,wk inc covid hosp,quantile,0.1,84.16322895937016
55,2026-08-15,2,2026-08-29,wk inc covid hosp,quantile,0.1,113.0576783127577
56,2026-08-15,2,2026-08-29,wk inc covid hosp,quantile,0.1,8.14175074030832
72,2026-08-15,2,2026-08-29,wk inc covid hosp,quantile,0.1,2395.680986257095
US,2026-08-15,2,2026-08-29,wk inc covid hosp,quantile,0.1,1800.1542894468232
01,2026-08-15,3,2026-09-05,wk inc covid hosp,quantile,0.1,100.15184769840677
02,2026-08-15,3,2026-09-05,wk inc covid hosp,quantile,0.1,19.355818611742006
04,2026-08-15,3,2026-09-05,wk inc covid hosp,quantile,0.1,128.26478997187397
05,2026-08-15,3,2026-09-05,wk inc covid hosp,quantile,0.1,338.0194067213455
06,2026-08-15,3,2026-09-05,wk inc covid hosp,quantile,0.1,577.2803927509818
08,2026-08-15,3,2026-09-05,wk inc covid hosp,quantile,0.1,113.44134359800849
09,2026-08-15,3,2026-09-05,wk inc covid hosp,quantile,0.1,65.64741496235091
10,2026-08-15,3,2026-09-05,wk inc covid hosp,quantile,0.1,20.350586268602274
11,2026-08-15,3,2026-09-05,wk inc covid hosp,quantile,0.1,313.5446892372167
12,2026-08-15,3,2026-09-05,wk inc covid hosp,quantile,0.1,564.0543531577359
13,2026-08-15,3,2026-09-05,wk inc covid hosp,quantile,0.1,196.45291892301847
15,2026-08-15,3,2026-09-05,wk inc covid hosp,quantile,0.1,32.72875934106418
16,2026-08-15,3,2026-09-05,wk inc covid hosp,quantile,0.1,71.51554202518736
17,2026-08-15,3,2026-09-05,wk inc covid hosp,quantile,0.1,185.32833511842531
18,2026-08-15,3,2026-09-05,wk inc covid hosp,quantile,0.1,134.35383666015815
19,2026-08-15,3,2026-09-05,wk inc covid hosp,quantile,0.1,54.310027822115586
20,2026-08-15,3,2026-09-05,wk inc covid hosp,quantile,0.1,91.95206461515173
21,2026-08-15,3,2026-09-05,wk inc covid hosp,quantile,0.1,108.6669407987774
22,2026-08-15,3,2026-09-05,wk inc covid hosp,quantile,0.1,90.22431652737288
23,2026-08-15,3,2026-09-05,wk inc covid hosp,quantile,0.1,53.998715881289456
24,2026-08-15,3,2026-09-05,wk inc covid hosp,quantile,0.1,119.11763123550017
25,2026-08-15,3,2026-09-05,wk inc covid hosp,quantile,0.1,270.59816617921115
26,2026-08-15,3,2026-09-05,wk inc covid hosp,quantile,0.1,168.94841287931322
27,2026-08-15,3,2026-09-05,wk inc covid hosp,quantile,0.1,79.35981832754048
28,2026-08-15,3,2026-09-05,wk inc covid hosp,quantile,0.1,92.24919550946134
29,2026-08-15,3,2026-09-05,wk inc covid hosp,quantile,0.1,134.39488892458598
30,2026-08-15,3,2026-09-05,wk inc covid hosp,quantile,0.1,30.177404303054473
31,2026-08-15,3,2026-09-05,wk inc covid hosp,quantile,0.1,38.00778981509119
32,2026-08-15,3,2026-09-05,wk inc covid hosp,quantile,0.1,46.270222155147046
33,2026-08-15,3,2026-09-05,wk inc covid hosp,quantile,0.1,95.78471175556517
34,2026-08-15,3,2026-09-05,wk inc covid hosp,quantile,0.1,107.3124854949179
35,2026-08-15,3,2026-09-05,wk inc covid hosp,quantile,0.1,221.01415632318773
36,2026-08-15,3,2026-09-05,wk inc covid hosp,quantile,0.1,617.52259746501
37,2026-08-15,3,2026-09-05,wk inc covid hosp,quantile,0.1,183.84807349443142
38,2026-08-15,3,2026-09-05,wk inc covid hosp,quantile,0.1,83.62499508971135
39,2026-08-15,3,2026-09-05,wk inc covid hosp,quantile,0.1,201.5255835577756
40,2026-08-15,3,2026-09-05,wk inc covid hosp,quantile,0.1,108.97526630119049
41,2026-08-15,3,2026-09-05,wk inc covid hosp,quantile,0.1,140.3854684371029
42,2026-08-15,3,2026-09-05,wk inc covid hosp,quantile,0.1,201.12582799779148
44,2026-08-15,3,2026-09-05,wk inc covid hosp,quantile,0.1,41.89701372358449
45,2026-08-15,3,2026-09-05,wk inc covid hosp,quantile,0.1,65.394397094263
46,2026-08-15,3,2026-09-05,wk inc covid hosp,quantile,0.1,47.762173753189444
47,2026-08-15,3,2026-09-05,wk inc covid hosp,quantile,0.1,363.98573558491336
48,2026-08-15,3,2026-09-05,wk inc covid hosp,quantile,0.1,356.51305341562085
49,2026-08-15,3,2026-09-05,wk inc covid hosp,quantile,0.1,25.498087862043818
50,2026-08-15,3,2026-09-05,wk inc covid hosp,quantile,0.1,25.76345872156932
51,2026-08-15,3,2026-09-05,wk inc covid hosp,quantile,0.1,193.8785638816731
53,2026-08-15,3,2026-09-05,wk inc covid hosp,quantile,0.1,71.88559529895718
54,2026-08-15,3,2026-09-05,wk inc covid hosp,quantile,0.1,89.20523922326585
55,2026-08-15,3,2026-09-05,wk inc covid hosp,quantile,0.1,119.62136311075136
56,2026-08-15,3,2026-09-05,wk inc covid hosp,quantile,0.1,6.2778357587390285
72,2026-08-15,3,2026-09-05,wk inc covid hosp,quantile,0.1,2186.17251990664
US,2026-08-15,3,2026-09-05,wk inc covid hosp,quantile,0.1,1882.3922193808658
01,2026-08-15,0,2026-08-15,wk inc covid hosp,quantile,0.15,93.5526990212778
02,2026-08-15,0,2026-08-15,wk inc covid hosp,quantile,0.15,32.24084263485992
04,2026-08-15,0,2026-08-15,wk inc covid hosp,quantile,0.15,115.27723526281481
05,2026-08-15,0,2026-08-15,wk inc covid hosp,quantile,0.15,314.3328158299273
06,2026-08-15,0,2026-08-15,wk inc covid hosp,quantile,0.15,499.701908071477
08,2026-08-15,0,2026-08-15,wk inc covid hosp,quantile,0.15,96.31266547578323
09,2026-08-15,0,2026-08-15,wk inc covid hosp,quantile,0.15,63.59144505457263
10,2026-08-15,0,2026-08-15,wk inc covid hosp,quantile,0.15,18.358996270077007
11,2026-08-15,0,2026-08-15,wk inc covid hosp,quantile,0.15,324.62790881941726
12,2026-08-15,0,2026-08-15,wk inc covid hosp,quantile,0.15,628.3149870943759
13,2026-08-15,0,2026-08-15,wk inc covid hosp,quantile,0.15,167.61298122162472
15,2026-08-15,0,2026-08-15,wk inc covid hosp,quantile,0.15,37.256628523315925
16,2026-08-15,0,2026-08-15,wk inc covid hosp,quantile,0.15,70.73077317890814
17,2026-08-15,0,2026-08-15,wk inc covid hosp,quantile,0.15,148.2020387261733
18,2026-08-15,0,2026-08-15,wk inc covid hosp,quantile,0.15,111.56065901605129
19,2026-08-15,0,2026-08-15,wk inc covid hosp,quantile,0.15,47.52426130168913
20,2026-08-15,0,2026-08-15,wk inc covid hosp,quantile,0.15,84.33822593002603
21,2026-08-15,0,2026-08-15,wk inc covid hosp,quantile,0.15,94.57394214546791
22,2026-08-15,0,2026-08-15,wk inc covid hosp,quantile,0.15,98.51038557988784
23,2026-08-15,0,2026-08-15,wk inc covid hosp,quantile,0.15,53.087567030838876
24,2026-08-15,0,2026-08-15,wk inc covid hosp,quantile,0.15,100.90210136675577
25,2026-08-15,0,2026-08-15,wk inc covid hosp,quantile,0.15,209.9292158508353
26,2026-08-15,0,2026-08-15,wk inc covid hosp,quantile,0.15,142.0008724164634
27,2026-08-15,0,2026-08-15,wk inc covid hosp,quantile,0.15,64.86574998364839
28,2026-08-15,0,2026-08-15,wk inc covid hosp,quantile,0.15,99.72902514053582
29,2026-08-15,0,2026-08-15,wk inc covid hosp,quantile,0.15,104.24089623922035
30,2026-08-15,0,2026-08-15,wk inc covid hosp,quantile,0.15,30.62591440434508
31,2026-08-15,0,2026-08-15,wk inc covid hosp,quantile,0.15,34.71946708711867
32,2026-08-15,0,2026-08-15,wk inc covid hosp,quantile,0.15,45.393328890674056
33,2026-08-15,0,2026-08-15,wk inc covid hosp,quantile,0.15,97.14688820537891
34,2026-08-15,0,2026-08-15,wk inc covid hosp,quantile,0.15,97.86064197008751
35,2026-08-15,0,2026-08-15,wk inc covid hosp,quantile,0.15,213.03753076286287
36,2026-08-15,0,2026-08-15,wk inc covid hosp,quantile,0.15,482.4725552592861
37,2026-08-15,0,2026-08-15,wk inc covid hosp,quantile,0.15,159.09536858292537
38,2026-08-15,0,2026-08-15,wk inc covid hosp,quantile,0.15,95.6310384103109
39,2026-08-15,0,2026-08-15,wk inc covid hosp,quantile,0.15,157.03257540291102
40,2026-08-15,0,2026-08-15,wk inc covid hosp,quantile,0.15,89.44154321846763
41,2026-08-15,0,2026-08-15,wk inc covid hosp,quantile,0.15,122.56524818319801
42,2026-08-15,0,2026-08-15,wk inc covid hosp,quantile,0.15,170.13174745521806
44,2026-08-15,0,2026-08-15,wk inc covid hosp,quantile,0.15,46.97038276072623
45,2026-08-15,0,2026-08-15,wk inc covid hosp,quantile,0.15,60.661471417762755
46,2026-08-15,0,2026-08-15,wk inc covid hosp,quantile,0.15,53.235807178583045
47,2026-08-15,0,2026-08-15,wk inc covid hosp,quantile,0.15,348.2376438350766
48,2026-08-15,0,2026-08-15,wk inc covid hosp,quantile,0.15,363.5199304412649
49,2026-08-15,0,2026-08-15,wk inc covid hosp,quantile,0.15,25.013060294603907
50,2026-08-15,0,2026-08-15,wk inc covid hosp,quantile,0.15,38.24975216875152
51,2026-08-15,0,2026-08-15,wk inc covid hosp,quantile,0.15,159.67436941545472
53,2026-08-15,0,2026-08-15,wk inc covid hosp,quantile,0.15,65.38788414081878
54,2026-08-15,0,2026-08-15,wk inc covid hosp,quantile,0.15,75.96119613248217
55,2026-08-15,0,2026-08-15,wk inc covid hosp,quantile,0.15,95.1246051322817
56,2026-08-15,0,2026-08-15,wk inc covid hosp,quantile,0.15,12.785933867696903
72,2026-08-15,0,2026-08-15,wk inc covid hosp,quantile,0.15,3101.7808637523453
US,2026-08-15,0,2026-08-15,wk inc covid hosp,quantile,0.15,1710.172038087149
01,2026-08-15,1,2026-08-22,wk inc covid hosp,quantile,0.15,103.45537513799829
02,2026-08-15,1,2026-08-22,wk inc covid hosp,quantile,0.15,30.96578101552178
04,2026-08-15,1,2026-08-22,wk inc covid hosp,quantile,0.15,132.29093987231326
05,2026-08-15,1,2026-08-22,wk inc covid hosp,quantile,0.15,352.04883718417034
06,2026-08-15,1,2026-08-22,wk inc covid hosp,quantile,0.15,560.2147504155998
08,2026-08-15,1,2026-08-22,wk inc covid hosp,quantile,0.15,109.66817974852874
09,2026-08-15,1,2026-08-22,wk inc covid hosp,quantile,0.15,72.71325578303284
10,2026-08-15,1,2026-08-22,wk inc covid hosp,quantile,0.15,21.32996847239515
11,2026-08-15,1,2026-08-22,wk inc covid hosp,quantile,0.15,355.30501565053885
12,2026-08-15,1,2026-08-22,wk inc covid hosp,quantile,0.15,655.5359162202271
13,2026-08-15,1,2026-08-22,wk inc covid hosp,quantile,0.15,193.3907128438531
15,2026-08-15,1,2026-08-22,wk inc covid hosp,quantile,0.15,39.36004626864774
16,2026-08-15,1,2026-08-22,wk inc covid hosp,quantile,0.15,79.97478449766226
17,2026-08-15,1,2026-08-22,wk inc covid hosp,quantile,0.15,174.43057986978482
18,2026-08-15,1,2026-08-22,wk inc covid hosp,quantile,0.15,130.88146609527496
19,2026-08-15,1,2026-08-22,wk inc covid hosp,quantile,0.15,54.59637585841691
20,2026-08-15,1,2026-08-22,wk inc covid hosp,quantile,0.15,96.39722356290724
21,2026-08-15,1,2026-08-22,wk inc covid hosp,quantile,0.15,110.0047815551265
22,2026-08-15,1,2026-08-22,wk inc covid hosp,quantile,0.15,102.55043075067755
23,2026-08-15,1,2026-08-22,wk inc covid hosp,quantile,0.15,61.09508203488442
24,2026-08-15,1,2026-08-22,wk inc covid hosp,quantile,0.15,118.72775122551343
25,2026-08-15,1,2026-08-22,wk inc covid hosp,quantile,0.15,249.36577674473173
26,2026-08-15,1,2026-08-22,wk inc covid hosp,quantile,0.15,169.03206691882878
27,2026-08-15,1,2026-08-22,wk inc covid hosp,quantile,0.15,75.07911478188333
28,2026-08-15,1,2026-08-22,wk inc covid hosp,quantile,0.15,105.91179181176338
29,2026-08-15,1,2026-08-22,wk inc covid hosp,quantile,0.15,124.88980508347075
30,2026-08-15,1,2026-08-22,wk inc covid hosp,quantile,0.15,33.58590159157832
31,2026-08-15,1,2026-08-22,wk inc covid hosp,quantile,0.15,39.44775899741194
32,2026-08-15,1,2026-08-22,wk inc covid hosp,quantile,0.15,49.482638019037054
33,2026-08-15,1,2026-08-22,wk inc covid hosp,quantile,0.15,108.68646926007717
34,2026-08-15,1,2026-08-22,wk inc covid hosp,quantile,0.15,111.15803042767342
35,2026-08-15,1,2026-08-22,wk inc covid hosp,quantile,0.15,245.95135723691038
36,2026-08-15,1,2026-08-22,wk inc covid hosp,quantile,0.15,570.652015656546
37,2026-08-15,1,2026-08-22,wk inc covid hosp,quantile,0.15,180.80833607057784
38,2026-08-15,1,2026-08-22,wk inc covid hosp,quantile,0.15,103.12039652398872
39,2026-08-15,1,2026-08-22,wk inc covid hosp,quantile,0.15,185.16297956251543
40,2026-08-15,1,2026-08-22,wk inc covid hosp,quantile,0.15,104.5253717190469
41,2026-08-15,1,2026-08-22,wk inc covid hosp,quantile,0.15,141.4063613539448
42,2026-08-15,1,2026-08-22,wk inc covid hosp,quantile,0.15,197.48991043394082
44,2026-08-15,1,2026-08-22,wk inc covid hosp,quantile,0.15,50.5237644508455
45,2026-08-15,1,2026-08-22,wk inc covid hosp,quantile,0.15,68.72077107149153
46,2026-08-15,1,2026-08-22,wk inc covid hosp,quantile,0.15,59.58918498288794
47,2026-08-15,1,2026-08-22,wk inc covid hosp,quantile,0.15,384.1824847652604
48,2026-08-15,1,2026-08-22,wk inc covid hosp,quantile,0.15,386.1304074833262
49,2026-08-15,1,2026-08-22,wk inc covid hosp,quantile,0.15,28.137876892461513
50,2026-08-15,1,2026-08-22,wk inc covid hosp,quantile,0.15,39.17042308666363
51,2026-08-15,1,2026-08-22,wk inc covid hosp,quantile,0.15,188.70351637238957
53,2026-08-15,1,2026-08-22,wk inc covid hosp,quantile,0.15,73.69772080055515
54,2026-08-15,1,2026-08-22,wk inc covid hosp,quantile,0.15,89.13338505229734
55,2026-08-15,1,2026-08-22,wk inc covid hosp,quantile,0.15,113.38137437302157
56,2026-08-15,1,2026-08-22,wk inc covid hosp,quantile,0.15,13.030062773770396
72,2026-08-15,1,2026-08-22,wk inc covid hosp,quantile,0.15,2949.6113429144793
US,2026-08-15,1,2026-08-22,wk inc covid hosp,quantile,0.15,1817.877905470375
01,2026-08-15,2,2026-08-29,wk inc covid hosp,quantile,0.15,107.89824807712517
02,2026-08-15,2,2026-08-29,wk inc covid hosp,quantile,0.15,30.433269840752786
04,2026-08-15,2,2026-08-29,wk inc covid hosp,quantile,0.15,140.5426179462783
05,2026-08-15,2,2026-08-29,wk inc covid hosp,quantile,0.15,384.9524301318957
06,2026-08-15,2,2026-08-29,wk inc covid hosp,quantile,0.15,602.8805357789809
08,2026-08-15,2,2026-08-29,wk inc covid hosp,quantile,0.15,123.65428217036009
09,2026-08-15,2,2026-08-29,wk inc covid hosp,quantile,0.15,78.69971704278241
10,2026-08-15,2,2026-08-29,wk inc covid hosp,quantile,0.15,23.541463761186606
11,2026-08-15,2,2026-08-29,wk inc covid hosp,quantile,0.15,383.59964798651373
12,2026-08-15,2,2026-08-29,wk inc covid hosp,quantile,0.15,672.8191650090225
13,2026-08-15,2,2026-08-29,wk inc covid hosp,quantile,0.15,209.40932919591367
15,2026-08-15,2,2026-08-29,wk inc covid hosp,quantile,0.15,40.46398304979366
16,2026-08-15,2,2026-08-29,wk inc covid hosp,quantile,0.15,80.7802215941227
17,2026-08-15,2,2026-08-29,wk inc covid hosp,quantile,0.15,194.72655688416376
18,2026-08-15,2,2026-08-29,wk inc covid hosp,quantile,0.15,144.57862340162495
19,2026-08-15,2,2026-08-29,wk inc covid hosp,quantile,0.15,59.31846815882013
20,2026-08-15,2,2026-08-29,wk inc covid hosp,quantile,0.15,101.397007852115
21,2026-08-15,2,2026-08-29,wk inc covid hosp,quantile,0.15,122.89246734769814
22,2026-08-15,2,2026-08-29,wk inc covid hosp,quantile,0.15,107.69475114688035
23,2026-08-15,2,2026-08-29,wk inc covid hosp,quantile,0.15,64.70390199054266
24,2026-08-15,2,2026-08-29,wk inc covid hosp,quantile,0.15,131.25274912467802
25,2026-08-15,2,2026-08-29,wk inc covid hosp,quantile,0.15,285.0596291318422
26,2026-08-15,2,2026-08-29,wk inc covid hosp,quantile,0.15,191.62269058354363
27,2026-08-15,2,2026-08-29,wk inc covid hosp,quantile,0.15,83.17271476966276
28,2026-08-15,2,2026-08-29,wk inc covid hosp,quantile,0.15,110.3383707920814
29,2026-08-15,2,2026-08-29,wk inc covid hosp,quantile,0.15,142.46202946926306
30,2026-08-15,2,2026-08-29,wk inc covid hosp,quantile,0.15,35.34864839457438
31,2026-08-15,2,2026-08-29,wk inc covid hosp,quantile,0.15,43.76241952558158
32,2026-08-15,2,2026-08-29,wk inc covid hosp,quantile,0.15,52.30830888386957
33,2026-08-15,2,2026-08-29,wk inc covid hosp,quantile,0.15,119.65848455930728
34,2026-08-15,2,2026-08-29,wk inc covid hosp,quantile,0.15,120.86133262895588
35,2026-08-15,2,2026-08-29,wk inc covid hosp,quantile,0.15,254.89997987195594
36,2026-08-15,2,2026-08-29,wk inc covid hosp,quantile,0.15,641.300942692849
37,2026-08-15,2,2026-08-29,wk inc covid hosp,quantile,0.15,195.8149035924791
38,2026-08-15,2,2026-08-29,wk inc covid hosp,quantile,0.15,111.38933993322294
39,2026-08-15,2,2026-08-29,wk inc covid hosp,quantile,0.15,208.50464646834425
40,2026-08-15,2,2026-08-29,wk inc covid hosp,quantile,0.15,116.19143980131233
41,2026-08-15,2,2026-08-29,wk inc covid hosp,quantile,0.15,151.73525713022656
42,2026-08-15,2,2026-08-29,wk inc covid hosp,quantile,0.15,224.5151620688063
44,2026-08-15,2,2026-08-29,wk inc covid hosp,quantile,0.15,53.11146583828832
45,2026-08-15,2,2026-08-29,wk inc covid hosp,quantile,0.15,71.6739059602059
46,2026-08-15,2,2026-08-29,wk inc covid hosp,quantile,0.15,63.25490961551922
47,2026-08-15,2,2026-08-29,wk inc covid hosp,quantile,0.15,411.06059835489117
48,2026-08-15,2,2026-08-29,wk inc covid hosp,quantile,0.15,400.96435447846204
49,2026-08-15,2,2026-08-29,wk inc covid hosp,quantile,0.15,30.022548890917758
50,2026-08-15,2,2026-08-29,wk inc covid hosp,quantile,0.15,38.907274999117384
51,2026-08-15,2,2026-08-29,wk inc covid hosp,quantile,0.15,208.36730530659102
53,2026-08-15,2,2026-08-29,wk inc covid hosp,quantile,0.15,78.9769587225519
54,2026-08-15,2,2026-08-29,wk inc covid hosp,quantile,0.15,96.68487225370919
55,2026-08-15,2,2026-08-29,wk inc covid hosp,quantile,0.15,128.00444882884048
56,2026-08-15,2,2026-08-29,wk inc covid hosp,quantile,0.15,12.258092207240862
72,2026-08-15,2,2026-08-29,wk inc covid hosp,quantile,0.15,2880.7665933525186
US,2026-08-15,2,2026-08-29,wk inc covid hosp,quantile,0.15,1984.8268192738353
01,2026-08-15,3,2026-09-05,wk inc covid hosp,quantile,0.15,109.95332392573987
02,2026-08-15,3,2026-09-05,wk inc covid hosp,quantile,0.15,26.35438717826801
04,2026-08-15,3,2026-09-05,wk inc covid hosp,quantile,0.15,143.91417684895492
05,2026-08-15,3,2026-09-05,wk inc covid hosp,quantile,0.15,395.27379430664547
06,2026-08-15,3,2026-09-05,wk inc covid hosp,quantile,0.15,628.710458882302
08,2026-08-15,3,2026-09-05,wk inc covid hosp,quantile,0.15,126.26125708177923
09,2026-08-15,3,2026-09-05,wk inc covid hosp,quantile,0.15,79.58924877926268
10,2026-08-15,3,2026-09-05,wk inc covid hosp,quantile,0.15,23.61543857411408
11,2026-08-15,3,2026-09-05,wk inc covid hosp,quantile,0.15,387.7563796356058
12,2026-08-15,3,2026-09-05,wk inc covid hosp,quantile,0.15,642.032069564846
13,2026-08-15,3,2026-09-05,wk inc covid hosp,quantile,0.15,214.94923357380424
15,2026-08-15,3,2026-09-05,wk inc covid hosp,quantile,0.15,38.67131713756577
16,2026-08-15,3,2026-09-05,wk inc covid hosp,quantile,0.15,86.162501178672
17,2026-08-15,3,2026-09-05,wk inc covid hosp,quantile,0.15,207.38671811807987
18,2026-08-15,3,2026-09-05,wk inc covid hosp,quantile,0.15,152.34797612471726
19,2026-08-15,3,2026-09-05,wk inc covid hosp,quantile,0.15,63.29912490232433
20,2026-08-15,3,2026-09-05,wk inc covid hosp,quantile,0.15,106.01793000962287
21,2026-08-15,3,2026-09-05,wk inc covid hosp,quantile,0.15,125.16361052579401
22,2026-08-15,3,2026-09-05,wk inc covid hosp,quantile,0.15,101.2588973531838
23,2026-08-15,3,2026-09-05,wk inc covid hosp,quantile,0.15,66.44564159456755
24,2026-08-15,3,2026-09-05,wk inc covid hosp,quantile,0.15,137.31061475211067
25,2026-08-15,3,2026-09-05,wk inc covid hosp,quantile,0.15,296.68420015163633
26,2026-08-15,3,2026-09-05,wk inc covid hosp,quantile,0.15,198.73156557758716
27,2026-08-15,3,2026-09-05,wk inc covid hosp,quantile,0.15,87.65517664885267
28,2026-08-15,3,2026-09-05,wk inc covid hosp,quantile,0.15,105.59648016939344
29,2026-08-15,3,2026-09-05,wk inc covid hosp,quantile,0.15,149.93299580960522
30,2026-08-15,3,2026-09-05,wk inc covid hosp,quantile,0.15,37.02672757810617
31,2026-08-15,3,2026-09-05,wk inc covid hosp,quantile,0.15,46.04592068698802
32,2026-08-15,3,2026-09-05,wk inc covid hosp,quantile,0.15,51.94859211386504
33,2026-08-15,3,2026-09-05,wk inc covid hosp,quantile,0.15,116.2105562586354
34,2026-08-15,3,2026-09-05,wk inc covid hosp,quantile,0.15,124.69757937103454
35,2026-08-15,3,2026-09-05,wk inc covid hosp,quantile,0.15,262.98776513985797
36,2026-08-15,3,2026-09-05,wk inc covid hosp,quantile,0.15,672.1138548013334
37,2026-08-15,3,2026-09-05,wk inc covid hosp,quantile,0.15,201.7488392912852
38,2026-08-15,3,2026-09-05,wk inc covid hosp,quantile,0.15,108.26960010913754
39,2026-08-15,3,2026-09-05,wk inc covid hosp,quantile,0.15,223.15123404549234
40,2026-08-15,3,2026-09-05,wk inc covid hosp,quantile,0.15,123.19834338187793
41,2026-08-15,3,2026-09-05,wk inc covid hosp,quantile,0.15,158.90227011877124
42,2026-08-15,3,2026-09-05,wk inc covid hosp,quantile,0.15,233.59123380912393
44,2026-08-15,3,2026-09-05,wk inc covid hosp,quantile,0.15,53.099549347251056
45,2026-08-15,3,2026-09-05,wk inc covid hosp,quantile,0.15,74.11492386816028
46,2026-08-15,3,2026-09-05,wk inc covid hosp,quantile,0.15,63.10165415551471
47,2026-08-15,3,2026-09-05,wk inc covid hosp,quantile,0.15,425.9001728168923
48,2026-08-15,3,2026-09-05,wk inc covid hosp,quantile,0.15,408.36747322397366
49,2026-08-15,3,2026-09-05,wk inc covid hosp,quantile,0.15,29.845039925248454
50,2026-08-15,3,2026-09-05,wk inc covid hosp,quantile,0.15,38.468894741555815
51,2026-08-15,3,2026-09-05,wk inc covid hosp,quantile,0.15,214.73426384452344
53,2026-08-15,3,2026-09-05,wk inc covid hosp,quantile,0.15,80.62700789509805
54,2026-08-15,3,2026-09-05,wk inc covid hosp,quantile,0.15,105.41181070749478
55,2026-08-15,3,2026-09-05,wk inc covid hosp,quantile,0.15,134.6461478265501
56,2026-08-15,3,2026-09-05,wk inc covid hosp,quantile,0.15,11.412927521458
72,2026-08-15,3,2026-09-05,wk inc covid hosp,quantile,0.15,2718.0110723598295
US,2026-08-15,3,2026-09-05,wk inc covid hosp,quantile,0.15,2159.847874918819
01,2026-08-15,0,2026-08-15,wk inc covid hosp,quantile,0.2,96.94042425758482
02,2026-08-15,0,2026-08-15,wk inc covid hosp,quantile,0.2,35.96088965921204
04,2026-08-15,0,2026-08-15,wk inc covid hosp,quantile,0.2,120.6869486764184
05,2026-08-15,0,2026-08-15,wk inc covid hosp,quantile,0.2,333.373525522461
06,2026-08-15,0,2026-08-15,wk inc covid hosp,quantile,0.2,515.7280757103624
08,2026-08-15,0,2026-08-15,wk inc covid hosp,quantile,0.2,101.70504386147522
09,2026-08-15,0,2026-08-15,wk inc covid hosp,quantile,0.2,68.54767783691118
10,2026-08-15,0,2026-08-15,wk inc covid hosp,quantile,0.2,19.75560246074971
11,2026-08-15,0,2026-08-15,wk inc covid hosp,quantile,0.2,351.93763704347737
12,2026-08-15,0,2026-08-15,wk inc covid hosp,quantile,0.2,660.5998437232538
13,2026-08-15,0,2026-08-15,wk inc covid hosp,quantile,0.2,173.4978885246027
15,2026-08-15,0,2026-08-15,wk inc covid hosp,quantile,0.2,39.46037584670543
16,2026-08-15,0,2026-08-15,wk inc covid hosp,quantile,0.2,76.11887334007669
17,2026-08-15,0,2026-08-15,wk inc covid hosp,quantile,0.2,154.9409010030766
18,2026-08-15,0,2026-08-15,wk inc covid hosp,quantile,0.2,116.95692868381168
19,2026-08-15,0,2026-08-15,wk inc covid hosp,quantile,0.2,50.33484921184428
20,2026-08-15,0,2026-08-15,wk inc covid hosp,quantile,0.2,89.20573849172659
21,2026-08-15,0,2026-08-15,wk inc covid hosp,quantile,0.2,100.5838767342476
22,2026-08-15,0,2026-08-15,wk inc covid hosp,quantile,0.2,102.72212923872321
23,2026-08-15,0,2026-08-15,wk inc covid hosp,quantile,0.2,57.55611458242096
24,2026-08-15,0,2026-08-15,wk inc covid hosp,quantile,0.2,106.40863812957741
25,2026-08-15,0,2026-08-15,wk inc covid hosp,quantile,0.2,220.7036709391033
26,2026-08-15,0,2026-08-15,wk inc covid hosp,quantile,0.2,152.95172829655414
27,2026-08-15,0,2026-08-15,wk inc covid hosp,quantile,0.2,68.82368617521118
28,2026-08-15,0,2026-08-15,wk inc covid hosp,quantile,0.2,105.85373196923116
29,2026-08-15,0,2026-08-15,wk inc covid hosp,quantile,0.2,109.43147228647848
30,2026-08-15,0,2026-08-15,wk inc covid hosp,quantile,0.2,33.169711443980496
31,2026-08-15,0,2026-08-15,wk inc covid hosp,quantile,0.2,37.35501879181531
32,2026-08-15,0,2026-08-15,wk inc covid hosp,quantile,0.2,47.37984752830861
33,2026-08-15,0,2026-08-15,wk inc covid hosp,quantile,0.2,104.81793468483377
34,2026-08-15,0,2026-08-15,wk inc covid hosp,quantile,0.2,104.52392527300361
35,2026-08-15,0,2026-08-15,wk inc covid hosp,quantile,0.2,226.58258667768771
36,2026-08-15,0,2026-08-15,wk inc covid hosp,quantile,0.2,497.1528158517364
37,2026-08-15,0,2026-08-15,wk inc covid hosp,quantile,0.2,165.04697053525652
38,2026-08-15,0,2026-08-15,wk inc covid hosp,quantile,0.2,103.97777915880002
39,2026-08-15,0,2026-08-15,wk inc covid hosp,quantile,0.2,165.21747781133453
40,2026-08-15,0,2026-08-15,wk inc covid hosp,quantile,0.2,93.24594459223133
41,2026-08-15,0,2026-08-15,wk inc covid hosp,quantile,0.2,129.55986848344278
42,2026-08-15,0,2026-08-15,wk inc covid hosp,quantile,0.2,179.1174624331183
44,2026-08-15,0,2026-08-15,wk inc covid hosp,quantile,0.2,50.7105754842366
45,2026-08-15,0,2026-08-15,wk inc covid hosp,quantile,0.2,63.851840756575406
46,2026-08-15,0,2026-08-15,wk inc covid hosp,quantile,0.2,58.56872226203857
47,2026-08-15,0,2026-08-15,wk inc covid hosp,quantile,0.2,366.0382504098984
48,2026-08-15,0,2026-08-15,wk inc covid hosp,quantile,0.2,382.75167305083386
49,2026-08-15,0,2026-08-15,wk inc covid hosp,quantile,0.2,26.487822608134806
50,2026-08-15,0,2026-08-15,wk inc covid hosp,quantile,0.2,44.35739034868623
51,2026-08-15,0,2026-08-15,wk inc covid hosp,quantile,0.2,167.33525939305667
53,2026-08-15,0,2026-08-15,wk inc covid hosp,quantile,0.2,68.15504628916227
54,2026-08-15,0,2026-08-15,wk inc covid hosp,quantile,0.2,80.49299623637204
55,2026-08-15,0,2026-08-15,wk inc covid hosp,quantile,0.2,99.38176192743407
56,2026-08-15,0,2026-08-15,wk inc covid hosp,quantile,0.2,15.78879047710132
72,2026-08-15,0,2026-08-15,wk inc covid hosp,quantile,0.2,3333.1021876799823
US,2026-08-15,0,2026-08-15,wk inc covid hosp,quantile,0.2,1783.5269159420625
01,2026-08-15,1,2026-08-22,wk inc covid hosp,quantile,0.2,109.75452893865759
02,2026-08-15,1,2026-08-22,wk inc covid hosp,quantile,0.2,36.43141307841963
04,2026-08-15,1,2026-08-22,wk inc covid hosp,quantile,0.2,141.40160990219601
05,2026-08-15,1,2026-08-22,wk inc covid hosp,quantile,0.2,380.23114204713875
06,2026-08-15,1,2026-08-22,wk inc covid hosp,quantile,0.2,583.5226525550756
08,2026-08-15,1,2026-08-22,wk inc covid hosp,quantile,0.2,117.27127563377557
09,2026-08-15,1,2026-08-22,wk inc covid hosp,quantile,0.2,79.57200235369496
10,2026-08-15,1,2026-08-22,wk inc covid hosp,quantile,0.2,23.399908702326556
11,2026-08-15,1,2026-08-22,wk inc covid hosp,quantile,0.2,405.5804957277431
12,2026-08-15,1,2026-08-22,wk inc covid hosp,quantile,0.2,705.9658205722463
13,2026-08-15,1,2026-08-22,wk inc covid hosp,quantile,0.2,203.1184185197044
15,2026-08-15,1,2026-08-22,wk inc covid hosp,quantile,0.2,42.60824664355358
16,2026-08-15,1,2026-08-22,wk inc covid hosp,quantile,0.2,88.51244985507383
17,2026-08-15,1,2026-08-22,wk inc covid hosp,quantile,0.2,184.63873314162262
18,2026-08-15,1,2026-08-22,wk inc covid hosp,quantile,0.2,140.3306855200409
19,2026-08-15,1,2026-08-22,wk inc covid hosp,quantile,0.2,59.42404624334924
20,2026-08-15,1,2026-08-22,wk inc covid hosp,quantile,0.2,103.82526876130929
21,2026-08-15,1,2026-08-22,wk inc covid hosp,quantile,0.2,117.58043123000559
22,2026-08-15,1,2026-08-22,wk inc covid hosp,quantile,0.2,110.14778087132335
23,2026-08-15,1,2026-08-22,wk inc covid hosp,quantile,0.2,66.69370690632546
24,2026-08-15,1,2026-08-22,wk inc covid hosp,quantile,0.2,126.09397948839937
25,2026-08-15,1,2026-08-22,wk inc covid hosp,quantile,0.2,265.39931189853354
26,2026-08-15,1,2026-08-22,wk inc covid hosp,quantile,0.2,184.34188196521038
27,2026-08-15,1,2026-08-22,wk inc covid hosp,quantile,0.2,80.53991540361676
28,2026-08-15,1,2026-08-22,wk inc covid hosp,quantile,0.2,114.65772515891632
29,2026-08-15,1,2026-08-22,wk inc covid hosp,quantile,0.2,132.58412593199714
30,2026-08-15,1,2026-08-22,wk inc covid hosp,quantile,0.2,38.85999809533095
31,2026-08-15,1,2026-08-22,wk inc covid hosp,quantile,0.2,43.45732325013315
32,2026-08-15,1,2026-08-22,wk inc covid hosp,quantile,0.2,52.92867898768777
33,2026-08-15,1,2026-08-22,wk inc covid hosp,quantile,0.2,121.02022169841409
34,2026-08-15,1,2026-08-22,wk inc covid hosp,quantile,0.2,120.57845356011633
35,2026-08-15,1,2026-08-22,wk inc covid hosp,quantile,0.2,263.15513199157914
36,2026-08-15,1,2026-08-22,wk inc covid hosp,quantile,0.2,593.0201091988472
37,2026-08-15,1,2026-08-22,wk inc covid hosp,quantile,0.2,189.73825000755295
38,2026-08-15,1,2026-08-22,wk inc covid hosp,quantile,0.2,116.91192642136734
39,2026-08-15,1,2026-08-22,wk inc covid hosp,quantile,0.2,196.47322225526057
40,2026-08-15,1,2026-08-22,wk inc covid hosp,quantile,0.2,111.3899499880869
41,2026-08-15,1,2026-08-22,wk inc covid hosp,quantile,0.2,151.72115120735873
42,2026-08-15,1,2026-08-22,wk inc covid hosp,quantile,0.2,212.41017108337414
44,2026-08-15,1,2026-08-22,wk inc covid hosp,quantile,0.2,57.27161639991146
45,2026-08-15,1,2026-08-22,wk inc covid hosp,quantile,0.2,74.07826474652822
46,2026-08-15,1,2026-08-22,wk inc covid hosp,quantile,0.2,68.07035245540203
47,2026-08-15,1,2026-08-22,wk inc covid hosp,quantile,0.2,413.76417091755025
48,2026-08-15,1,2026-08-22,wk inc covid hosp,quantile,0.2,413.34759865926014
49,2026-08-15,1,2026-08-22,wk inc covid hosp,quantile,0.2,30.523187981754933
50,2026-08-15,1,2026-08-22,wk inc covid hosp,quantile,0.2,47.3095244369707
51,2026-08-15,1,2026-08-22,wk inc covid hosp,quantile,0.2,198.49000566961752
53,2026-08-15,1,2026-08-22,wk inc covid hosp,quantile,0.2,78.87479873879839
54,2026-08-15,1,2026-08-22,wk inc covid hosp,quantile,0.2,97.07073923485552
55,2026-08-15,1,2026-08-22,wk inc covid hosp,quantile,0.2,121.28307829953297
56,2026-08-15,1,2026-08-22,wk inc covid hosp,quantile,0.2,16.661636324336083
72,2026-08-15,1,2026-08-22,wk inc covid hosp,quantile,0.2,3272.8606056825233
US,2026-08-15,1,2026-08-22,wk inc covid hosp,quantile,0.2,1930.4071596103586
01,2026-08-15,2,2026-08-29,wk inc covid hosp,quantile,0.2,115.89352070036865
02,2026-08-15,2,2026-08-29,wk inc covid hosp,quantile,0.2,37.11798469172374
04,2026-08-15,2,2026-08-29,wk inc covid hosp,quantile,0.2,152.36628529402734
05,2026-08-15,2,2026-08-29,wk inc covid hosp,quantile,0.2,427.67441320771235
06,2026-08-15,2,2026-08-29,wk inc covid hosp,quantile,0.2,631.726227692897
08,2026-08-15,2,2026-08-29,wk inc covid hosp,quantile,0.2,133.43048516080606
09,2026-08-15,2,2026-08-29,wk inc covid hosp,quantile,0.2,87.5095546727751
10,2026-08-15,2,2026-08-29,wk inc covid hosp,quantile,0.2,25.892735990027166
11,2026-08-15,2,2026-08-29,wk inc covid hosp,quantile,0.2,443.32573870045536
12,2026-08-15,2,2026-08-29,wk inc covid hosp,quantile,0.2,731.8420641925952
13,2026-08-15,2,2026-08-29,wk inc covid hosp,quantile,0.2,222.3215865066375
15,2026-08-15,2,2026-08-29,wk inc covid hosp,quantile,0.2,44.78138995780773
16,2026-08-15,2,2026-08-29,wk inc covid hosp,quantile,0.2,92.24733938673496
17,2026-08-15,2,2026-08-29,wk inc covid hosp,quantile,0.2,209.08190100666593
18,2026-08-15,2,2026-08-29,wk inc covid hosp,quantile,0.2,158.51395456261628
19,2026-08-15,2,2026-08-29,wk inc covid hosp,quantile,0.2,65.21377402520443
20,2026-08-15,2,2026-08-29,wk inc covid hosp,quantile,0.2,111.76150831899655
21,2026-08-15,2,2026-08-29,wk inc covid hosp,quantile,0.2,133.75752292057462
22,2026-08-15,2,2026-08-29,wk inc covid hosp,quantile,0.2,115.92017992008773
23,2026-08-15,2,2026-08-29,wk inc covid hosp,quantile,0.2,74.37895140208377
24,2026-08-15,2,2026-08-29,wk inc covid hosp,quantile,0.2,142.9507263075501
25,2026-08-15,2,2026-08-29,wk inc covid hosp,quantile,0.2,303.9155036665371
26,2026-08-15,2,2026-08-29,wk inc covid hosp,quantile,0.2,211.98779512262445
27,2026-08-15,2,2026-08-29,wk inc covid hosp,quantile,0.2,90.38196688455771
28,2026-08-15,2,2026-08-29,wk inc covid hosp,quantile,0.2,119.73343322763341
29,2026-08-15,2,2026-08-29,wk inc covid hosp,quantile,0.2,152.72954611399823
30,2026-08-15,2,2026-08-29,wk inc covid hosp,quantile,0.2,41.12594000307953
31,2026-08-15,2,2026-08-29,wk inc covid hosp,quantile,0.2,49.22701565356359
32,2026-08-15,2,2026-08-29,wk inc covid hosp,quantile,0.2,56.95724087962045
33,2026-08-15,2,2026-08-29,wk inc covid hosp,quantile,0.2,132.07351474106505
34,2026-08-15,2,2026-08-29,wk inc covid hosp,quantile,0.2,133.00748551283945
35,2026-08-15,2,2026-08-29,wk inc covid hosp,quantile,0.2,282.90107558811786
36,2026-08-15,2,2026-08-29,wk inc covid hosp,quantile,0.2,678.2537213020344
37,2026-08-15,2,2026-08-29,wk inc covid hosp,quantile,0.2,206.6399602439807
38,2026-08-15,2,2026-08-29,wk inc covid hosp,quantile,0.2,130.2212940601229
39,2026-08-15,2,2026-08-29,wk inc covid hosp,quantile,0.2,222.3288886807291
40,2026-08-15,2,2026-08-29,wk inc covid hosp,quantile,0.2,126.98796340542478
41,2026-08-15,2,2026-08-29,wk inc covid hosp,quantile,0.2,167.85925094305534
42,2026-08-15,2,2026-08-29,wk inc covid hosp,quantile,0.2,242.15618928003394
44,2026-08-15,2,2026-08-29,wk inc covid hosp,quantile,0.2,60.14104937821295
45,2026-08-15,2,2026-08-29,wk inc covid hosp,quantile,0.2,77.93079810179427
46,2026-08-15,2,2026-08-29,wk inc covid hosp,quantile,0.2,73.95239399778112
47,2026-08-15,2,2026-08-29,wk inc covid hosp,quantile,0.2,453.2793510944501
48,2026-08-15,2,2026-08-29,wk inc covid hosp,quantile,0.2,432.49477187567936
49,2026-08-15,2,2026-08-29,wk inc covid hosp,quantile,0.2,32.85126811537292
50,2026-08-15,2,2026-08-29,wk inc covid hosp,quantile,0.2,47.96267270358943
51,2026-08-15,2,2026-08-29,wk inc covid hosp,quantile,0.2,222.61451403236708
53,2026-08-15,2,2026-08-29,wk inc covid hosp,quantile,0.2,84.61221291237487
54,2026-08-15,2,2026-08-29,wk inc covid hosp,quantile,0.2,109.0694946766694
55,2026-08-15,2,2026-08-29,wk inc covid hosp,quantile,0.2,139.10469748118265
56,2026-08-15,2,2026-08-29,wk inc covid hosp,quantile,0.2,16.4400387604239
72,2026-08-15,2,2026-08-29,wk inc covid hosp,quantile,0.2,3210.226655608532
US,2026-08-15,2,2026-08-29,wk inc covid hosp,quantile,0.2,2150.4710883043613
01,2026-08-15,3,2026-09-05,wk inc covid hosp,quantile,0.2,119.13426002672084
02,2026-08-15,3,2026-09-05,wk inc covid hosp,quantile,0.2,33.67407364834027
04,2026-08-15,3,2026-09-05,wk inc covid hosp,quantile,0.2,159.81983224992496
05,2026-08-15,3,2026-09-05,wk inc covid hosp,quantile,0.2,449.7624368399152
06,2026-08-15,3,2026-09-05,wk inc covid hosp,quantile,0.2,660.022869879627
08,2026-08-15,3,2026-09-05,wk inc covid hosp,quantile,0.2,137.96103315010433
09,2026-08-15,3,2026-09-05,wk inc covid hosp,quantile,0.2,92.33956217786165
10,2026-08-15,3,2026-09-05,wk inc covid hosp,quantile,0.2,27.07519837252921
11,2026-08-15,3,2026-09-05,wk inc covid hosp,quantile,0.2,452.95608801019966
12,2026-08-15,3,2026-09-05,wk inc covid hosp,quantile,0.2,720.7192828976104
13,2026-08-15,3,2026-09-05,wk inc covid hosp,quantile,0.2,232.71104258035828
15,2026-08-15,3,2026-09-05,wk inc covid hosp,quantile,0.2,43.0989256480505
16,2026-08-15,3,2026-09-05,wk inc covid hosp,quantile,0.2,99.84911774606279
17,2026-08-15,3,2026-09-05,wk inc covid hosp,quantile,0.2,224.5762479350733
18,2026-08-15,3,2026-09-05,wk inc covid hosp,quantile,0.2,167.3087673132965
19,2026-08-15,3,2026-09-05,wk inc covid hosp,quantile,0.2,71.2034368955802
20,2026-08-15,3,2026-09-05,wk inc covid hosp,quantile,0.2,120.9805993100942
21,2026-08-15,3,2026-09-05,wk inc covid hosp,quantile,0.2,138.6511115937918
22,2026-08-15,3,2026-09-05,wk inc covid hosp,quantile,0.2,111.63152606984072
23,2026-08-15,3,2026-09-05,wk inc covid hosp,quantile,0.2,77.24550381326607
24,2026-08-15,3,2026-09-05,wk inc covid hosp,quantile,0.2,150.75807418630072
25,2026-08-15,3,2026-09-05,wk inc covid hosp,quantile,0.2,327.04262233292314
26,2026-08-15,3,2026-09-05,wk inc covid hosp,quantile,0.2,222.65574881176173
27,2026-08-15,3,2026-09-05,wk inc covid hosp,quantile,0.2,98.49359093061219
28,2026-08-15,3,2026-09-05,wk inc covid hosp,quantile,0.2,116.70710960434111
29,2026-08-15,3,2026-09-05,wk inc covid hosp,quantile,0.2,162.75654642432417
30,2026-08-15,3,2026-09-05,wk inc covid hosp,quantile,0.2,43.05773138625246
31,2026-08-15,3,2026-09-05,wk inc covid hosp,quantile,0.2,52.02531829545738
32,2026-08-15,3,2026-09-05,wk inc covid hosp,quantile,0.2,56.28755222553899
33,2026-08-15,3,2026-09-05,wk inc covid hosp,quantile,0.2,136.0437868868528
34,2026-08-15,3,2026-09-05,wk inc covid hosp,quantile,0.2,138.95168067070804
35,2026-08-15,3,2026-09-05,wk inc covid hosp,quantile,0.2,294.63282501448424
36,2026-08-15,3,2026-09-05,wk inc covid hosp,quantile,0.2,718.0994943985617
37,2026-08-15,3,2026-09-05,wk inc covid hosp,quantile,0.2,216.7871123908345
38,2026-08-15,3,2026-09-05,wk inc covid hosp,quantile,0.2,128.73925764098317
39,2026-08-15,3,2026-09-05,wk inc covid hosp,quantile,0.2,241.07849524830394
40,2026-08-15,3,2026-09-05,wk inc covid hosp,quantile,0.2,134.17632759598536
41,2026-08-15,3,2026-09-05,wk inc covid hosp,quantile,0.2,174.02490256345948
42,2026-08-15,3,2026-09-05,wk inc covid hosp,quantile,0.2,259.98431868075465
44,2026-08-15,3,2026-09-05,wk inc covid hosp,quantile,0.2,61.72621780387156
45,2026-08-15,3,2026-09-05,wk inc covid hosp,quantile,0.2,81.336287988924
46,2026-08-15,3,2026-09-05,wk inc covid hosp,quantile,0.2,76.09976885623016
47,2026-08-15,3,2026-09-05,wk inc covid hosp,quantile,0.2,472.19864516640746
48,2026-08-15,3,2026-09-05,wk inc covid hosp,quantile,0.2,444.5833458953823
49,2026-08-15,3,2026-09-05,wk inc covid hosp,quantile,0.2,33.43506350865427
50,2026-08-15,3,2026-09-05,wk inc covid hosp,quantile,0.2,50.806564440800386
51,2026-08-15,3,2026-09-05,wk inc covid hosp,quantile,0.2,234.304357284894
53,2026-08-15,3,2026-09-05,wk inc covid hosp,quantile,0.2,88.46586607538322
54,2026-08-15,3,2026-09-05,wk inc covid hosp,quantile,0.2,116.38360061312238
55,2026-08-15,3,2026-09-05,wk inc covid hosp,quantile,0.2,147.36526306638834
56,2026-08-15,3,2026-09-05,wk inc covid hosp,quantile,0.2,16.41518998259921
72,2026-08-15,3,2026-09-05,wk inc covid hosp,quantile,0.2,3159.461726911467
US,2026-08-15,3,2026-09-05,wk inc covid hosp,quantile,0.2,2343.272437585168
01,2026-08-15,0,2026-08-15,wk inc covid hosp,quantile,0.25,99.69588467132576
02,2026-08-15,0,2026-08-15,wk inc covid hosp,quantile,0.25,39.22383750888659
04,2026-08-15,0,2026-08-15,wk inc covid hosp,quantile,0.25,125.58502259101567
05,2026-08-15,0,2026-08-15,wk inc covid hosp,quantile,0.25,353.25748226671374
06,2026-08-15,0,2026-08-15,wk inc covid hosp,quantile,0.25,527.9836811833922
08,2026-08-15,0,2026-08-15,wk inc covid hosp,quantile,0.25,106.81459879914014
09,2026-08-15,0,2026-08-15,wk inc covid hosp,quantile,0.25,72.51066609612684
10,2026-08-15,0,2026-08-15,wk inc covid hosp,quantile,0.25,20.928479545603736
11,2026-08-15,0,2026-08-15,wk inc covid hosp,quantile,0.25,374.61901190330485
12,2026-08-15,0,2026-08-15,wk inc covid hosp,quantile,0.25,689.7848007255659
13,2026-08-15,0,2026-08-15,wk inc covid hosp,quantile,0.25,179.11983060567334
15,2026-08-15,0,2026-08-15,wk inc covid hosp,quantile,0.25,41.26668127899169
16,2026-08-15,0,2026-08-15,wk inc covid hosp,quantile,0.25,80.27980610696761
17,2026-08-15,0,2026-08-15,wk inc covid hosp,quantile,0.25,161.7083589847326
18,2026-08-15,0,2026-08-15,wk inc covid hosp,quantile,0.25,121.79898909364009
19,2026-08-15,0,2026-08-15,wk inc covid hosp,quantile,0.25,53.483096331909856
20,2026-08-15,0,2026-08-15,wk inc covid hosp,quantile,0.25,93.71344767801442
21,2026-08-15,0,2026-08-15,wk inc covid hosp,quantile,0.25,105.5747826676863
22,2026-08-15,0,2026-08-15,wk inc covid hosp,quantile,0.25,106.91679031340325
23,2026-08-15,0,2026-08-15,wk inc covid hosp,quantile,0.25,61.48490605058926
24,2026-08-15,0,2026-08-15,wk inc covid hosp,quantile,0.25,111.62530204940646
25,2026-08-15,0,2026-08-15,wk inc covid hosp,quantile,0.25,230.40924138054152
26,2026-08-15,0,2026-08-15,wk inc covid hosp,quantile,0.25,161.4856574346907
27,2026-08-15,0,2026-08-15,wk inc covid hosp,quantile,0.25,71.60618002130859
28,2026-08-15,0,2026-08-15,wk inc covid hosp,quantile,0.25,111.06091630237401
29,2026-08-15,0,2026-08-15,wk inc covid hosp,quantile,0.25,113.39667062696479
30,2026-08-15,0,2026-08-15,wk inc covid hosp,quantile,0.25,35.86738996961245
31,2026-08-15,0,2026-08-15,wk inc covid hosp,quantile,0.25,39.88403703953761
32,2026-08-15,0,2026-08-15,wk inc covid hosp,quantile,0.25,49.67982204125283
33,2026-08-15,0,2026-08-15,wk inc covid hosp,quantile,0.25,111.93796262291984
34,2026-08-15,0,2026-08-15,wk inc covid hosp,quantile,0.25,110.21815694455607
35,2026-08-15,0,2026-08-15,wk inc covid hosp,quantile,0.25,238.53143915364268
36,2026-08-15,0,2026-08-15,wk inc covid hosp,quantile,0.25,512.3854585732279
37,2026-08-15,0,2026-08-15,wk inc covid hosp,quantile,0.25,170.8818837868433
38,2026-08-15,0,2026-08-15,wk inc covid hosp,quantile,0.25,114.44997385320069
39,2026-08-15,0,2026-08-15,wk inc covid hosp,quantile,0.25,170.99597294745422
40,2026-08-15,0,2026-08-15,wk inc covid hosp,quantile,0.25,97.26516337981533
41,2026-08-15,0,2026-08-15,wk inc covid hosp,quantile,0.25,134.96966546305572
42,2026-08-15,0,2026-08-15,wk inc covid hosp,quantile,0.25,187.9898204041458
44,2026-08-15,0,2026-08-15,wk inc covid hosp,quantile,0.25,54.74522605995832
45,2026-08-15,0,2026-08-15,wk inc covid hosp,quantile,0.25,66.17838031694879
46,2026-08-15,0,2026-08-15,wk inc covid hosp,quantile,0.25,63.91528089231696
47,2026-08-15,0,2026-08-15,wk inc covid hosp,quantile,0.25,381.11268514818346
48,2026-08-15,0,2026-08-15,wk inc covid hosp,quantile,0.25,396.242520764777
49,2026-08-15,0,2026-08-15,wk inc covid hosp,quantile,0.25,27.897898387836488
50,2026-08-15,0,2026-08-15,wk inc covid hosp,quantile,0.25,49.66212235237099
51,2026-08-15,0,2026-08-15,wk inc covid hosp,quantile,0.25,172.91412097914454
53,2026-08-15,0,2026-08-15,wk inc covid hosp,quantile,0.25,70.98577144355829
54,2026-08-15,0,2026-08-15,wk inc covid hosp,quantile,0.25,85.3804831945334
55,2026-08-15,0,2026-08-15,wk inc covid hosp,quantile,0.25,103.58527187658169
56,2026-08-15,0,2026-08-15,wk inc covid hosp,quantile,0.25,18.34248034019595
72,2026-08-15,0,2026-08-15,wk inc covid hosp,quantile,0.25,3521.5056680643575
US,2026-08-15,0,2026-08-15,wk inc covid hosp,quantile,0.25,1851.413985587329
01,2026-08-15,1,2026-08-22,wk inc covid hosp,quantile,0.25,114.2249895502127
02,2026-08-15,1,2026-08-22,wk inc covid hosp,quantile,0.25,40.74659854652836
04,2026-08-15,1,2026-08-22,wk inc covid hosp,quantile,0.25,149.6279002338364
05,2026-08-15,1,2026-08-22,wk inc covid hosp,quantile,0.25,411.3247731743799
06,2026-08-15,1,2026-08-22,wk inc covid hosp,quantile,0.25,601.5075022114589
08,2026-08-15,1,2026-08-22,wk inc covid hosp,quantile,0.25,123.94851842045712
09,2026-08-15,1,2026-08-22,wk inc covid hosp,quantile,0.25,85.75866406968422
10,2026-08-15,1,2026-08-22,wk inc covid hosp,quantile,0.25,25.418605407839298
11,2026-08-15,1,2026-08-22,wk inc covid hosp,quantile,0.25,447.3281856984994
12,2026-08-15,1,2026-08-22,wk inc covid hosp,quantile,0.25,748.0172945558633
13,2026-08-15,1,2026-08-22,wk inc covid hosp,quantile,0.25,211.30434893684074
15,2026-08-15,1,2026-08-22,wk inc covid hosp,quantile,0.25,45.22977034035888
16,2026-08-15,1,2026-08-22,wk inc covid hosp,quantile,0.25,95.62606412753439
17,2026-08-15,1,2026-08-22,wk inc covid hosp,quantile,0.25,194.60057439370786
18,2026-08-15,1,2026-08-22,wk inc covid hosp,quantile,0.25,147.8352761052995
19,2026-08-15,1,2026-08-22,wk inc covid hosp,quantile,0.25,63.21219797220561
20,2026-08-15,1,2026-08-22,wk inc covid hosp,quantile,0.25,111.7737941788609
21,2026-08-15,1,2026-08-22,wk inc covid hosp,quantile,0.25,125.3522506696265
22,2026-08-15,1,2026-08-22,wk inc covid hosp,quantile,0.25,115.40205709972909
23,2026-08-15,1,2026-08-22,wk inc covid hosp,quantile,0.25,73.55077921977428
24,2026-08-15,1,2026-08-22,wk inc covid hosp,quantile,0.25,133.75564909840463
25,2026-08-15,1,2026-08-22,wk inc covid hosp,quantile,0.25,282.9933602435904
26,2026-08-15,1,2026-08-22,wk inc covid hosp,quantile,0.25,196.73633327484362
27,2026-08-15,1,2026-08-22,wk inc covid hosp,quantile,0.25,85.88098903479538
28,2026-08-15,1,2026-08-22,wk inc covid hosp,quantile,0.25,120.92124745241225
29,2026-08-15,1,2026-08-22,wk inc covid hosp,quantile,0.25,138.71974964462632
30,2026-08-15,1,2026-08-22,wk inc covid hosp,quantile,0.25,42.12779413873655
31,2026-08-15,1,2026-08-22,wk inc covid hosp,quantile,0.25,48.60620403421113
32,2026-08-15,1,2026-08-22,wk inc covid hosp,quantile,0.25,55.4768905821498
33,2026-08-15,1,2026-08-22,wk inc covid hosp,quantile,0.25,130.9701957558492
34,2026-08-15,1,2026-08-22,wk inc covid hosp,quantile,0.25,126.60722586055637
35,2026-08-15,1,2026-08-22,wk inc covid hosp,quantile,0.25,281.73004483270967
36,2026-08-15,1,2026-08-22,wk inc covid hosp,quantile,0.25,615.806488094271
37,2026-08-15,1,2026-08-22,wk inc covid hosp,quantile,0.25,197.60146919749337
38,2026-08-15,1,2026-08-22,wk inc covid hosp,quantile,0.25,128.70157702085262
39,2026-08-15,1,2026-08-22,wk inc covid hosp,quantile,0.25,208.41484992406643
40,2026-08-15,1,2026-08-22,wk inc covid hosp,quantile,0.25,117.50937940217307
41,2026-08-15,1,2026-08-22,wk inc covid hosp,quantile,0.25,159.76096434633516
42,2026-08-15,1,2026-08-22,wk inc covid hosp,quantile,0.25,226.2799102393415
44,2026-08-15,1,2026-08-22,wk inc covid hosp,quantile,0.25,63.645351604544324
45,2026-08-15,1,2026-08-22,wk inc covid hosp,quantile,0.25,78.31417592641417
46,2026-08-15,1,2026-08-22,wk inc covid hosp,quantile,0.25,75.34553970217623
47,2026-08-15,1,2026-08-22,wk inc covid hosp,quantile,0.25,439.0272190753821
48,2026-08-15,1,2026-08-22,wk inc covid hosp,quantile,0.25,435.52310460606196
49,2026-08-15,1,2026-08-22,wk inc covid hosp,quantile,0.25,32.61641174959649
50,2026-08-15,1,2026-08-22,wk inc covid hosp,quantile,0.25,53.77644692187843
51,2026-08-15,1,2026-08-22,wk inc covid hosp,quantile,0.25,209.04715582826708
53,2026-08-15,1,2026-08-22,wk inc covid hosp,quantile,0.25,82.23409101598742
54,2026-08-15,1,2026-08-22,wk inc covid hosp,quantile,0.25,104.35622727994648
55,2026-08-15,1,2026-08-22,wk inc covid hosp,quantile,0.25,129.25827247379678
56,2026-08-15,1,2026-08-22,wk inc covid hosp,quantile,0.25,19.78917278281894
72,2026-08-15,1,2026-08-22,wk inc covid hosp,quantile,0.25,3568.2102601464103
US,2026-08-15,1,2026-08-22,wk inc covid hosp,quantile,0.25,2050.042376890421
01,2026-08-15,2,2026-08-29,wk inc covid hosp,quantile,0.25,122.40007744058292
02,2026-08-15,2,2026-08-29,wk inc covid hosp,quantile,0.25,43.536281057564345
04,2026-08-15,2,2026-08-29,wk inc covid hosp,quantile,0.25,163.93437999245998
05,2026-08-15,2,2026-08-29,wk inc covid hosp,quantile,0.25,455.24811292853514
06,2026-08-15,2,2026-08-29,wk inc covid hosp,quantile,0.25,656.7852399517217
08,2026-08-15,2,2026-08-29,wk inc covid hosp,quantile,0.25,142.55168327248253
09,2026-08-15,2,2026-08-29,wk inc covid hosp,quantile,0.25,95.52000989425561
10,2026-08-15,2,2026-08-29,wk inc covid hosp,quantile,0.25,28.29338612950232
11,2026-08-15,2,2026-08-29,wk inc covid hosp,quantile,0.25,488.12336963911804
12,2026-08-15,2,2026-08-29,wk inc covid hosp,quantile,0.25,791.4215354132965
13,2026-08-15,2,2026-08-29,wk inc covid hosp,quantile,0.25,233.19749060289527
15,2026-08-15,2,2026-08-29,wk inc covid hosp,quantile,0.25,49.09176659421426
16,2026-08-15,2,2026-08-29,wk inc covid hosp,quantile,0.25,101.98029128582051
17,2026-08-15,2,2026-08-29,wk inc covid hosp,quantile,0.25,221.20084515408314
18,2026-08-15,2,2026-08-29,wk inc covid hosp,quantile,0.25,168.51948481872435
19,2026-08-15,2,2026-08-29,wk inc covid hosp,quantile,0.25,71.46311735386476
20,2026-08-15,2,2026-08-29,wk inc covid hosp,quantile,0.25,123.1679455669575
21,2026-08-15,2,2026-08-29,wk inc covid hosp,quantile,0.25,143.55848431171404
22,2026-08-15,2,2026-08-29,wk inc covid hosp,quantile,0.25,123.43817108050635
23,2026-08-15,2,2026-08-29,wk inc covid hosp,quantile,0.25,81.65247003013447
24,2026-08-15,2,2026-08-29,wk inc covid hosp,quantile,0.25,154.13802961677837
25,2026-08-15,2,2026-08-29,wk inc covid hosp,quantile,0.25,322.365805465214
26,2026-08-15,2,2026-08-29,wk inc covid hosp,quantile,0.25,230.12323205480862
27,2026-08-15,2,2026-08-29,wk inc covid hosp,quantile,0.25,97.18043352335737
28,2026-08-15,2,2026-08-29,wk inc covid hosp,quantile,0.25,129.09677009832808
29,2026-08-15,2,2026-08-29,wk inc covid hosp,quantile,0.25,162.37204275549573
30,2026-08-15,2,2026-08-29,wk inc covid hosp,quantile,0.25,45.29648129357871
31,2026-08-15,2,2026-08-29,wk inc covid hosp,quantile,0.25,54.29730768567468
32,2026-08-15,2,2026-08-29,wk inc covid hosp,quantile,0.25,60.87499912886373
33,2026-08-15,2,2026-08-29,wk inc covid hosp,quantile,0.25,145.7365922603488
34,2026-08-15,2,2026-08-29,wk inc covid hosp,quantile,0.25,143.24092806333553
35,2026-08-15,2,2026-08-29,wk inc covid hosp,quantile,0.25,309.7844056967129
36,2026-08-15,2,2026-08-29,wk inc covid hosp,quantile,0.25,711.1995422223542
37,2026-08-15,2,2026-08-29,wk inc covid hosp,quantile,0.25,217.72397600558526
38,2026-08-15,2,2026-08-29,wk inc covid hosp,quantile,0.25,144.94553198159636
39,2026-08-15,2,2026-08-29,wk inc covid hosp,quantile,0.25,235.68020787211154
40,2026-08-15,2,2026-08-29,wk inc covid hosp,quantile,0.25,136.18004194837903
41,2026-08-15,2,2026-08-29,wk inc covid hosp,quantile,0.25,179.31333998345255
42,2026-08-15,2,2026-08-29,wk inc covid hosp,quantile,0.25,262.2164980218198
44,2026-08-15,2,2026-08-29,wk inc covid hosp,quantile,0.25,68.16639383608106
45,2026-08-15,2,2026-08-29,wk inc covid hosp,quantile,0.25,83.81501119945459
46,2026-08-15,2,2026-08-29,wk inc covid hosp,quantile,0.25,84.58871162236328
47,2026-08-15,2,2026-08-29,wk inc covid hosp,quantile,0.25,487.70479168201206
48,2026-08-15,2,2026-08-29,wk inc covid hosp,quantile,0.25,463.01096331165667
49,2026-08-15,2,2026-08-29,wk inc covid hosp,quantile,0.25,35.80218376954005
50,2026-08-15,2,2026-08-29,wk inc covid hosp,quantile,0.25,58.13464604246213
51,2026-08-15,2,2026-08-29,wk inc covid hosp,quantile,0.25,237.51697789130813
53,2026-08-15,2,2026-08-29,wk inc covid hosp,quantile,0.25,90.11396466638679
54,2026-08-15,2,2026-08-29,wk inc covid hosp,quantile,0.25,121.07173679991195
55,2026-08-15,2,2026-08-29,wk inc covid hosp,quantile,0.25,148.18504212168492
56,2026-08-15,2,2026-08-29,wk inc covid hosp,quantile,0.25,21.38032237708472
72,2026-08-15,2,2026-08-29,wk inc covid hosp,quantile,0.25,3564.901392733922
US,2026-08-15,2,2026-08-29,wk inc covid hosp,quantile,0.25,2287.276602451331
01,2026-08-15,3,2026-09-05,wk inc covid hosp,quantile,0.25,127.80300693909349
02,2026-08-15,3,2026-09-05,wk inc covid hosp,quantile,0.25,40.96149158378711
04,2026-08-15,3,2026-09-05,wk inc covid hosp,quantile,0.25,175.33624579141664
05,2026-08-15,3,2026-09-05,wk inc covid hosp,quantile,0.25,492.6240201974983
06,2026-08-15,3,2026-09-05,wk inc covid hosp,quantile,0.25,689.3829314154035
08,2026-08-15,3,2026-09-05,wk inc covid hosp,quantile,0.25,149.39367139339487
09,2026-08-15,3,2026-09-05,wk inc covid hosp,quantile,0.25,101.4917406858534
10,2026-08-15,3,2026-09-05,wk inc covid hosp,quantile,0.25,30.018375736747124
11,2026-08-15,3,2026-09-05,wk inc covid hosp,quantile,0.25,513.085557857375
12,2026-08-15,3,2026-09-05,wk inc covid hosp,quantile,0.25,786.6019537162173
13,2026-08-15,3,2026-09-05,wk inc covid hosp,quantile,0.25,246.44234170348116
15,2026-08-15,3,2026-09-05,wk inc covid hosp,quantile,0.25,48.32667846180868
16,2026-08-15,3,2026-09-05,wk inc covid hosp,quantile,0.25,112.04006085597405
17,2026-08-15,3,2026-09-05,wk inc covid hosp,quantile,0.25,243.86984707293436
18,2026-08-15,3,2026-09-05,wk inc covid hosp,quantile,0.25,181.4687245207956
19,2026-08-15,3,2026-09-05,wk inc covid hosp,quantile,0.25,78.82112368674521
20,2026-08-15,3,2026-09-05,wk inc covid hosp,quantile,0.25,130.46723696034027
21,2026-08-15,3,2026-09-05,wk inc covid hosp,quantile,0.25,152.17342425114927
22,2026-08-15,3,2026-09-05,wk inc covid hosp,quantile,0.25,120.13324550737067
23,2026-08-15,3,2026-09-05,wk inc covid hosp,quantile,0.25,87.51639886835294
24,2026-08-15,3,2026-09-05,wk inc covid hosp,quantile,0.25,164.7837135451851
25,2026-08-15,3,2026-09-05,wk inc covid hosp,quantile,0.25,348.7298159836585
26,2026-08-15,3,2026-09-05,wk inc covid hosp,quantile,0.25,244.72950865071613
27,2026-08-15,3,2026-09-05,wk inc covid hosp,quantile,0.25,106.295194000994
28,2026-08-15,3,2026-09-05,wk inc covid hosp,quantile,0.25,129.05380776708333
29,2026-08-15,3,2026-09-05,wk inc covid hosp,quantile,0.25,175.25216787464623
30,2026-08-15,3,2026-09-05,wk inc covid hosp,quantile,0.25,49.053515045137594
31,2026-08-15,3,2026-09-05,wk inc covid hosp,quantile,0.25,58.6491996171996
32,2026-08-15,3,2026-09-05,wk inc covid hosp,quantile,0.25,60.064997956398834
33,2026-08-15,3,2026-09-05,wk inc covid hosp,quantile,0.25,155.5559975015764
34,2026-08-15,3,2026-09-05,wk inc covid hosp,quantile,0.25,152.76399937595062
35,2026-08-15,3,2026-09-05,wk inc covid hosp,quantile,0.25,329.4619400246616
36,2026-08-15,3,2026-09-05,wk inc covid hosp,quantile,0.25,757.026289918925
37,2026-08-15,3,2026-09-05,wk inc covid hosp,quantile,0.25,230.1359248716031
38,2026-08-15,3,2026-09-05,wk inc covid hosp,quantile,0.25,147.12744169600847
39,2026-08-15,3,2026-09-05,wk inc covid hosp,quantile,0.25,255.28807991015213
40,2026-08-15,3,2026-09-05,wk inc covid hosp,quantile,0.25,143.76879597488923
41,2026-08-15,3,2026-09-05,wk inc covid hosp,quantile,0.25,189.85417026677473
42,2026-08-15,3,2026-09-05,wk inc covid hosp,quantile,0.25,280.4817927633077
44,2026-08-15,3,2026-09-05,wk inc covid hosp,quantile,0.25,70.65894947513286
45,2026-08-15,3,2026-09-05,wk inc covid hosp,quantile,0.25,87.49166738177728
46,2026-08-15,3,2026-09-05,wk inc covid hosp,quantile,0.25,89.18662583088502
47,2026-08-15,3,2026-09-05,wk inc covid hosp,quantile,0.25,508.6115902413474
48,2026-08-15,3,2026-09-05,wk inc covid hosp,quantile,0.25,483.8259490878677
49,2026-08-15,3,2026-09-05,wk inc covid hosp,quantile,0.25,36.717518610650956
50,2026-08-15,3,2026-09-05,wk inc covid hosp,quantile,0.25,59.49769087077914
51,2026-08-15,3,2026-09-05,wk inc covid hosp,quantile,0.25,253.39471897533008
53,2026-08-15,3,2026-09-05,wk inc covid hosp,quantile,0.25,94.92531797631761
54,2026-08-15,3,2026-09-05,wk inc covid hosp,quantile,0.25,128.9713926617426
55,2026-08-15,3,2026-09-05,wk inc covid hosp,quantile,0.25,160.39112121993224
56,2026-08-15,3,2026-09-05,wk inc covid hosp,quantile,0.25,21.270317109801965
72,2026-08-15,3,2026-09-05,wk inc covid hosp,quantile,0.25,3552.308072209314
US,2026-08-15,3,2026-09-05,wk inc covid hosp,quantile,0.25,2574.8431584403875
01,2026-08-15,0,2026-08-15,wk inc covid hosp,quantile,0.3,102.73081712035811
02,2026-08-15,0,2026-08-15,wk inc covid hosp,quantile,0.3,42.55586183445389
04,2026-08-15,0,2026-08-15,wk inc covid hosp,quantile,0.3,130.58347286498264
05,2026-08-15,0,2026-08-15,wk inc covid hosp,quantile,0.3,370.7072354510364
06,2026-08-15,0,2026-08-15,wk inc covid hosp,quantile,0.3,539.730572745835
08,2026-08-15,0,2026-08-15,wk inc covid hosp,quantile,0.3,110.31532938123961
09,2026-08-15,0,2026-08-15,wk inc covid hosp,quantile,0.3,75.38667688466312
10,2026-08-15,0,2026-08-15,wk inc covid hosp,quantile,0.3,22.087324110894198
11,2026-08-15,0,2026-08-15,wk inc covid hosp,quantile,0.3,397.5926326254735
12,2026-08-15,0,2026-08-15,wk inc covid hosp,quantile,0.3,719.3050919920635
13,2026-08-15,0,2026-08-15,wk inc covid hosp,quantile,0.3,184.10061072801534
15,2026-08-15,0,2026-08-15,wk inc covid hosp,quantile,0.3,43.16552178887692
16,2026-08-15,0,2026-08-15,wk inc covid hosp,quantile,0.3,84.43891435610642
17,2026-08-15,0,2026-08-15,wk inc covid hosp,quantile,0.3,167.88417432884992
18,2026-08-15,0,2026-08-15,wk inc covid hosp,quantile,0.3,126.58112481860802
19,2026-08-15,0,2026-08-15,wk inc covid hosp,quantile,0.3,55.757256730959874
20,2026-08-15,0,2026-08-15,wk inc covid hosp,quantile,0.3,98.25496065864898
21,2026-08-15,0,2026-08-15,wk inc covid hosp,quantile,0.3,110.23482992370391
22,2026-08-15,0,2026-08-15,wk inc covid hosp,quantile,0.3,110.57605113069259
23,2026-08-15,0,2026-08-15,wk inc covid hosp,quantile,0.3,65.39692001501578
24,2026-08-15,0,2026-08-15,wk inc covid hosp,quantile,0.3,116.59355936467487
25,2026-08-15,0,2026-08-15,wk inc covid hosp,quantile,0.3,237.49604465482287
26,2026-08-15,0,2026-08-15,wk inc covid hosp,quantile,0.3,168.5691957097985
27,2026-08-15,0,2026-08-15,wk inc covid hosp,quantile,0.3,74.2680765860562
28,2026-08-15,0,2026-08-15,wk inc covid hosp,quantile,0.3,116.03582731221468
29,2026-08-15,0,2026-08-15,wk inc covid hosp,quantile,0.3,117.35114040052319
30,2026-08-15,0,2026-08-15,wk inc covid hosp,quantile,0.3,38.43386136503615
31,2026-08-15,0,2026-08-15,wk inc covid hosp,quantile,0.3,42.048502302073885
32,2026-08-15,0,2026-08-15,wk inc covid hosp,quantile,0.3,51.45729850793837
33,2026-08-15,0,2026-08-15,wk inc covid hosp,quantile,0.3,118.87508714030781
34,2026-08-15,0,2026-08-15,wk inc covid hosp,quantile,0.3,115.09300184351295
35,2026-08-15,0,2026-08-15,wk inc covid hosp,quantile,0.3,248.59116835286676
36,2026-08-15,0,2026-08-15,wk inc covid hosp,quantile,0.3,523.7358483821167
37,2026-08-15,0,2026-08-15,wk inc covid hosp,quantile,0.3,175.72518829357114
38,2026-08-15,0,2026-08-15,wk inc covid hosp,quantile,0.3,122.23641095704626
39,2026-08-15,0,2026-08-15,wk inc covid hosp,quantile,0.3,177.1520685554278
40,2026-08-15,0,2026-08-15,wk inc covid hosp,quantile,0.3,101.32297790943474
41,2026-08-15,0,2026-08-15,wk inc covid hosp,quantile,0.3,140.9810089064314
42,2026-08-15,0,2026-08-15,wk inc covid hosp,quantile,0.3,196.42240759024978
44,2026-08-15,0,2026-08-15,wk inc covid hosp,quantile,0.3,58.35876385114868
45,2026-08-15,0,2026-08-15,wk inc covid hosp,quantile,0.3,68.656566798623
46,2026-08-15,0,2026-08-15,wk inc covid hosp,quantile,0.3,68.0008255866928
47,2026-08-15,0,2026-08-15,wk inc covid hosp,quantile,0.3,394.30339602782556
48,2026-08-15,0,2026-08-15,wk inc covid hosp,quantile,0.3,409.4429903813256
49,2026-08-15,0,2026-08-15,wk inc covid hosp,quantile,0.3,29.286856452825347
50,2026-08-15,0,2026-08-15,wk inc covid hosp,quantile,0.3,53.85763653028165
51,2026-08-15,0,2026-08-15,wk inc covid hosp,quantile,0.3,180.27488838165968
53,2026-08-15,0,2026-08-15,wk inc covid hosp,quantile,0.3,73.48871919378465
54,2026-08-15,0,2026-08-15,wk inc covid hosp,quantile,0.3,89.34946494480475
55,2026-08-15,0,2026-08-15,wk inc covid hosp,quantile,0.3,108.19250873826945
56,2026-08-15,0,2026-08-15,wk inc covid hosp,quantile,0.3,20.311432827347886
72,2026-08-15,0,2026-08-15,wk inc covid hosp,quantile,0.3,3701.7313057054575
US,2026-08-15,0,2026-08-15,wk inc covid hosp,quantile,0.3,1923.995436265123
01,2026-08-15,1,2026-08-22,wk inc covid hosp,quantile,0.3,118.93009746167868
02,2026-08-15,1,2026-08-22,wk inc covid hosp,quantile,0.3,45.61245575845947
04,2026-08-15,1,2026-08-22,wk inc covid hosp,quantile,0.3,157.9703062512483
05,2026-08-15,1,2026-08-22,wk inc covid hosp,quantile,0.3,438.4023151421149
06,2026-08-15,1,2026-08-22,wk inc covid hosp,quantile,0.3,618.4373131496438
08,2026-08-15,1,2026-08-22,wk inc covid hosp,quantile,0.3,131.52591915335864
09,2026-08-15,1,2026-08-22,wk inc covid hosp,quantile,0.3,90.80746274949318
10,2026-08-15,1,2026-08-22,wk inc covid hosp,quantile,0.3,27.3627098254256
11,2026-08-15,1,2026-08-22,wk inc covid hosp,quantile,0.3,479.6433655087415
12,2026-08-15,1,2026-08-22,wk inc covid hosp,quantile,0.3,794.0811321932273
13,2026-08-15,1,2026-08-22,wk inc covid hosp,quantile,0.3,219.9550653230578
15,2026-08-15,1,2026-08-22,wk inc covid hosp,quantile,0.3,47.78085244368854
16,2026-08-15,1,2026-08-22,wk inc covid hosp,quantile,0.3,102.66400147674563
17,2026-08-15,1,2026-08-22,wk inc covid hosp,quantile,0.3,203.5305419778454
18,2026-08-15,1,2026-08-22,wk inc covid hosp,quantile,0.3,154.92555024491665
19,2026-08-15,1,2026-08-22,wk inc covid hosp,quantile,0.3,67.02233307467675
20,2026-08-15,1,2026-08-22,wk inc covid hosp,quantile,0.3,118.86119583642409
21,2026-08-15,1,2026-08-22,wk inc covid hosp,quantile,0.3,131.86646183201876
22,2026-08-15,1,2026-08-22,wk inc covid hosp,quantile,0.3,120.61536680003466
23,2026-08-15,1,2026-08-22,wk inc covid hosp,quantile,0.3,78.51393707797875
24,2026-08-15,1,2026-08-22,wk inc covid hosp,quantile,0.3,140.9578110765651
25,2026-08-15,1,2026-08-22,wk inc covid hosp,quantile,0.3,295.7180353226878
26,2026-08-15,1,2026-08-22,wk inc covid hosp,quantile,0.3,209.670522162553
27,2026-08-15,1,2026-08-22,wk inc covid hosp,quantile,0.3,90.28120244846276
28,2026-08-15,1,2026-08-22,wk inc covid hosp,quantile,0.3,128.55547687375056
29,2026-08-15,1,2026-08-22,wk inc covid hosp,quantile,0.3,145.6826433285192
30,2026-08-15,1,2026-08-22,wk inc covid hosp,quantile,0.3,46.07100905709936
31,2026-08-15,1,2026-08-22,wk inc covid hosp,quantile,0.3,52.14374372933936
32,2026-08-15,1,2026-08-22,wk inc covid hosp,quantile,0.3,58.379498397478955
33,2026-08-15,1,2026-08-22,wk inc covid hosp,quantile,0.3,140.8365379818095
34,2026-08-15,1,2026-08-22,wk inc covid hosp,quantile,0.3,133.40725008591505
35,2026-08-15,1,2026-08-22,wk inc covid hosp,quantile,0.3,297.574580848451
36,2026-08-15,1,2026-08-22,wk inc covid hosp,quantile,0.3,637.8123447172464
37,2026-08-15,1,2026-08-22,wk inc covid hosp,quantile,0.3,205.56711567432265
38,2026-08-15,1,2026-08-22,wk inc covid hosp,quantile,0.3,141.83428438306458
39,2026-08-15,1,2026-08-22,wk inc covid hosp,quantile,0.3,217.66604661235533
40,2026-08-15,1,2026-08-22,wk inc covid hosp,quantile,0.3,123.3487630658129
41,2026-08-15,1,2026-08-22,wk inc covid hosp,quantile,0.3,169.3668184501769
42,2026-08-15,1,2026-08-22,wk inc covid hosp,quantile,0.3,241.78463816999172
44,2026-08-15,1,2026-08-22,wk inc covid hosp,quantile,0.3,69.7531003925842
45,2026-08-15,1,2026-08-22,wk inc covid hosp,quantile,0.3,81.61390352125373
46,2026-08-15,1,2026-08-22,wk inc covid hosp,quantile,0.3,82.57747262930545
47,2026-08-15,1,2026-08-22,wk inc covid hosp,quantile,0.3,464.50044677809296
48,2026-08-15,1,2026-08-22,wk inc covid hosp,quantile,0.3,457.49889419521116
49,2026-08-15,1,2026-08-22,wk inc covid hosp,quantile,0.3,34.54434404363981
50,2026-08-15,1,2026-08-22,wk inc covid hosp,quantile,0.3,61.8141550463736
51,2026-08-15,1,2026-08-22,wk inc covid hosp,quantile,0.3,218.07799628713542
53,2026-08-15,1,2026-08-22,wk inc covid hosp,quantile,0.3,86.3773250518381
54,2026-08-15,1,2026-08-22,wk inc covid hosp,quantile,0.3,111.81393264716601
55,2026-08-15,1,2026-08-22,wk inc covid hosp,quantile,0.3,135.16318299627596
56,2026-08-15,1,2026-08-22,wk inc covid hosp,quantile,0.3,23.648563917682427
72,2026-08-15,1,2026-08-22,wk inc covid hosp,quantile,0.3,3854.043992994601
US,2026-08-15,1,2026-08-22,wk inc covid hosp,quantile,0.3,2150.621296153592
01,2026-08-15,2,2026-08-29,wk inc covid hosp,quantile,0.3,128.33644709772804
02,2026-08-15,2,2026-08-29,wk inc covid hosp,quantile,0.3,49.25336280418797
04,2026-08-15,2,2026-08-29,wk inc covid hosp,quantile,0.3,174.8533564044699
05,2026-08-15,2,2026-08-29,wk inc covid hosp,quantile,0.3,494.36851215739654
06,2026-08-15,2,2026-08-29,wk inc covid hosp,quantile,0.3,679.4560970271302
08,2026-08-15,2,2026-08-29,wk inc covid hosp,quantile,0.3,151.24317300272259
09,2026-08-15,2,2026-08-29,wk inc covid hosp,quantile,0.3,102.78612028285895
10,2026-08-15,2,2026-08-29,wk inc covid hosp,quantile,0.3,30.86343810212127
11,2026-08-15,2,2026-08-29,wk inc covid hosp,quantile,0.3,531.7279956251867
12,2026-08-15,2,2026-08-29,wk inc covid hosp,quantile,0.3,839.3479877833227
13,2026-08-15,2,2026-08-29,wk inc covid hosp,quantile,0.3,245.20550859270773
15,2026-08-15,2,2026-08-29,wk inc covid hosp,quantile,0.3,52.99341646578793
16,2026-08-15,2,2026-08-29,wk inc covid hosp,quantile,0.3,112.50423208541105
17,2026-08-15,2,2026-08-29,wk inc covid hosp,quantile,0.3,236.2403607239373
18,2026-08-15,2,2026-08-29,wk inc covid hosp,quantile,0.3,178.63524300184247
19,2026-08-15,2,2026-08-29,wk inc covid hosp,quantile,0.3,76.8139385885726
20,2026-08-15,2,2026-08-29,wk inc covid hosp,quantile,0.3,132.2082622862572
21,2026-08-15,2,2026-08-29,wk inc covid hosp,quantile,0.3,153.05292716585163
22,2026-08-15,2,2026-08-29,wk inc covid hosp,quantile,0.3,131.09990220592746
23,2026-08-15,2,2026-08-29,wk inc covid hosp,quantile,0.3,89.681801158254
24,2026-08-15,2,2026-08-29,wk inc covid hosp,quantile,0.3,163.87781289978767
25,2026-08-15,2,2026-08-29,wk inc covid hosp,quantile,0.3,343.8242155663202
26,2026-08-15,2,2026-08-29,wk inc covid hosp,quantile,0.3,248.41280389324942
27,2026-08-15,2,2026-08-29,wk inc covid hosp,quantile,0.3,103.72778881383253
28,2026-08-15,2,2026-08-29,wk inc covid hosp,quantile,0.3,139.12543239920643
29,2026-08-15,2,2026-08-29,wk inc covid hosp,quantile,0.3,170.38952362361434
30,2026-08-15,2,2026-08-29,wk inc covid hosp,quantile,0.3,50.447608485760846
31,2026-08-15,2,2026-08-29,wk inc covid hosp,quantile,0.3,59.23137248182712
32,2026-08-15,2,2026-08-29,wk inc covid hosp,quantile,0.3,64.2233248446315
33,2026-08-15,2,2026-08-29,wk inc covid hosp,quantile,0.3,161.84154204464818
34,2026-08-15,2,2026-08-29,wk inc covid hosp,quantile,0.3,153.26245454217528
35,2026-08-15,2,2026-08-29,wk inc covid hosp,quantile,0.3,335.93739832370994
36,2026-08-15,2,2026-08-29,wk inc covid hosp,quantile,0.3,740.5239057251171
37,2026-08-15,2,2026-08-29,wk inc covid hosp,quantile,0.3,227.69100263606575
38,2026-08-15,2,2026-08-29,wk inc covid hosp,quantile,0.3,161.94178640811836
39,2026-08-15,2,2026-08-29,wk inc covid hosp,quantile,0.3,250.9920044050955
40,2026-08-15,2,2026-08-29,wk inc covid hosp,quantile,0.3,143.36422950915565
41,2026-08-15,2,2026-08-29,wk inc covid hosp,quantile,0.3,191.0497743801916
42,2026-08-15,2,2026-08-29,wk inc covid hosp,quantile,0.3,278.5024042588371
44,2026-08-15,2,2026-08-29,wk inc covid hosp,quantile,0.3,76.18030822981224
45,2026-08-15,2,2026-08-29,wk inc covid hosp,quantile,0.3,90.03814309866868
46,2026-08-15,2,2026-08-29,wk inc covid hosp,quantile,0.3,94.35127656820629
47,2026-08-15,2,2026-08-29,wk inc covid hosp,quantile,0.3,521.081311654674
48,2026-08-15,2,2026-08-29,wk inc covid hosp,quantile,0.3,491.7712597465442
49,2026-08-15,2,2026-08-29,wk inc covid hosp,quantile,0.3,38.35163768001426
50,2026-08-15,2,2026-08-29,wk inc covid hosp,quantile,0.3,66.01859814914123
51,2026-08-15,2,2026-08-29,wk inc covid hosp,quantile,0.3,249.1259225793545
53,2026-08-15,2,2026-08-29,wk inc covid hosp,quantile,0.3,94.66489410166585
54,2026-08-15,2,2026-08-29,wk inc covid hosp,quantile,0.3,131.41716246429613
55,2026-08-15,2,2026-08-29,wk inc covid hosp,quantile,0.3,156.51404292831953
56,2026-08-15,2,2026-08-29,wk inc covid hosp,quantile,0.3,25.872601277684225
72,2026-08-15,2,2026-08-29,wk inc covid hosp,quantile,0.3,3940.0374983681113
US,2026-08-15,2,2026-08-29,wk inc covid hosp,quantile,0.3,2415.938505591354
01,2026-08-15,3,2026-09-05,wk inc covid hosp,quantile,0.3,135.37365864821234
02,2026-08-15,3,2026-09-05,wk inc covid hosp,quantile,0.3,48.55982460825001
04,2026-08-15,3,2026-09-05,wk inc covid hosp,quantile,0.3,187.66144537384613
05,2026-08-15,3,2026-09-05,wk inc covid hosp,quantile,0.3,532.3835460143206
06,2026-08-15,3,2026-09-05,wk inc covid hosp,quantile,0.3,720.7242612971088
08,2026-08-15,3,2026-09-05,wk inc covid hosp,quantile,0.3,159.84587361831308
09,2026-08-15,3,2026-09-05,wk inc covid hosp,quantile,0.3,112.07543795415876
10,2026-08-15,3,2026-09-05,wk inc covid hosp,quantile,0.3,33.12985934205395
11,2026-08-15,3,2026-09-05,wk inc covid hosp,quantile,0.3,568.492622706039
12,2026-08-15,3,2026-09-05,wk inc covid hosp,quantile,0.3,854.1864292967418
13,2026-08-15,3,2026-09-05,wk inc covid hosp,quantile,0.3,259.06167449140213
15,2026-08-15,3,2026-09-05,wk inc covid hosp,quantile,0.3,52.26213316883593
16,2026-08-15,3,2026-09-05,wk inc covid hosp,quantile,0.3,124.20163714789749
17,2026-08-15,3,2026-09-05,wk inc covid hosp,quantile,0.3,259.6357672748744
18,2026-08-15,3,2026-09-05,wk inc covid hosp,quantile,0.3,192.67508371071398
19,2026-08-15,3,2026-09-05,wk inc covid hosp,quantile,0.3,85.43105133672216
20,2026-08-15,3,2026-09-05,wk inc covid hosp,quantile,0.3,139.52484836708857
21,2026-08-15,3,2026-09-05,wk inc covid hosp,quantile,0.3,163.97577786666014
22,2026-08-15,3,2026-09-05,wk inc covid hosp,quantile,0.3,128.85265269991325
23,2026-08-15,3,2026-09-05,wk inc covid hosp,quantile,0.3,99.21668892769618
24,2026-08-15,3,2026-09-05,wk inc covid hosp,quantile,0.3,179.120367356431
25,2026-08-15,3,2026-09-05,wk inc covid hosp,quantile,0.3,376.5105406808503
26,2026-08-15,3,2026-09-05,wk inc covid hosp,quantile,0.3,271.0694719758888
27,2026-08-15,3,2026-09-05,wk inc covid hosp,quantile,0.3,114.24358891802758
28,2026-08-15,3,2026-09-05,wk inc covid hosp,quantile,0.3,140.64058994575507
29,2026-08-15,3,2026-09-05,wk inc covid hosp,quantile,0.3,185.6883619793427
30,2026-08-15,3,2026-09-05,wk inc covid hosp,quantile,0.3,54.02059255713906
31,2026-08-15,3,2026-09-05,wk inc covid hosp,quantile,0.3,63.878979159811394
32,2026-08-15,3,2026-09-05,wk inc covid hosp,quantile,0.3,64.48461621383804
33,2026-08-15,3,2026-09-05,wk inc covid hosp,quantile,0.3,173.76672395347572
34,2026-08-15,3,2026-09-05,wk inc covid hosp,quantile,0.3,165.74221502930635
35,2026-08-15,3,2026-09-05,wk inc covid hosp,quantile,0.3,358.4272705484964
36,2026-08-15,3,2026-09-05,wk inc covid hosp,quantile,0.3,795.2512210660647
37,2026-08-15,3,2026-09-05,wk inc covid hosp,quantile,0.3,242.30589273287572
38,2026-08-15,3,2026-09-05,wk inc covid hosp,quantile,0.3,163.8415996307887
39,2026-08-15,3,2026-09-05,wk inc covid hosp,quantile,0.3,273.32887947347814
40,2026-08-15,3,2026-09-05,wk inc covid hosp,quantile,0.3,154.0255490804355
41,2026-08-15,3,2026-09-05,wk inc covid hosp,quantile,0.3,204.10745717780952
42,2026-08-15,3,2026-09-05,wk inc covid hosp,quantile,0.3,301.2476968621944
44,2026-08-15,3,2026-09-05,wk inc covid hosp,quantile,0.3,80.97975276394496
45,2026-08-15,3,2026-09-05,wk inc covid hosp,quantile,0.3,95.30439058099057
46,2026-08-15,3,2026-09-05,wk inc covid hosp,quantile,0.3,101.19365705112685
47,2026-08-15,3,2026-09-05,wk inc covid hosp,quantile,0.3,546.4971065982387
48,2026-08-15,3,2026-09-05,wk inc covid hosp,quantile,0.3,516.2825194673084
49,2026-08-15,3,2026-09-05,wk inc covid hosp,quantile,0.3,39.82103809134017
50,2026-08-15,3,2026-09-05,wk inc covid hosp,quantile,0.3,68.4967989754949
51,2026-08-15,3,2026-09-05,wk inc covid hosp,quantile,0.3,270.1246398481896
53,2026-08-15,3,2026-09-05,wk inc covid hosp,quantile,0.3,100.93259680638505
54,2026-08-15,3,2026-09-05,wk inc covid hosp,quantile,0.3,142.86724483528195
55,2026-08-15,3,2026-09-05,wk inc covid hosp,quantile,0.3,173.370411889665
56,2026-08-15,3,2026-09-05,wk inc covid hosp,quantile,0.3,26.105473586613176
72,2026-08-15,3,2026-09-05,wk inc covid hosp,quantile,0.3,3983.7053499173576
US,2026-08-15,3,2026-09-05,wk inc covid hosp,quantile,0.3,2755.5772727500826
01,2026-08-15,0,2026-08-15,wk inc covid hosp,quantile,0.35,105.36979378863987
02,2026-08-15,0,2026-08-15,wk inc covid hosp,quantile,0.35,45.877077120477104
04,2026-08-15,0,2026-08-15,wk inc covid hosp,quantile,0.35,134.84618793352834
05,2026-08-15,0,2026-08-15,wk inc covid hosp,quantile,0.35,386.12525705876345
06,2026-08-15,0,2026-08-15,wk inc covid hosp,quantile,0.35,549.2815006707747
08,2026-08-15,0,2026-08-15,wk inc covid hosp,quantile,0.35,113.74172058100825
09,2026-08-15,0,2026-08-15,wk inc covid hosp,quantile,0.35,79.01294805620473
10,2026-08-15,0,2026-08-15,wk inc covid hosp,quantile,0.35,23.19724028078964
11,2026-08-15,0,2026-08-15,wk inc covid hosp,quantile,0.35,418.29282255502557
12,2026-08-15,0,2026-08-15,wk inc covid hosp,quantile,0.35,746.24220101595
13,2026-08-15,0,2026-08-15,wk inc covid hosp,quantile,0.35,190.15225685289084
15,2026-08-15,0,2026-08-15,wk inc covid hosp,quantile,0.35,45.20455488993176
16,2026-08-15,0,2026-08-15,wk inc covid hosp,quantile,0.35,88.74442158849848
17,2026-08-15,0,2026-08-15,wk inc covid hosp,quantile,0.35,173.0111364870539
18,2026-08-15,0,2026-08-15,wk inc covid hosp,quantile,0.35,130.74344675221923
19,2026-08-15,0,2026-08-15,wk inc covid hosp,quantile,0.35,58.54976077717958
20,2026-08-15,0,2026-08-15,wk inc covid hosp,quantile,0.35,102.17354623798086
21,2026-08-15,0,2026-08-15,wk inc covid hosp,quantile,0.35,114.89615412988145
22,2026-08-15,0,2026-08-15,wk inc covid hosp,quantile,0.35,114.10688892580193
23,2026-08-15,0,2026-08-15,wk inc covid hosp,quantile,0.35,68.47198777607582
24,2026-08-15,0,2026-08-15,wk inc covid hosp,quantile,0.35,120.55766498524783
25,2026-08-15,0,2026-08-15,wk inc covid hosp,quantile,0.35,244.70090410115532
26,2026-08-15,0,2026-08-15,wk inc covid hosp,quantile,0.35,177.12554210168634
27,2026-08-15,0,2026-08-15,wk inc covid hosp,quantile,0.35,76.74468693908916
28,2026-08-15,0,2026-08-15,wk inc covid hosp,quantile,0.35,120.21823721561003
29,2026-08-15,0,2026-08-15,wk inc covid hosp,quantile,0.35,121.21886398220238
30,2026-08-15,0,2026-08-15,wk inc covid hosp,quantile,0.35,40.51135768359941
31,2026-08-15,0,2026-08-15,wk inc covid hosp,quantile,0.35,44.45304876614624
32,2026-08-15,0,2026-08-15,wk inc covid hosp,quantile,0.35,53.18476782648167
33,2026-08-15,0,2026-08-15,wk inc covid hosp,quantile,0.35,125.09560303667806
34,2026-08-15,0,2026-08-15,wk inc covid hosp,quantile,0.35,119.67008267057186
35,2026-08-15,0,2026-08-15,wk inc covid hosp,quantile,0.35,260.27834165375265
36,2026-08-15,0,2026-08-15,wk inc covid hosp,quantile,0.35,538.3400714292682
37,2026-08-15,0,2026-08-15,wk inc covid hosp,quantile,0.35,180.9447109453916
38,2026-08-15,0,2026-08-15,wk inc covid hosp,quantile,0.35,130.03221757254477
39,2026-08-15,0,2026-08-15,wk inc covid hosp,quantile,0.35,184.45326382220358
40,2026-08-15,0,2026-08-15,wk inc covid hosp,quantile,0.35,105.69001994226433
41,2026-08-15,0,2026-08-15,wk inc covid hosp,quantile,0.35,145.7986435371008
42,2026-08-15,0,2026-08-15,wk inc covid hosp,quantile,0.35,205.16667134967088
44,2026-08-15,0,2026-08-15,wk inc covid hosp,quantile,0.35,61.526321813641495
45,2026-08-15,0,2026-08-15,wk inc covid hosp,quantile,0.35,70.82760276288795
46,2026-08-15,0,2026-08-15,wk inc covid hosp,quantile,0.35,73.5519993158444
47,2026-08-15,0,2026-08-15,wk inc covid hosp,quantile,0.35,408.32523930010683
48,2026-08-15,0,2026-08-15,wk inc covid hosp,quantile,0.35,423.0536744601204
49,2026-08-15,0,2026-08-15,wk inc covid hosp,quantile,0.35,30.608941360362028
50,2026-08-15,0,2026-08-15,wk inc covid hosp,quantile,0.35,58.67802068502575
51,2026-08-15,0,2026-08-15,wk inc covid hosp,quantile,0.35,186.24395826597546
53,2026-08-15,0,2026-08-15,wk inc covid hosp,quantile,0.35,75.91086422607991
54,2026-08-15,0,2026-08-15,wk inc covid hosp,quantile,0.35,93.57251773869027
55,2026-08-15,0,2026-08-15,wk inc covid hosp,quantile,0.35,111.65437946793278
56,2026-08-15,0,2026-08-15,wk inc covid hosp,quantile,0.35,22.76806199829667
72,2026-08-15,0,2026-08-15,wk inc covid hosp,quantile,0.35,3843.74118034783
US,2026-08-15,0,2026-08-15,wk inc covid hosp,quantile,0.35,1990.8122491712659
01,2026-08-15,1,2026-08-22,wk inc covid hosp,quantile,0.35,123.501831764268
02,2026-08-15,1,2026-08-22,wk inc covid hosp,quantile,0.35,50.22250553790768
04,2026-08-15,1,2026-08-22,wk inc covid hosp,quantile,0.35,164.55928399605745
05,2026-08-15,1,2026-08-22,wk inc covid hosp,quantile,0.35,465.0173713548836
06,2026-08-15,1,2026-08-22,wk inc covid hosp,quantile,0.35,635.1727918005589
08,2026-08-15,1,2026-08-22,wk inc covid hosp,quantile,0.35,136.46237800305164
09,2026-08-15,1,2026-08-22,wk inc covid hosp,quantile,0.35,96.39189723181832
10,2026-08-15,1,2026-08-22,wk inc covid hosp,quantile,0.35,28.82134014070927
11,2026-08-15,1,2026-08-22,wk inc covid hosp,quantile,0.35,511.1478170234305
12,2026-08-15,1,2026-08-22,wk inc covid hosp,quantile,0.35,834.8458478116194
13,2026-08-15,1,2026-08-22,wk inc covid hosp,quantile,0.35,227.55847346490367
15,2026-08-15,1,2026-08-22,wk inc covid hosp,quantile,0.35,50.74827880775566
16,2026-08-15,1,2026-08-22,wk inc covid hosp,quantile,0.35,109.78132736231977
17,2026-08-15,1,2026-08-22,wk inc covid hosp,quantile,0.35,211.5250204074212
18,2026-08-15,1,2026-08-22,wk inc covid hosp,quantile,0.35,161.26846988689593
19,2026-08-15,1,2026-08-22,wk inc covid hosp,quantile,0.35,70.92417895215878
20,2026-08-15,1,2026-08-22,wk inc covid hosp,quantile,0.35,124.55754463382306
21,2026-08-15,1,2026-08-22,wk inc covid hosp,quantile,0.35,137.44989156588233
22,2026-08-15,1,2026-08-22,wk inc covid hosp,quantile,0.35,125.35158322949316
23,2026-08-15,1,2026-08-22,wk inc covid hosp,quantile,0.35,83.94404480604243
24,2026-08-15,1,2026-08-22,wk inc covid hosp,quantile,0.35,148.59108161260758
25,2026-08-15,1,2026-08-22,wk inc covid hosp,quantile,0.35,307.7801365436164
26,2026-08-15,1,2026-08-22,wk inc covid hosp,quantile,0.35,220.97469623395034
27,2026-08-15,1,2026-08-22,wk inc covid hosp,quantile,0.35,94.13747433360383
28,2026-08-15,1,2026-08-22,wk inc covid hosp,quantile,0.35,135.90457875043433
29,2026-08-15,1,2026-08-22,wk inc covid hosp,quantile,0.35,151.4459829773743
30,2026-08-15,1,2026-08-22,wk inc covid hosp,quantile,0.35,49.480940750200524
31,2026-08-15,1,2026-08-22,wk inc covid hosp,quantile,0.35,55.7719683920066
32,2026-08-15,1,2026-08-22,wk inc covid hosp,quantile,0.35,61.20977709094153
33,2026-08-15,1,2026-08-22,wk inc covid hosp,quantile,0.35,149.8655898115893
34,2026-08-15,1,2026-08-22,wk inc covid hosp,quantile,0.35,140.0862423891593
35,2026-08-15,1,2026-08-22,wk inc covid hosp,quantile,0.35,314.99228304491277
36,2026-08-15,1,2026-08-22,wk inc covid hosp,quantile,0.35,659.6446317830842
37,2026-08-15,1,2026-08-22,wk inc covid hosp,quantile,0.35,213.3868870813911
38,2026-08-15,1,2026-08-22,wk inc covid hosp,quantile,0.35,152.66228688461015
39,2026-08-15,1,2026-08-22,wk inc covid hosp,quantile,0.35,225.71663173378215
40,2026-08-15,1,2026-08-22,wk inc covid hosp,quantile,0.35,129.2183791537041
41,2026-08-15,1,2026-08-22,wk inc covid hosp,quantile,0.35,178.28115511017955
42,2026-08-15,1,2026-08-22,wk inc covid hosp,quantile,0.35,254.22295794436846
44,2026-08-15,1,2026-08-22,wk inc covid hosp,quantile,0.35,75.04106824308185
45,2026-08-15,1,2026-08-22,wk inc covid hosp,quantile,0.35,84.82307703233649
46,2026-08-15,1,2026-08-22,wk inc covid hosp,quantile,0.35,90.43723232883234
47,2026-08-15,1,2026-08-22,wk inc covid hosp,quantile,0.35,483.6319509525263
48,2026-08-15,1,2026-08-22,wk inc covid hosp,quantile,0.35,476.69105946538707
49,2026-08-15,1,2026-08-22,wk inc covid hosp,quantile,0.35,36.91823098722303
50,2026-08-15,1,2026-08-22,wk inc covid hosp,quantile,0.35,69.91580062389947
51,2026-08-15,1,2026-08-22,wk inc covid hosp,quantile,0.35,228.44064227143693
53,2026-08-15,1,2026-08-22,wk inc covid hosp,quantile,0.35,89.64365435740456
54,2026-08-15,1,2026-08-22,wk inc covid hosp,quantile,0.35,118.65944025750898
55,2026-08-15,1,2026-08-22,wk inc covid hosp,quantile,0.35,142.0666368761176
56,2026-08-15,1,2026-08-22,wk inc covid hosp,quantile,0.35,26.462247546566154
72,2026-08-15,1,2026-08-22,wk inc covid hosp,quantile,0.35,4084.7624797557596
US,2026-08-15,1,2026-08-22,wk inc covid hosp,quantile,0.35,2251.101449806444
01,2026-08-15,2,2026-08-29,wk inc covid hosp,quantile,0.35,133.37772911117312
02,2026-08-15,2,2026-08-29,wk inc covid hosp,quantile,0.35,55.870793845812955
04,2026-08-15,2,2026-08-29,wk inc covid hosp,quantile,0.35,184.12630309543076
05,2026-08-15,2,2026-08-29,wk inc covid hosp,quantile,0.35,530.8541011275606
06,2026-08-15,2,2026-08-29,wk inc covid hosp,quantile,0.35,701.4279673087797
08,2026-08-15,2,2026-08-29,wk inc covid hosp,quantile,0.35,158.6593836509772
09,2026-08-15,2,2026-08-29,wk inc covid hosp,quantile,0.35,110.7187887156533
10,2026-08-15,2,2026-08-29,wk inc covid hosp,quantile,0.35,33.3369005952323
11,2026-08-15,2,2026-08-29,wk inc covid hosp,quantile,0.35,585.7294234408687
12,2026-08-15,2,2026-08-29,wk inc covid hosp,quantile,0.35,888.942681601999
13,2026-08-15,2,2026-08-29,wk inc covid hosp,quantile,0.35,255.16871640746945
15,2026-08-15,2,2026-08-29,wk inc covid hosp,quantile,0.35,56.539686823718014
16,2026-08-15,2,2026-08-29,wk inc covid hosp,quantile,0.35,122.42327796378672
17,2026-08-15,2,2026-08-29,wk inc covid hosp,quantile,0.35,247.9989924334818
18,2026-08-15,2,2026-08-29,wk inc covid hosp,quantile,0.35,189.2296119472366
19,2026-08-15,2,2026-08-29,wk inc covid hosp,quantile,0.35,81.2978562981127
20,2026-08-15,2,2026-08-29,wk inc covid hosp,quantile,0.35,141.54521146418054
21,2026-08-15,2,2026-08-29,wk inc covid hosp,quantile,0.35,162.12796530792548
22,2026-08-15,2,2026-08-29,wk inc covid hosp,quantile,0.35,138.7794119232042
23,2026-08-15,2,2026-08-29,wk inc covid hosp,quantile,0.35,97.47013539932192
24,2026-08-15,2,2026-08-29,wk inc covid hosp,quantile,0.35,172.842708560166
25,2026-08-15,2,2026-08-29,wk inc covid hosp,quantile,0.35,362.42839633609344
26,2026-08-15,2,2026-08-29,wk inc covid hosp,quantile,0.35,263.114107477759
27,2026-08-15,2,2026-08-29,wk inc covid hosp,quantile,0.35,109.27217456249613
28,2026-08-15,2,2026-08-29,wk inc covid hosp,quantile,0.35,146.51267747481018
29,2026-08-15,2,2026-08-29,wk inc covid hosp,quantile,0.35,179.5565059037618
30,2026-08-15,2,2026-08-29,wk inc covid hosp,quantile,0.35,55.177766269806064
31,2026-08-15,2,2026-08-29,wk inc covid hosp,quantile,0.35,63.9925924998409
32,2026-08-15,2,2026-08-29,wk inc covid hosp,quantile,0.35,67.39840928342707
33,2026-08-15,2,2026-08-29,wk inc covid hosp,quantile,0.35,175.59193457513467
34,2026-08-15,2,2026-08-29,wk inc covid hosp,quantile,0.35,162.9634477963365
35,2026-08-15,2,2026-08-29,wk inc covid hosp,quantile,0.35,357.9920607253522
36,2026-08-15,2,2026-08-29,wk inc covid hosp,quantile,0.35,769.5367380730759
37,2026-08-15,2,2026-08-29,wk inc covid hosp,quantile,0.35,238.024173688733
38,2026-08-15,2,2026-08-29,wk inc covid hosp,quantile,0.35,178.96936788840625
39,2026-08-15,2,2026-08-29,wk inc covid hosp,quantile,0.35,262.45513794085156
40,2026-08-15,2,2026-08-29,wk inc covid hosp,quantile,0.35,151.0195029100819
41,2026-08-15,2,2026-08-29,wk inc covid hosp,quantile,0.35,201.5312002621147
42,2026-08-15,2,2026-08-29,wk inc covid hosp,quantile,0.35,298.84064647037906
44,2026-08-15,2,2026-08-29,wk inc covid hosp,quantile,0.35,84.82711145287603
45,2026-08-15,2,2026-08-29,wk inc covid hosp,quantile,0.35,94.45141853794254
46,2026-08-15,2,2026-08-29,wk inc covid hosp,quantile,0.35,104.97210513601861
47,2026-08-15,2,2026-08-29,wk inc covid hosp,quantile,0.35,551.4211740697272
48,2026-08-15,2,2026-08-29,wk inc covid hosp,quantile,0.35,518.3131279938991
49,2026-08-15,2,2026-08-29,wk inc covid hosp,quantile,0.35,40.547399526946585
50,2026-08-15,2,2026-08-29,wk inc covid hosp,quantile,0.35,74.456669836659
51,2026-08-15,2,2026-08-29,wk inc covid hosp,quantile,0.35,262.40548463986903
53,2026-08-15,2,2026-08-29,wk inc covid hosp,quantile,0.35,100.25983818815762
54,2026-08-15,2,2026-08-29,wk inc covid hosp,quantile,0.35,139.7060445961014
55,2026-08-15,2,2026-08-29,wk inc covid hosp,quantile,0.35,164.49684594651904
56,2026-08-15,2,2026-08-29,wk inc covid hosp,quantile,0.35,30.324308278247916
72,2026-08-15,2,2026-08-29,wk inc covid hosp,quantile,0.35,4314.19601086458
US,2026-08-15,2,2026-08-29,wk inc covid hosp,quantile,0.35,2558.9742533493736
01,2026-08-15,3,2026-09-05,wk inc covid hosp,quantile,0.35,142.98522003261397
02,2026-08-15,3,2026-09-05,wk inc covid hosp,quantile,0.35,57.509784153776216
04,2026-08-15,3,2026-09-05,wk inc covid hosp,quantile,0.35,198.55164656487497
05,2026-08-15,3,2026-09-05,wk inc covid hosp,quantile,0.35,575.5401083467905
06,2026-08-15,3,2026-09-05,wk inc covid hosp,quantile,0.35,746.493481123424
08,2026-08-15,3,2026-09-05,wk inc covid hosp,quantile,0.35,170.7612746931765
09,2026-08-15,3,2026-09-05,wk inc covid hosp,quantile,0.35,120.22462748996803
10,2026-08-15,3,2026-09-05,wk inc covid hosp,quantile,0.35,35.64624382494352
11,2026-08-15,3,2026-09-05,wk inc covid hosp,quantile,0.35,633.6250815742177
12,2026-08-15,3,2026-09-05,wk inc covid hosp,quantile,0.35,904.1835180234694
13,2026-08-15,3,2026-09-05,wk inc covid hosp,quantile,0.35,271.70565381792613
15,2026-08-15,3,2026-09-05,wk inc covid hosp,quantile,0.35,56.94216292578306
16,2026-08-15,3,2026-09-05,wk inc covid hosp,quantile,0.35,135.27055748715188
17,2026-08-15,3,2026-09-05,wk inc covid hosp,quantile,0.35,276.06041172157563
18,2026-08-15,3,2026-09-05,wk inc covid hosp,quantile,0.35,205.47883431453675
19,2026-08-15,3,2026-09-05,wk inc covid hosp,quantile,0.35,90.48383663692334
20,2026-08-15,3,2026-09-05,wk inc covid hosp,quantile,0.35,151.75372121955292
21,2026-08-15,3,2026-09-05,wk inc covid hosp,quantile,0.35,175.0743407909944
22,2026-08-15,3,2026-09-05,wk inc covid hosp,quantile,0.35,135.4485986041848
23,2026-08-15,3,2026-09-05,wk inc covid hosp,quantile,0.35,108.04517164701608
24,2026-08-15,3,2026-09-05,wk inc covid hosp,quantile,0.35,189.74258652226422
25,2026-08-15,3,2026-09-05,wk inc covid hosp,quantile,0.35,401.7056560519778
26,2026-08-15,3,2026-09-05,wk inc covid hosp,quantile,0.35,294.36261060877507
27,2026-08-15,3,2026-09-05,wk inc covid hosp,quantile,0.35,121.97820548067901
28,2026-08-15,3,2026-09-05,wk inc covid hosp,quantile,0.35,150.81086483490714
29,2026-08-15,3,2026-09-05,wk inc covid hosp,quantile,0.35,196.9768029890992
30,2026-08-15,3,2026-09-05,wk inc covid hosp,quantile,0.35,59.94203260238025
31,2026-08-15,3,2026-09-05,wk inc covid hosp,quantile,0.35,69.83708013829734
32,2026-08-15,3,2026-09-05,wk inc covid hosp,quantile,0.35,68.93285061953135
33,2026-08-15,3,2026-09-05,wk inc covid hosp,quantile,0.35,189.28807349958964
34,2026-08-15,3,2026-09-05,wk inc covid hosp,quantile,0.35,177.63688783885152
35,2026-08-15,3,2026-09-05,wk inc covid hosp,quantile,0.35,387.08892870102204
36,2026-08-15,3,2026-09-05,wk inc covid hosp,quantile,0.35,829.3261349150305
37,2026-08-15,3,2026-09-05,wk inc covid hosp,quantile,0.35,254.16475436997368
38,2026-08-15,3,2026-09-05,wk inc covid hosp,quantile,0.35,182.98109942418083
39,2026-08-15,3,2026-09-05,wk inc covid hosp,quantile,0.35,291.6339395915619
40,2026-08-15,3,2026-09-05,wk inc covid hosp,quantile,0.35,164.0039961564842
41,2026-08-15,3,2026-09-05,wk inc covid hosp,quantile,0.35,218.39345896271757
42,2026-08-15,3,2026-09-05,wk inc covid hosp,quantile,0.35,322.4033847492118
44,2026-08-15,3,2026-09-05,wk inc covid hosp,quantile,0.35,90.31015180826562
45,2026-08-15,3,2026-09-05,wk inc covid hosp,quantile,0.35,100.77923979637042
46,2026-08-15,3,2026-09-05,wk inc covid hosp,quantile,0.35,115.07518424602826
47,2026-08-15,3,2026-09-05,wk inc covid hosp,quantile,0.35,588.9320820096889
48,2026-08-15,3,2026-09-05,wk inc covid hosp,quantile,0.35,548.2362592824799
49,2026-08-15,3,2026-09-05,wk inc covid hosp,quantile,0.35,43.241361121718704
50,2026-08-15,3,2026-09-05,wk inc covid hosp,quantile,0.35,82.84876609183104
51,2026-08-15,3,2026-09-05,wk inc covid hosp,quantile,0.35,286.05359383151006
53,2026-08-15,3,2026-09-05,wk inc covid hosp,quantile,0.35,107.4036260239817
54,2026-08-15,3,2026-09-05,wk inc covid hosp,quantile,0.35,156.52008613373718
55,2026-08-15,3,2026-09-05,wk inc covid hosp,quantile,0.35,185.41128159669321
56,2026-08-15,3,2026-09-05,wk inc covid hosp,quantile,0.35,31.106914596274652
72,2026-08-15,3,2026-09-05,wk inc covid hosp,quantile,0.35,4359.655901981902
US,2026-08-15,3,2026-09-05,wk inc covid hosp,quantile,0.35,2904.9973393236937
01,2026-08-15,0,2026-08-15,wk inc covid hosp,quantile,0.4,108.05525290496907
02,2026-08-15,0,2026-08-15,wk inc covid hosp,quantile,0.4,48.924155714322794
04,2026-08-15,0,2026-08-15,wk inc covid hosp,quantile,0.4,138.89516787010254
05,2026-08-15,0,2026-08-15,wk inc covid hosp,quantile,0.4,400.78132667363934
06,2026-08-15,0,2026-08-15,wk inc covid hosp,quantile,0.4,559.111075054616
08,2026-08-15,0,2026-08-15,wk inc covid hosp,quantile,0.4,117.2930012263143
09,2026-08-15,0,2026-08-15,wk inc covid hosp,quantile,0.4,82.10430758229742
10,2026-08-15,0,2026-08-15,wk inc covid hosp,quantile,0.4,24.152824878885475
11,2026-08-15,0,2026-08-15,wk inc covid hosp,quantile,0.4,440.89466635061115
12,2026-08-15,0,2026-08-15,wk inc covid hosp,quantile,0.4,770.9917399082135
13,2026-08-15,0,2026-08-15,wk inc covid hosp,quantile,0.4,194.81863432698688
15,2026-08-15,0,2026-08-15,wk inc covid hosp,quantile,0.4,46.839962477939046
16,2026-08-15,0,2026-08-15,wk inc covid hosp,quantile,0.4,93.84434869240513
17,2026-08-15,0,2026-08-15,wk inc covid hosp,quantile,0.4,178.1728188881295
18,2026-08-15,0,2026-08-15,wk inc covid hosp,quantile,0.4,134.43710702185837
19,2026-08-15,0,2026-08-15,wk inc covid hosp,quantile,0.4,60.76252005904556
20,2026-08-15,0,2026-08-15,wk inc covid hosp,quantile,0.4,105.7182045683307
21,2026-08-15,0,2026-08-15,wk inc covid hosp,quantile,0.4,118.94125676964028
22,2026-08-15,0,2026-08-15,wk inc covid hosp,quantile,0.4,117.645405212094
23,2026-08-15,0,2026-08-15,wk inc covid hosp,quantile,0.4,71.30671346149941
24,2026-08-15,0,2026-08-15,wk inc covid hosp,quantile,0.4,125.10699910263496
25,2026-08-15,0,2026-08-15,wk inc covid hosp,quantile,0.4,253.00598525762965
26,2026-08-15,0,2026-08-15,wk inc covid hosp,quantile,0.4,184.53717415292292
27,2026-08-15,0,2026-08-15,wk inc covid hosp,quantile,0.4,79.14291334311694
28,2026-08-15,0,2026-08-15,wk inc covid hosp,quantile,0.4,124.66062020275999
29,2026-08-15,0,2026-08-15,wk inc covid hosp,quantile,0.4,124.99403745218065
30,2026-08-15,0,2026-08-15,wk inc covid hosp,quantile,0.4,42.55947137918967
31,2026-08-15,0,2026-08-15,wk inc covid hosp,quantile,0.4,46.77316821146394
32,2026-08-15,0,2026-08-15,wk inc covid hosp,quantile,0.4,54.890329515566826
33,2026-08-15,0,2026-08-15,wk inc covid hosp,quantile,0.4,131.97297944993238
34,2026-08-15,0,2026-08-15,wk inc covid hosp,quantile,0.4,124.62902344524953
35,2026-08-15,0,2026-08-15,wk inc covid hosp,quantile,0.4,269.74181913598085
36,2026-08-15,0,2026-08-15,wk inc covid hosp,quantile,0.4,551.085914822444
37,2026-08-15,0,2026-08-15,wk inc covid hosp,quantile,0.4,185.51795356623833
38,2026-08-15,0,2026-08-15,wk inc covid hosp,quantile,0.4,136.62468638253515
39,2026-08-15,0,2026-08-15,wk inc covid hosp,quantile,0.4,189.98771275998848
40,2026-08-15,0,2026-08-15,wk inc covid hosp,quantile,0.4,108.9768482232905
41,2026-08-15,0,2026-08-15,wk inc covid hosp,quantile,0.4,150.94338494872918
42,2026-08-15,0,2026-08-15,wk inc covid hosp,quantile,0.4,212.9549931944113
44,2026-08-15,0,2026-08-15,wk inc covid hosp,quantile,0.4,65.43517684060093
45,2026-08-15,0,2026-08-15,wk inc covid hosp,quantile,0.4,73.39403047691388
46,2026-08-15,0,2026-08-15,wk inc covid hosp,quantile,0.4,77.93354649090176
47,2026-08-15,0,2026-08-15,wk inc covid hosp,quantile,0.4,422.96809353827507
48,2026-08-15,0,2026-08-15,wk inc covid hosp,quantile,0.4,435.50233601494
49,2026-08-15,0,2026-08-15,wk inc covid hosp,quantile,0.4,31.728632367914248
50,2026-08-15,0,2026-08-15,wk inc covid hosp,quantile,0.4,63.23727024965116
51,2026-08-15,0,2026-08-15,wk inc covid hosp,quantile,0.4,192.10662353204427
53,2026-08-15,0,2026-08-15,wk inc covid hosp,quantile,0.4,77.50965882900431
54,2026-08-15,0,2026-08-15,wk inc covid hosp,quantile,0.4,96.86660662577668
55,2026-08-15,0,2026-08-15,wk inc covid hosp,quantile,0.4,115.503862573311
56,2026-08-15,0,2026-08-15,wk inc covid hosp,quantile,0.4,24.99482006366726
72,2026-08-15,0,2026-08-15,wk inc covid hosp,quantile,0.4,4023.961918987525
US,2026-08-15,0,2026-08-15,wk inc covid hosp,quantile,0.4,2054.356213232027
01,2026-08-15,1,2026-08-22,wk inc covid hosp,quantile,0.4,127.70305321734605
02,2026-08-15,1,2026-08-22,wk inc covid hosp,quantile,0.4,54.76610872043146
04,2026-08-15,1,2026-08-22,wk inc covid hosp,quantile,0.4,170.77799317726937
05,2026-08-15,1,2026-08-22,wk inc covid hosp,quantile,0.4,490.57044369045497
06,2026-08-15,1,2026-08-22,wk inc covid hosp,quantile,0.4,651.807675240978
08,2026-08-15,1,2026-08-22,wk inc covid hosp,quantile,0.4,142.7731828024022
09,2026-08-15,1,2026-08-22,wk inc covid hosp,quantile,0.4,102.04750552671896
10,2026-08-15,1,2026-08-22,wk inc covid hosp,quantile,0.4,30.66212750462814
11,2026-08-15,1,2026-08-22,wk inc covid hosp,quantile,0.4,545.0812719010567
12,2026-08-15,1,2026-08-22,wk inc covid hosp,quantile,0.4,871.0129665133709
13,2026-08-15,1,2026-08-22,wk inc covid hosp,quantile,0.4,235.49212330826379
15,2026-08-15,1,2026-08-22,wk inc covid hosp,quantile,0.4,53.30703879637885
16,2026-08-15,1,2026-08-22,wk inc covid hosp,quantile,0.4,116.65248427713219
17,2026-08-15,1,2026-08-22,wk inc covid hosp,quantile,0.4,220.20976012332133
18,2026-08-15,1,2026-08-22,wk inc covid hosp,quantile,0.4,168.37351386818477
19,2026-08-15,1,2026-08-22,wk inc covid hosp,quantile,0.4,74.6927735752046
20,2026-08-15,1,2026-08-22,wk inc covid hosp,quantile,0.4,130.86577555066094
21,2026-08-15,1,2026-08-22,wk inc covid hosp,quantile,0.4,144.50862444095944
22,2026-08-15,1,2026-08-22,wk inc covid hosp,quantile,0.4,129.9853026167938
23,2026-08-15,1,2026-08-22,wk inc covid hosp,quantile,0.4,88.51769879454076
24,2026-08-15,1,2026-08-22,wk inc covid hosp,quantile,0.4,154.8460628600475
25,2026-08-15,1,2026-08-22,wk inc covid hosp,quantile,0.4,320.6225926192806
26,2026-08-15,1,2026-08-22,wk inc covid hosp,quantile,0.4,233.026197295987
27,2026-08-15,1,2026-08-22,wk inc covid hosp,quantile,0.4,98.47796523451572
28,2026-08-15,1,2026-08-22,wk inc covid hosp,quantile,0.4,143.0573945477325
29,2026-08-15,1,2026-08-22,wk inc covid hosp,quantile,0.4,157.8801425424285
30,2026-08-15,1,2026-08-22,wk inc covid hosp,quantile,0.4,52.64630035264232
31,2026-08-15,1,2026-08-22,wk inc covid hosp,quantile,0.4,59.68408115762202
32,2026-08-15,1,2026-08-22,wk inc covid hosp,quantile,0.4,63.847566823694535
33,2026-08-15,1,2026-08-22,wk inc covid hosp,quantile,0.4,160.36882322508043
34,2026-08-15,1,2026-08-22,wk inc covid hosp,quantile,0.4,146.83681769884214
35,2026-08-15,1,2026-08-22,wk inc covid hosp,quantile,0.4,331.7601971624845
36,2026-08-15,1,2026-08-22,wk inc covid hosp,quantile,0.4,678.7942570646593
37,2026-08-15,1,2026-08-22,wk inc covid hosp,quantile,0.4,220.86845279545568
38,2026-08-15,1,2026-08-22,wk inc covid hosp,quantile,0.4,162.9508731929525
39,2026-08-15,1,2026-08-22,wk inc covid hosp,quantile,0.4,235.9109812872095
40,2026-08-15,1,2026-08-22,wk inc covid hosp,quantile,0.4,135.2434954334568
41,2026-08-15,1,2026-08-22,wk inc covid hosp,quantile,0.4,185.9599356438949
42,2026-08-15,1,2026-08-22,wk inc covid hosp,quantile,0.4,266.01623711051053
44,2026-08-15,1,2026-08-22,wk inc covid hosp,quantile,0.4,80.67402548864409
45,2026-08-15,1,2026-08-22,wk inc covid hosp,quantile,0.4,88.80372578644334
46,2026-08-15,1,2026-08-22,wk inc covid hosp,quantile,0.4,98.44634890127085
47,2026-08-15,1,2026-08-22,wk inc covid hosp,quantile,0.4,503.4951801782042
48,2026-08-15,1,2026-08-22,wk inc covid hosp,quantile,0.4,496.8555286045719
49,2026-08-15,1,2026-08-22,wk inc covid hosp,quantile,0.4,38.87600571828308
50,2026-08-15,1,2026-08-22,wk inc covid hosp,quantile,0.4,76.23184204027855
51,2026-08-15,1,2026-08-22,wk inc covid hosp,quantile,0.4,237.75945439706248
53,2026-08-15,1,2026-08-22,wk inc covid hosp,quantile,0.4,92.81036861570777
54,2026-08-15,1,2026-08-22,wk inc covid hosp,quantile,0.4,126.72496820996989
55,2026-08-15,1,2026-08-22,wk inc covid hosp,quantile,0.4,147.729463466281
56,2026-08-15,1,2026-08-22,wk inc covid hosp,quantile,0.4,29.99833117582195
72,2026-08-15,1,2026-08-22,wk inc covid hosp,quantile,0.4,4313.579239963393
US,2026-08-15,1,2026-08-22,wk inc covid hosp,quantile,0.4,2365.924835971312
01,2026-08-15,2,2026-08-29,wk inc covid hosp,quantile,0.4,138.61819555498673
02,2026-08-15,2,2026-08-29,wk inc covid hosp,quantile,0.4,62.512049861203664
04,2026-08-15,2,2026-08-29,wk inc covid hosp,quantile,0.4,194.4910422871374
05,2026-08-15,2,2026-08-29,wk inc covid hosp,quantile,0.4,568.0831409348455
06,2026-08-15,2,2026-08-29,wk inc covid hosp,quantile,0.4,723.5620308143499
08,2026-08-15,2,2026-08-29,wk inc covid hosp,quantile,0.4,167.14603883329772
09,2026-08-15,2,2026-08-29,wk inc covid hosp,quantile,0.4,118.02913121649837
10,2026-08-15,2,2026-08-29,wk inc covid hosp,quantile,0.4,35.71873278782985
11,2026-08-15,2,2026-08-29,wk inc covid hosp,quantile,0.4,634.7136222061648
12,2026-08-15,2,2026-08-29,wk inc covid hosp,quantile,0.4,943.0369574793884
13,2026-08-15,2,2026-08-29,wk inc covid hosp,quantile,0.4,264.05562428636176
15,2026-08-15,2,2026-08-29,wk inc covid hosp,quantile,0.4,59.63939851717075
16,2026-08-15,2,2026-08-29,wk inc covid hosp,quantile,0.4,132.6554693368149
17,2026-08-15,2,2026-08-29,wk inc covid hosp,quantile,0.4,261.94240347236473
18,2026-08-15,2,2026-08-29,wk inc covid hosp,quantile,0.4,198.81406987268826
19,2026-08-15,2,2026-08-29,wk inc covid hosp,quantile,0.4,86.63016243911808
20,2026-08-15,2,2026-08-29,wk inc covid hosp,quantile,0.4,149.22051772947174
21,2026-08-15,2,2026-08-29,wk inc covid hosp,quantile,0.4,171.87391277788862
22,2026-08-15,2,2026-08-29,wk inc covid hosp,quantile,0.4,145.53140145667848
23,2026-08-15,2,2026-08-29,wk inc covid hosp,quantile,0.4,104.99597971966135
24,2026-08-15,2,2026-08-29,wk inc covid hosp,quantile,0.4,181.59265882725782
25,2026-08-15,2,2026-08-29,wk inc covid hosp,quantile,0.4,380.99658873085707
26,2026-08-15,2,2026-08-29,wk inc covid hosp,quantile,0.4,280.5482974889901
27,2026-08-15,2,2026-08-29,wk inc covid hosp,quantile,0.4,114.86383089402524
28,2026-08-15,2,2026-08-29,wk inc covid hosp,quantile,0.4,156.85782173433324
29,2026-08-15,2,2026-08-29,wk inc covid hosp,quantile,0.4,188.11594399257842
30,2026-08-15,2,2026-08-29,wk inc covid hosp,quantile,0.4,59.167139248599504
31,2026-08-15,2,2026-08-29,wk inc covid hosp,quantile,0.4,69.25926514447241
32,2026-08-15,2,2026-08-29,wk inc covid hosp,quantile,0.4,70.96336596743738
33,2026-08-15,2,2026-08-29,wk inc covid hosp,quantile,0.4,188.21727748791133
34,2026-08-15,2,2026-08-29,wk inc covid hosp,quantile,0.4,172.41261292902269
35,2026-08-15,2,2026-08-29,wk inc covid hosp,quantile,0.4,379.17310585489065
36,2026-08-15,2,2026-08-29,wk inc covid hosp,quantile,0.4,792.3838223158723
37,2026-08-15,2,2026-08-29,wk inc covid hosp,quantile,0.4,247.44864751294813
38,2026-08-15,2,2026-08-29,wk inc covid hosp,quantile,0.4,195.46740088842995
39,2026-08-15,2,2026-08-29,wk inc covid hosp,quantile,0.4,275.8291557893581
40,2026-08-15,2,2026-08-29,wk inc covid hosp,quantile,0.4,159.24425922795405
41,2026-08-15,2,2026-08-29,wk inc covid hosp,quantile,0.4,214.2694961726101
42,2026-08-15,2,2026-08-29,wk inc covid hosp,quantile,0.4,317.7651644453974
44,2026-08-15,2,2026-08-29,wk inc covid hosp,quantile,0.4,91.97018078248367
45,2026-08-15,2,2026-08-29,wk inc covid hosp,quantile,0.4,100.27078947098268
46,2026-08-15,2,2026-08-29,wk inc covid hosp,quantile,0.4,113.63701522443783
47,2026-08-15,2,2026-08-29,wk inc covid hosp,quantile,0.4,581.9289637814378
48,2026-08-15,2,2026-08-29,wk inc covid hosp,quantile,0.4,546.6561280412807
49,2026-08-15,2,2026-08-29,wk inc covid hosp,quantile,0.4,42.80225841791804
50,2026-08-15,2,2026-08-29,wk inc covid hosp,quantile,0.4,84.23620758374052
51,2026-08-15,2,2026-08-29,wk inc covid hosp,quantile,0.4,275.70992379103114
53,2026-08-15,2,2026-08-29,wk inc covid hosp,quantile,0.4,104.6513653147576
54,2026-08-15,2,2026-08-29,wk inc covid hosp,quantile,0.4,148.99788376336676
55,2026-08-15,2,2026-08-29,wk inc covid hosp,quantile,0.4,172.05240298478952
56,2026-08-15,2,2026-08-29,wk inc covid hosp,quantile,0.4,35.416015580204224
72,2026-08-15,2,2026-08-29,wk inc covid hosp,quantile,0.4,4592.482993990886
US,2026-08-15,2,2026-08-29,wk inc covid hosp,quantile,0.4,2685.500322629365
01,2026-08-15,3,2026-09-05,wk inc covid hosp,quantile,0.4,149.88100826971058
02,2026-08-15,3,2026-09-05,wk inc covid hosp,quantile,0.4,66.78914101914778
04,2026-08-15,3,2026-09-05,wk inc covid hosp,quantile,0.4,211.9623067147847
05,2026-08-15,3,2026-09-05,wk inc covid hosp,quantile,0.4,619.9790589622042
06,2026-08-15,3,2026-09-05,wk inc covid hosp,quantile,0.4,770.8183329758172
08,2026-08-15,3,2026-09-05,wk inc covid hosp,quantile,0.4,180.96497421414193
09,2026-08-15,3,2026-09-05,wk inc covid hosp,quantile,0.4,128.63597636551722
10,2026-08-15,3,2026-09-05,wk inc covid hosp,quantile,0.4,38.9331778213849
11,2026-08-15,3,2026-09-05,wk inc covid hosp,quantile,0.4,699.2749160678159
12,2026-08-15,3,2026-09-05,wk inc covid hosp,quantile,0.4,960.7189704851223
13,2026-08-15,3,2026-09-05,wk inc covid hosp,quantile,0.4,284.3058351103472
15,2026-08-15,3,2026-09-05,wk inc covid hosp,quantile,0.4,62.251769993200924
16,2026-08-15,3,2026-09-05,wk inc covid hosp,quantile,0.4,145.07143267306304
17,2026-08-15,3,2026-09-05,wk inc covid hosp,quantile,0.4,292.40888283408833
18,2026-08-15,3,2026-09-05,wk inc covid hosp,quantile,0.4,219.2908222649215
19,2026-08-15,3,2026-09-05,wk inc covid hosp,quantile,0.4,95.35492154872085
20,2026-08-15,3,2026-09-05,wk inc covid hosp,quantile,0.4,163.1420474520325
21,2026-08-15,3,2026-09-05,wk inc covid hosp,quantile,0.4,189.0478254285797
22,2026-08-15,3,2026-09-05,wk inc covid hosp,quantile,0.4,145.48354314046318
23,2026-08-15,3,2026-09-05,wk inc covid hosp,quantile,0.4,117.00567194091175
24,2026-08-15,3,2026-09-05,wk inc covid hosp,quantile,0.4,201.93645336033623
25,2026-08-15,3,2026-09-05,wk inc covid hosp,quantile,0.4,423.3326752030165
26,2026-08-15,3,2026-09-05,wk inc covid hosp,quantile,0.4,315.385132677322
27,2026-08-15,3,2026-09-05,wk inc covid hosp,quantile,0.4,128.99033532182236
28,2026-08-15,3,2026-09-05,wk inc covid hosp,quantile,0.4,160.88637753557921
29,2026-08-15,3,2026-09-05,wk inc covid hosp,quantile,0.4,208.8712455447575
30,2026-08-15,3,2026-09-05,wk inc covid hosp,quantile,0.4,66.41638253372238
31,2026-08-15,3,2026-09-05,wk inc covid hosp,quantile,0.4,75.38330641131091
32,2026-08-15,3,2026-09-05,wk inc covid hosp,quantile,0.4,73.62180443905798
33,2026-08-15,3,2026-09-05,wk inc covid hosp,quantile,0.4,204.95094295401842
34,2026-08-15,3,2026-09-05,wk inc covid hosp,quantile,0.4,191.7137861045005
35,2026-08-15,3,2026-09-05,wk inc covid hosp,quantile,0.4,414.51119431141444
36,2026-08-15,3,2026-09-05,wk inc covid hosp,quantile,0.4,859.9679026546041
37,2026-08-15,3,2026-09-05,wk inc covid hosp,quantile,0.4,267.22336513302525
38,2026-08-15,3,2026-09-05,wk inc covid hosp,quantile,0.4,204.84967095968514
39,2026-08-15,3,2026-09-05,wk inc covid hosp,quantile,0.4,306.3896493889749
40,2026-08-15,3,2026-09-05,wk inc covid hosp,quantile,0.4,174.91390237479862
41,2026-08-15,3,2026-09-05,wk inc covid hosp,quantile,0.4,233.9518349195895
42,2026-08-15,3,2026-09-05,wk inc covid hosp,quantile,0.4,345.55779659385723
44,2026-08-15,3,2026-09-05,wk inc covid hosp,quantile,0.4,99.10888558541706
45,2026-08-15,3,2026-09-05,wk inc covid hosp,quantile,0.4,106.24535861005599
46,2026-08-15,3,2026-09-05,wk inc covid hosp,quantile,0.4,126.5564391809366
47,2026-08-15,3,2026-09-05,wk inc covid hosp,quantile,0.4,626.0589022857918
48,2026-08-15,3,2026-09-05,wk inc covid hosp,quantile,0.4,582.0481633045436
49,2026-08-15,3,2026-09-05,wk inc covid hosp,quantile,0.4,46.77372472483466
50,2026-08-15,3,2026-09-05,wk inc covid hosp,quantile,0.4,96.59190676836435
51,2026-08-15,3,2026-09-05,wk inc covid hosp,quantile,0.4,301.7212648308
53,2026-08-15,3,2026-09-05,wk inc covid hosp,quantile,0.4,113.81546203325648
54,2026-08-15,3,2026-09-05,wk inc covid hosp,quantile,0.4,167.93551563278135
55,2026-08-15,3,2026-09-05,wk inc covid hosp,quantile,0.4,194.98625034169555
56,2026-08-15,3,2026-09-05,wk inc covid hosp,quantile,0.4,37.01594086013607
72,2026-08-15,3,2026-09-05,wk inc covid hosp,quantile,0.4,4799.217070661444
US,2026-08-15,3,2026-09-05,wk inc covid hosp,quantile,0.4,3048.4614108054116
01,2026-08-15,0,2026-08-15,wk inc covid hosp,quantile,0.45,111.03560126329072
02,2026-08-15,0,2026-08-15,wk inc covid hosp,quantile,0.45,52.09190437774402
04,2026-08-15,0,2026-08-15,wk inc covid hosp,quantile,0.45,143.56675473946234
05,2026-08-15,0,2026-08-15,wk inc covid hosp,quantile,0.45,418.4482650836545
06,2026-08-15,0,2026-08-15,wk inc covid hosp,quantile,0.45,568.4339448580665
08,2026-08-15,0,2026-08-15,wk inc covid hosp,quantile,0.45,120.3692382673507
09,2026-08-15,0,2026-08-15,wk inc covid hosp,quantile,0.45,85.16291579650395
10,2026-08-15,0,2026-08-15,wk inc covid hosp,quantile,0.45,25.2455125563401
11,2026-08-15,0,2026-08-15,wk inc covid hosp,quantile,0.45,462.67753492443836
12,2026-08-15,0,2026-08-15,wk inc covid hosp,quantile,0.45,793.7136270772594
13,2026-08-15,0,2026-08-15,wk inc covid hosp,quantile,0.45,199.46095561273586
15,2026-08-15,0,2026-08-15,wk inc covid hosp,quantile,0.45,48.3091134199022
16,2026-08-15,0,2026-08-15,wk inc covid hosp,quantile,0.45,97.75051217322802
17,2026-08-15,0,2026-08-15,wk inc covid hosp,quantile,0.45,182.78106184579443
18,2026-08-15,0,2026-08-15,wk inc covid hosp,quantile,0.45,139.2202413217662
19,2026-08-15,0,2026-08-15,wk inc covid hosp,quantile,0.45,62.77788686079928
20,2026-08-15,0,2026-08-15,wk inc covid hosp,quantile,0.45,109.6731916577773
21,2026-08-15,0,2026-08-15,wk inc covid hosp,quantile,0.45,122.54446951194046
22,2026-08-15,0,2026-08-15,wk inc covid hosp,quantile,0.45,121.24452892442233
23,2026-08-15,0,2026-08-15,wk inc covid hosp,quantile,0.45,74.60812652537223
24,2026-08-15,0,2026-08-15,wk inc covid hosp,quantile,0.45,129.571652342756
25,2026-08-15,0,2026-08-15,wk inc covid hosp,quantile,0.45,259.6892293316252
26,2026-08-15,0,2026-08-15,wk inc covid hosp,quantile,0.45,192.79969639488866
27,2026-08-15,0,2026-08-15,wk inc covid hosp,quantile,0.45,81.81409676148931
28,2026-08-15,0,2026-08-15,wk inc covid hosp,quantile,0.45,129.29549300565247
29,2026-08-15,0,2026-08-15,wk inc covid hosp,quantile,0.45,128.46012385274216
30,2026-08-15,0,2026-08-15,wk inc covid hosp,quantile,0.45,44.5688491636324
31,2026-08-15,0,2026-08-15,wk inc covid hosp,quantile,0.45,49.00215264004673
32,2026-08-15,0,2026-08-15,wk inc covid hosp,quantile,0.45,56.33408242247547
33,2026-08-15,0,2026-08-15,wk inc covid hosp,quantile,0.45,137.85525582297402
34,2026-08-15,0,2026-08-15,wk inc covid hosp,quantile,0.45,129.6696925998802
35,2026-08-15,0,2026-08-15,wk inc covid hosp,quantile,0.45,279.98367774628326
36,2026-08-15,0,2026-08-15,wk inc covid hosp,quantile,0.45,564.9067524054642
37,2026-08-15,0,2026-08-15,wk inc covid hosp,quantile,0.45,189.64140795204662
38,2026-08-15,0,2026-08-15,wk inc covid hosp,quantile,0.45,144.11316688586385
39,2026-08-15,0,2026-08-15,wk inc covid hosp,quantile,0.45,196.36739643662872
40,2026-08-15,0,2026-08-15,wk inc covid hosp,quantile,0.45,112.21545353631392
41,2026-08-15,0,2026-08-15,wk inc covid hosp,quantile,0.45,155.82324148513223
42,2026-08-15,0,2026-08-15,wk inc covid hosp,quantile,0.45,219.25997966372248
44,2026-08-15,0,2026-08-15,wk inc covid hosp,quantile,0.45,68.93872308322054
45,2026-08-15,0,2026-08-15,wk inc covid hosp,quantile,0.45,75.5722883850272
46,2026-08-15,0,2026-08-15,wk inc covid hosp,quantile,0.45,83.2347341388112
47,2026-08-15,0,2026-08-15,wk inc covid hosp,quantile,0.45,438.2963068121013
48,2026-08-15,0,2026-08-15,wk inc covid hosp,quantile,0.45,450.44483334036084
49,2026-08-15,0,2026-08-15,wk inc covid hosp,quantile,0.45,33.06782264653398
50,2026-08-15,0,2026-08-15,wk inc covid hosp,quantile,0.45,67.75211713000708
51,2026-08-15,0,2026-08-15,wk inc covid hosp,quantile,0.45,196.18859348796227
53,2026-08-15,0,2026-08-15,wk inc covid hosp,quantile,0.45,79.86929872341271
54,2026-08-15,0,2026-08-15,wk inc covid hosp,quantile,0.45,100.7913915539993
55,2026-08-15,0,2026-08-15,wk inc covid hosp,quantile,0.45,118.72025606432311
56,2026-08-15,0,2026-08-15,wk inc covid hosp,quantile,0.45,27.118197082050944
72,2026-08-15,0,2026-08-15,wk inc covid hosp,quantile,0.45,4184.84366580442
US,2026-08-15,0,2026-08-15,wk inc covid hosp,quantile,0.45,2114.2566512251656
01,2026-08-15,1,2026-08-22,wk inc covid hosp,quantile,0.45,132.070250988902
02,2026-08-15,1,2026-08-22,wk inc covid hosp,quantile,0.45,60.863758774099324
04,2026-08-15,1,2026-08-22,wk inc covid hosp,quantile,0.45,177.94450834276222
05,2026-08-15,1,2026-08-22,wk inc covid hosp,quantile,0.45,515.9495336632758
06,2026-08-15,1,2026-08-22,wk inc covid hosp,quantile,0.45,665.9619983952349
08,2026-08-15,1,2026-08-22,wk inc covid hosp,quantile,0.45,149.13893010867338
09,2026-08-15,1,2026-08-22,wk inc covid hosp,quantile,0.45,107.32173279795623
10,2026-08-15,1,2026-08-22,wk inc covid hosp,quantile,0.45,32.35640297297201
11,2026-08-15,1,2026-08-22,wk inc covid hosp,quantile,0.45,580.4316227471456
12,2026-08-15,1,2026-08-22,wk inc covid hosp,quantile,0.45,910.7582513973314
13,2026-08-15,1,2026-08-22,wk inc covid hosp,quantile,0.45,243.32628302946708
15,2026-08-15,1,2026-08-22,wk inc covid hosp,quantile,0.45,55.676437015742025
16,2026-08-15,1,2026-08-22,wk inc covid hosp,quantile,0.45,124.16153973053967
17,2026-08-15,1,2026-08-22,wk inc covid hosp,quantile,0.45,229.11001323333238
18,2026-08-15,1,2026-08-22,wk inc covid hosp,quantile,0.45,174.64957688494346
19,2026-08-15,1,2026-08-22,wk inc covid hosp,quantile,0.45,78.04711985724856
20,2026-08-15,1,2026-08-22,wk inc covid hosp,quantile,0.45,136.21401120897477
21,2026-08-15,1,2026-08-22,wk inc covid hosp,quantile,0.45,151.85066494477005
22,2026-08-15,1,2026-08-22,wk inc covid hosp,quantile,0.45,134.33882330655197
23,2026-08-15,1,2026-08-22,wk inc covid hosp,quantile,0.45,94.22146540215965
24,2026-08-15,1,2026-08-22,wk inc covid hosp,quantile,0.45,162.64261427780707
25,2026-08-15,1,2026-08-22,wk inc covid hosp,quantile,0.45,331.73452763254437
26,2026-08-15,1,2026-08-22,wk inc covid hosp,quantile,0.45,244.3947581676036
27,2026-08-15,1,2026-08-22,wk inc covid hosp,quantile,0.45,103.17819454354644
28,2026-08-15,1,2026-08-22,wk inc covid hosp,quantile,0.45,150.86572290218504
29,2026-08-15,1,2026-08-22,wk inc covid hosp,quantile,0.45,163.32158344845513
30,2026-08-15,1,2026-08-22,wk inc covid hosp,quantile,0.45,55.7310260941436
31,2026-08-15,1,2026-08-22,wk inc covid hosp,quantile,0.45,63.165912346556524
32,2026-08-15,1,2026-08-22,wk inc covid hosp,quantile,0.45,66.38129273551452
33,2026-08-15,1,2026-08-22,wk inc covid hosp,quantile,0.45,169.0618609547647
34,2026-08-15,1,2026-08-22,wk inc covid hosp,quantile,0.45,153.73076763263296
35,2026-08-15,1,2026-08-22,wk inc covid hosp,quantile,0.45,346.2487898278906
36,2026-08-15,1,2026-08-22,wk inc covid hosp,quantile,0.45,697.3955275042113
37,2026-08-15,1,2026-08-22,wk inc covid hosp,quantile,0.45,227.15969918977476
38,2026-08-15,1,2026-08-22,wk inc covid hosp,quantile,0.45,174.9555894979041
39,2026-08-15,1,2026-08-22,wk inc covid hosp,quantile,0.45,245.29676496313695
40,2026-08-15,1,2026-08-22,wk inc covid hosp,quantile,0.45,141.75490424435029
41,2026-08-15,1,2026-08-22,wk inc covid hosp,quantile,0.45,193.19439611530828
42,2026-08-15,1,2026-08-22,wk inc covid hosp,quantile,0.45,279.31170900371313
44,2026-08-15,1,2026-08-22,wk inc covid hosp,quantile,0.45,85.7545149773843
45,2026-08-15,1,2026-08-22,wk inc covid hosp,quantile,0.45,92.62959429372268
46,2026-08-15,1,2026-08-22,wk inc covid hosp,quantile,0.45,105.63709824530632
47,2026-08-15,1,2026-08-22,wk inc covid hosp,quantile,0.45,526.3521697736666
48,2026-08-15,1,2026-08-22,wk inc covid hosp,quantile,0.45,515.5837088816268
49,2026-08-15,1,2026-08-22,wk inc covid hosp,quantile,0.45,40.860687814308044
50,2026-08-15,1,2026-08-22,wk inc covid hosp,quantile,0.45,83.9954029553255
51,2026-08-15,1,2026-08-22,wk inc covid hosp,quantile,0.45,245.94216916015685
53,2026-08-15,1,2026-08-22,wk inc covid hosp,quantile,0.45,96.65935775637386
54,2026-08-15,1,2026-08-22,wk inc covid hosp,quantile,0.45,133.65125459550256
55,2026-08-15,1,2026-08-22,wk inc covid hosp,quantile,0.45,153.37206029363824
56,2026-08-15,1,2026-08-22,wk inc covid hosp,quantile,0.45,33.419653224135665
72,2026-08-15,1,2026-08-22,wk inc covid hosp,quantile,0.45,4554.259441761464
US,2026-08-15,1,2026-08-22,wk inc covid hosp,quantile,0.45,2454.0592460965163
01,2026-08-15,2,2026-08-29,wk inc covid hosp,quantile,0.45,144.55770155284944
02,2026-08-15,2,2026-08-29,wk inc covid hosp,quantile,0.45,69.03495876272409
04,2026-08-15,2,2026-08-29,wk inc covid hosp,quantile,0.45,204.24893663470147
05,2026-08-15,2,2026-08-29,wk inc covid hosp,quantile,0.45,607.5259022752343
06,2026-08-15,2,2026-08-29,wk inc covid hosp,quantile,0.45,741.3523871632432
08,2026-08-15,2,2026-08-29,wk inc covid hosp,quantile,0.45,176.03211586084117
09,2026-08-15,2,2026-08-29,wk inc covid hosp,quantile,0.45,125.81462053150472
10,2026-08-15,2,2026-08-29,wk inc covid hosp,quantile,0.45,38.32262143256188
11,2026-08-15,2,2026-08-29,wk inc covid hosp,quantile,0.45,686.2549795591775
12,2026-08-15,2,2026-08-29,wk inc covid hosp,quantile,0.45,988.3918315073089
13,2026-08-15,2,2026-08-29,wk inc covid hosp,quantile,0.45,274.37181904760337
15,2026-08-15,2,2026-08-29,wk inc covid hosp,quantile,0.45,63.58767227747954
16,2026-08-15,2,2026-08-29,wk inc covid hosp,quantile,0.45,141.14011234637078
17,2026-08-15,2,2026-08-29,wk inc covid hosp,quantile,0.45,275.0779765550055
18,2026-08-15,2,2026-08-29,wk inc covid hosp,quantile,0.45,208.84466211297195
19,2026-08-15,2,2026-08-29,wk inc covid hosp,quantile,0.45,92.62569574727425
20,2026-08-15,2,2026-08-29,wk inc covid hosp,quantile,0.45,157.87438510585042
21,2026-08-15,2,2026-08-29,wk inc covid hosp,quantile,0.45,178.60242408695453
22,2026-08-15,2,2026-08-29,wk inc covid hosp,quantile,0.45,151.87714674146244
23,2026-08-15,2,2026-08-29,wk inc covid hosp,quantile,0.45,112.84561077135723
24,2026-08-15,2,2026-08-29,wk inc covid hosp,quantile,0.45,190.3690720794214
25,2026-08-15,2,2026-08-29,wk inc covid hosp,quantile,0.45,399.82279813161796
26,2026-08-15,2,2026-08-29,wk inc covid hosp,quantile,0.45,298.95927983255757
27,2026-08-15,2,2026-08-29,wk inc covid hosp,quantile,0.45,121.04618199022008
28,2026-08-15,2,2026-08-29,wk inc covid hosp,quantile,0.45,164.83314055542922
29,2026-08-15,2,2026-08-29,wk inc covid hosp,quantile,0.45,197.09905268947622
30,2026-08-15,2,2026-08-29,wk inc covid hosp,quantile,0.45,63.932858187508025
31,2026-08-15,2,2026-08-29,wk inc covid hosp,quantile,0.45,74.36474681602039
32,2026-08-15,2,2026-08-29,wk inc covid hosp,quantile,0.45,74.53041555673494
33,2026-08-15,2,2026-08-29,wk inc covid hosp,quantile,0.45,202.7014594347783
34,2026-08-15,2,2026-08-29,wk inc covid hosp,quantile,0.45,183.13682318485633
35,2026-08-15,2,2026-08-29,wk inc covid hosp,quantile,0.45,401.27955628146736
36,2026-08-15,2,2026-08-29,wk inc covid hosp,quantile,0.45,821.710980024548
37,2026-08-15,2,2026-08-29,wk inc covid hosp,quantile,0.45,256.1982136081299
38,2026-08-15,2,2026-08-29,wk inc covid hosp,quantile,0.45,213.6137602719925
39,2026-08-15,2,2026-08-29,wk inc covid hosp,quantile,0.45,287.48968504512476
40,2026-08-15,2,2026-08-29,wk inc covid hosp,quantile,0.45,165.90783722583322
41,2026-08-15,2,2026-08-29,wk inc covid hosp,quantile,0.45,224.30913690525398
42,2026-08-15,2,2026-08-29,wk inc covid hosp,quantile,0.45,331.83343537592424
44,2026-08-15,2,2026-08-29,wk inc covid hosp,quantile,0.45,99.82344547134848
45,2026-08-15,2,2026-08-29,wk inc covid hosp,quantile,0.45,104.85584055683499
46,2026-08-15,2,2026-08-29,wk inc covid hosp,quantile,0.45,124.68024498884523
47,2026-08-15,2,2026-08-29,wk inc covid hosp,quantile,0.45,610.7529979137664
48,2026-08-15,2,2026-08-29,wk inc covid hosp,quantile,0.45,568.8291240652339
49,2026-08-15,2,2026-08-29,wk inc covid hosp,quantile,0.45,45.18721575441944
50,2026-08-15,2,2026-08-29,wk inc covid hosp,quantile,0.45,97.02083119733986
51,2026-08-15,2,2026-08-29,wk inc covid hosp,quantile,0.45,288.83042589204894
53,2026-08-15,2,2026-08-29,wk inc covid hosp,quantile,0.45,109.05516827415067
54,2026-08-15,2,2026-08-29,wk inc covid hosp,quantile,0.45,157.30337280210287
55,2026-08-15,2,2026-08-29,wk inc covid hosp,quantile,0.45,180.8263894755835
56,2026-08-15,2,2026-08-29,wk inc covid hosp,quantile,0.45,39.973226680282245
72,2026-08-15,2,2026-08-29,wk inc covid hosp,quantile,0.45,4904.320979069708
US,2026-08-15,2,2026-08-29,wk inc covid hosp,quantile,0.45,2817.9079238644963
01,2026-08-15,3,2026-09-05,wk inc covid hosp,quantile,0.45,157.78046367479465
02,2026-08-15,3,2026-09-05,wk inc covid hosp,quantile,0.45,75.5621033808278
04,2026-08-15,3,2026-09-05,wk inc covid hosp,quantile,0.45,223.2485373286832
05,2026-08-15,3,2026-09-05,wk inc covid hosp,quantile,0.45,660.8766565314015
06,2026-08-15,3,2026-09-05,wk inc covid hosp,quantile,0.45,798.6145476263071
08,2026-08-15,3,2026-09-05,wk inc covid hosp,quantile,0.45,189.70667776082723
09,2026-08-15,3,2026-09-05,wk inc covid hosp,quantile,0.45,138.86523833587705
10,2026-08-15,3,2026-09-05,wk inc covid hosp,quantile,0.45,42.45525843804503
11,2026-08-15,3,2026-09-05,wk inc covid hosp,quantile,0.45,751.8915531850563
12,2026-08-15,3,2026-09-05,wk inc covid hosp,quantile,0.45,1021.737459376486
13,2026-08-15,3,2026-09-05,wk inc covid hosp,quantile,0.45,296.49782994669476
15,2026-08-15,3,2026-09-05,wk inc covid hosp,quantile,0.45,66.9557381502369
16,2026-08-15,3,2026-09-05,wk inc covid hosp,quantile,0.45,156.2934379590392
17,2026-08-15,3,2026-09-05,wk inc covid hosp,quantile,0.45,307.09389126876255
18,2026-08-15,3,2026-09-05,wk inc covid hosp,quantile,0.45,232.26861627240396
19,2026-08-15,3,2026-09-05,wk inc covid hosp,quantile,0.45,101.5874294296195
20,2026-08-15,3,2026-09-05,wk inc covid hosp,quantile,0.45,173.476386373973
21,2026-08-15,3,2026-09-05,wk inc covid hosp,quantile,0.45,199.477284048035
22,2026-08-15,3,2026-09-05,wk inc covid hosp,quantile,0.45,153.17911372431809
23,2026-08-15,3,2026-09-05,wk inc covid hosp,quantile,0.45,126.82233012538262
24,2026-08-15,3,2026-09-05,wk inc covid hosp,quantile,0.45,214.88177094779823
25,2026-08-15,3,2026-09-05,wk inc covid hosp,quantile,0.45,445.3804330600677
26,2026-08-15,3,2026-09-05,wk inc covid hosp,quantile,0.45,335.55153505953683
27,2026-08-15,3,2026-09-05,wk inc covid hosp,quantile,0.45,136.95506666135915
28,2026-08-15,3,2026-09-05,wk inc covid hosp,quantile,0.45,172.8300606297761
29,2026-08-15,3,2026-09-05,wk inc covid hosp,quantile,0.45,220.4330975129172
30,2026-08-15,3,2026-09-05,wk inc covid hosp,quantile,0.45,73.23245770371767
31,2026-08-15,3,2026-09-05,wk inc covid hosp,quantile,0.45,81.0718829815884
32,2026-08-15,3,2026-09-05,wk inc covid hosp,quantile,0.45,78.91558639529774
33,2026-08-15,3,2026-09-05,wk inc covid hosp,quantile,0.45,221.1586362176355
34,2026-08-15,3,2026-09-05,wk inc covid hosp,quantile,0.45,203.56572382760405
35,2026-08-15,3,2026-09-05,wk inc covid hosp,quantile,0.45,443.6789350249365
36,2026-08-15,3,2026-09-05,wk inc covid hosp,quantile,0.45,891.351838585943
37,2026-08-15,3,2026-09-05,wk inc covid hosp,quantile,0.45,277.55615762714297
38,2026-08-15,3,2026-09-05,wk inc covid hosp,quantile,0.45,229.5779913931416
39,2026-08-15,3,2026-09-05,wk inc covid hosp,quantile,0.45,322.04855281188117
40,2026-08-15,3,2026-09-05,wk inc covid hosp,quantile,0.45,183.17711367899847
41,2026-08-15,3,2026-09-05,wk inc covid hosp,quantile,0.45,247.65761235219597
42,2026-08-15,3,2026-09-05,wk inc covid hosp,quantile,0.45,369.62629497624437
44,2026-08-15,3,2026-09-05,wk inc covid hosp,quantile,0.45,108.18350188179646
45,2026-08-15,3,2026-09-05,wk inc covid hosp,quantile,0.45,113.27041766397642
46,2026-08-15,3,2026-09-05,wk inc covid hosp,quantile,0.45,142.33122776940536
47,2026-08-15,3,2026-09-05,wk inc covid hosp,quantile,0.45,661.6286310059019
48,2026-08-15,3,2026-09-05,wk inc covid hosp,quantile,0.45,610.1429648203964
49,2026-08-15,3,2026-09-05,wk inc covid hosp,quantile,0.45,50.366228888631525
50,2026-08-15,3,2026-09-05,wk inc covid hosp,quantile,0.45,109.06985489026688
51,2026-08-15,3,2026-09-05,wk inc covid hosp,quantile,0.45,322.5529840275119
53,2026-08-15,3,2026-09-05,wk inc covid hosp,quantile,0.45,119.87624527050353
54,2026-08-15,3,2026-09-05,wk inc covid hosp,quantile,0.45,182.98403307157258
55,2026-08-15,3,2026-09-05,wk inc covid hosp,quantile,0.45,206.80073508500587
56,2026-08-15,3,2026-09-05,wk inc covid hosp,quantile,0.45,43.11360980707047
72,2026-08-15,3,2026-09-05,wk inc covid hosp,quantile,0.45,5262.144938691038
US,2026-08-15,3,2026-09-05,wk inc covid hosp,quantile,0.45,3184.5657583338993
01,2026-08-15,0,2026-08-15,wk inc covid hosp,quantile,0.5,113.35734514799546
02,2026-08-15,0,2026-08-15,wk inc covid hosp,quantile,0.5,55.452208117949475
04,2026-08-15,0,2026-08-15,wk inc covid hosp,quantile,0.5,148.1338926390183
05,2026-08-15,0,2026-08-15,wk inc covid hosp,quantile,0.5,432.82288412382565
06,2026-08-15,0,2026-08-15,wk inc covid hosp,quantile,0.5,578.2174217479569
08,2026-08-15,0,2026-08-15,wk inc covid hosp,quantile,0.5,123.4747848824324
09,2026-08-15,0,2026-08-15,wk inc covid hosp,quantile,0.5,88.25035934021523
10,2026-08-15,0,2026-08-15,wk inc covid hosp,quantile,0.5,26.367953503598812
11,2026-08-15,0,2026-08-15,wk inc covid hosp,quantile,0.5,485.7182428434819
12,2026-08-15,0,2026-08-15,wk inc covid hosp,quantile,0.5,822.7418295689514
13,2026-08-15,0,2026-08-15,wk inc covid hosp,quantile,0.5,203.88332496431548
15,2026-08-15,0,2026-08-15,wk inc covid hosp,quantile,0.5,49.85726507732013
16,2026-08-15,0,2026-08-15,wk inc covid hosp,quantile,0.5,102.8786809429835
17,2026-08-15,0,2026-08-15,wk inc covid hosp,quantile,0.5,189.47360482977834
18,2026-08-15,0,2026-08-15,wk inc covid hosp,quantile,0.5,143.02372516981953
19,2026-08-15,0,2026-08-15,wk inc covid hosp,quantile,0.5,65.13720074189715
20,2026-08-15,0,2026-08-15,wk inc covid hosp,quantile,0.5,114.6157739397458
21,2026-08-15,0,2026-08-15,wk inc covid hosp,quantile,0.5,126.7289855930433
22,2026-08-15,0,2026-08-15,wk inc covid hosp,quantile,0.5,124.679868123732
23,2026-08-15,0,2026-08-15,wk inc covid hosp,quantile,0.5,77.85143491450675
24,2026-08-15,0,2026-08-15,wk inc covid hosp,quantile,0.5,133.77187895802408
25,2026-08-15,0,2026-08-15,wk inc covid hosp,quantile,0.5,267.6014903489414
26,2026-08-15,0,2026-08-15,wk inc covid hosp,quantile,0.5,200.1717422316721
27,2026-08-15,0,2026-08-15,wk inc covid hosp,quantile,0.5,84.51758495980229
28,2026-08-15,0,2026-08-15,wk inc covid hosp,quantile,0.5,133.86400862143697
29,2026-08-15,0,2026-08-15,wk inc covid hosp,quantile,0.5,131.89058468970813
30,2026-08-15,0,2026-08-15,wk inc covid hosp,quantile,0.5,46.96245673079748
31,2026-08-15,0,2026-08-15,wk inc covid hosp,quantile,0.5,51.19767777243037
32,2026-08-15,0,2026-08-15,wk inc covid hosp,quantile,0.5,58.06596993360705
33,2026-08-15,0,2026-08-15,wk inc covid hosp,quantile,0.5,143.25132886785792
34,2026-08-15,0,2026-08-15,wk inc covid hosp,quantile,0.5,134.37353491460476
35,2026-08-15,0,2026-08-15,wk inc covid hosp,quantile,0.5,290.6113929057194
36,2026-08-15,0,2026-08-15,wk inc covid hosp,quantile,0.5,576.5693485025039
37,2026-08-15,0,2026-08-15,wk inc covid hosp,quantile,0.5,193.70559619150353
38,2026-08-15,0,2026-08-15,wk inc covid hosp,quantile,0.5,150.38018840109393
39,2026-08-15,0,2026-08-15,wk inc covid hosp,quantile,0.5,202.28149308386844
40,2026-08-15,0,2026-08-15,wk inc covid hosp,quantile,0.5,115.84866728272353
41,2026-08-15,0,2026-08-15,wk inc covid hosp,quantile,0.5,160.6714675109696
42,2026-08-15,0,2026-08-15,wk inc covid hosp,quantile,0.5,227.50447707458216
44,2026-08-15,0,2026-08-15,wk inc covid hosp,quantile,0.5,71.88308093524596
45,2026-08-15,0,2026-08-15,wk inc covid hosp,quantile,0.5,77.8247661391546
46,2026-08-15,0,2026-08-15,wk inc covid hosp,quantile,0.5,87.59895128582254
47,2026-08-15,0,2026-08-15,wk inc covid hosp,quantile,0.5,451.23714053809084
48,2026-08-15,0,2026-08-15,wk inc covid hosp,quantile,0.5,463.62875761290593
49,2026-08-15,0,2026-08-15,wk inc covid hosp,quantile,0.5,34.350769708685725
50,2026-08-15,0,2026-08-15,wk inc covid hosp,quantile,0.5,72.28304649674023
51,2026-08-15,0,2026-08-15,wk inc covid hosp,quantile,0.5,203.58146960257514
53,2026-08-15,0,2026-08-15,wk inc covid hosp,quantile,0.5,82.08396177806004
54,2026-08-15,0,2026-08-15,wk inc covid hosp,quantile,0.5,104.85600438015979
55,2026-08-15,0,2026-08-15,wk inc covid hosp,quantile,0.5,122.78247433954229
56,2026-08-15,0,2026-08-15,wk inc covid hosp,quantile,0.5,29.37518908536551
72,2026-08-15,0,2026-08-15,wk inc covid hosp,quantile,0.5,4354.687101570201
US,2026-08-15,0,2026-08-15,wk inc covid hosp,quantile,0.5,2187.995569990028
01,2026-08-15,1,2026-08-22,wk inc covid hosp,quantile,0.5,136.1198729688005
02,2026-08-15,1,2026-08-22,wk inc covid hosp,quantile,0.5,65.59715956702546
04,2026-08-15,1,2026-08-22,wk inc covid hosp,quantile,0.5,185.03154099015703
05,2026-08-15,1,2026-08-22,wk inc covid hosp,quantile,0.5,541.5654895274627
06,2026-08-15,1,2026-08-22,wk inc covid hosp,quantile,0.5,683.0218622946021
08,2026-08-15,1,2026-08-22,wk inc covid hosp,quantile,0.5,155.22708961570424
09,2026-08-15,1,2026-08-22,wk inc covid hosp,quantile,0.5,113.41170242012171
10,2026-08-15,1,2026-08-22,wk inc covid hosp,quantile,0.5,34.015443497272024
11,2026-08-15,1,2026-08-22,wk inc covid hosp,quantile,0.5,615.8072631800484
12,2026-08-15,1,2026-08-22,wk inc covid hosp,quantile,0.5,942.9608457737094
13,2026-08-15,1,2026-08-22,wk inc covid hosp,quantile,0.5,249.7967478577696
15,2026-08-15,1,2026-08-22,wk inc covid hosp,quantile,0.5,58.170769690202484
16,2026-08-15,1,2026-08-22,wk inc covid hosp,quantile,0.5,130.74762803399614
17,2026-08-15,1,2026-08-22,wk inc covid hosp,quantile,0.5,237.43461822794282
18,2026-08-15,1,2026-08-22,wk inc covid hosp,quantile,0.5,180.87779891788944
19,2026-08-15,1,2026-08-22,wk inc covid hosp,quantile,0.5,81.22210842156989
20,2026-08-15,1,2026-08-22,wk inc covid hosp,quantile,0.5,142.49827479357631
21,2026-08-15,1,2026-08-22,wk inc covid hosp,quantile,0.5,158.02535502027771
22,2026-08-15,1,2026-08-22,wk inc covid hosp,quantile,0.5,139.4644039748402
23,2026-08-15,1,2026-08-22,wk inc covid hosp,quantile,0.5,99.78862262028412
24,2026-08-15,1,2026-08-22,wk inc covid hosp,quantile,0.5,169.10491992022966
25,2026-08-15,1,2026-08-22,wk inc covid hosp,quantile,0.5,343.0150465666102
26,2026-08-15,1,2026-08-22,wk inc covid hosp,quantile,0.5,257.2061131171684
27,2026-08-15,1,2026-08-22,wk inc covid hosp,quantile,0.5,107.25008600969896
28,2026-08-15,1,2026-08-22,wk inc covid hosp,quantile,0.5,156.98881432037328
29,2026-08-15,1,2026-08-22,wk inc covid hosp,quantile,0.5,169.05019186467328
30,2026-08-15,1,2026-08-22,wk inc covid hosp,quantile,0.5,59.667325883563144
31,2026-08-15,1,2026-08-22,wk inc covid hosp,quantile,0.5,67.06715167371486
32,2026-08-15,1,2026-08-22,wk inc covid hosp,quantile,0.5,69.44517266043317
33,2026-08-15,1,2026-08-22,wk inc covid hosp,quantile,0.5,179.1536078690266
34,2026-08-15,1,2026-08-22,wk inc covid hosp,quantile,0.5,161.37312463182286
35,2026-08-15,1,2026-08-22,wk inc covid hosp,quantile,0.5,361.97311555890644
36,2026-08-15,1,2026-08-22,wk inc covid hosp,quantile,0.5,717.5613750708413
37,2026-08-15,1,2026-08-22,wk inc covid hosp,quantile,0.5,233.874124053784
38,2026-08-15,1,2026-08-22,wk inc covid hosp,quantile,0.5,187.82585934469148
39,2026-08-15,1,2026-08-22,wk inc covid hosp,quantile,0.5,255.10713174167742
40,2026-08-15,1,2026-08-22,wk inc covid hosp,quantile,0.5,147.2485299778322
41,2026-08-15,1,2026-08-22,wk inc covid hosp,quantile,0.5,201.40237424939838
42,2026-08-15,1,2026-08-22,wk inc covid hosp,quantile,0.5,293.09563394390153
44,2026-08-15,1,2026-08-22,wk inc covid hosp,quantile,0.5,91.00083228827897
45,2026-08-15,1,2026-08-22,wk inc covid hosp,quantile,0.5,96.17007814464891
46,2026-08-15,1,2026-08-22,wk inc covid hosp,quantile,0.5,115.2381265824849
47,2026-08-15,1,2026-08-22,wk inc covid hosp,quantile,0.5,549.1773065740671
48,2026-08-15,1,2026-08-22,wk inc covid hosp,quantile,0.5,533.3543958177352
49,2026-08-15,1,2026-08-22,wk inc covid hosp,quantile,0.5,42.72649653242334
50,2026-08-15,1,2026-08-22,wk inc covid hosp,quantile,0.5,92.1470676753725
51,2026-08-15,1,2026-08-22,wk inc covid hosp,quantile,0.5,256.99340407186924
53,2026-08-15,1,2026-08-22,wk inc covid hosp,quantile,0.5,99.98906126754669
54,2026-08-15,1,2026-08-22,wk inc covid hosp,quantile,0.5,140.93032442900466
55,2026-08-15,1,2026-08-22,wk inc covid hosp,quantile,0.5,158.52557747916362
56,2026-08-15,1,2026-08-22,wk inc covid hosp,quantile,0.5,37.13909964037377
72,2026-08-15,1,2026-08-22,wk inc covid hosp,quantile,0.5,4772.00438534734
US,2026-08-15,1,2026-08-22,wk inc covid hosp,quantile,0.5,2539.5787051093093
01,2026-08-15,2,2026-08-29,wk inc covid hosp,quantile,0.5,150.65314817036972
02,2026-08-15,2,2026-08-29,wk inc covid hosp,quantile,0.5,76.17246628042042
04,2026-08-15,2,2026-08-29,wk inc covid hosp,quantile,0.5,214.01685511295798
05,2026-08-15,2,2026-08-29,wk inc covid hosp,quantile,0.5,639.3590328673029
06,2026-08-15,2,2026-08-29,wk inc covid hosp,quantile,0.5,764.5659633530828
08,2026-08-15,2,2026-08-29,wk inc covid hosp,quantile,0.5,185.0123298861998
09,2026-08-15,2,2026-08-29,wk inc covid hosp,quantile,0.5,134.0905069120012
10,2026-08-15,2,2026-08-29,wk inc covid hosp,quantile,0.5,40.74299609746525
11,2026-08-15,2,2026-08-29,wk inc covid hosp,quantile,0.5,743.3184382789198
12,2026-08-15,2,2026-08-29,wk inc covid hosp,quantile,0.5,1038.5502378201395
13,2026-08-15,2,2026-08-29,wk inc covid hosp,quantile,0.5,285.7223143210962
15,2026-08-15,2,2026-08-29,wk inc covid hosp,quantile,0.5,67.90157382669004
16,2026-08-15,2,2026-08-29,wk inc covid hosp,quantile,0.5,151.27821565883224
17,2026-08-15,2,2026-08-29,wk inc covid hosp,quantile,0.5,284.78117541085516
18,2026-08-15,2,2026-08-29,wk inc covid hosp,quantile,0.5,219.450818610166
19,2026-08-15,2,2026-08-29,wk inc covid hosp,quantile,0.5,97.71692939944826
20,2026-08-15,2,2026-08-29,wk inc covid hosp,quantile,0.5,165.94686392672796
21,2026-08-15,2,2026-08-29,wk inc covid hosp,quantile,0.5,187.60314438955584
22,2026-08-15,2,2026-08-29,wk inc covid hosp,quantile,0.5,159.27214250968194
23,2026-08-15,2,2026-08-29,wk inc covid hosp,quantile,0.5,120.10726682140965
24,2026-08-15,2,2026-08-29,wk inc covid hosp,quantile,0.5,200.40379960786936
25,2026-08-15,2,2026-08-29,wk inc covid hosp,quantile,0.5,418.34209345233955
26,2026-08-15,2,2026-08-29,wk inc covid hosp,quantile,0.5,316.9511705177616
27,2026-08-15,2,2026-08-29,wk inc covid hosp,quantile,0.5,126.94227108777436
28,2026-08-15,2,2026-08-29,wk inc covid hosp,quantile,0.5,172.72763821907594
29,2026-08-15,2,2026-08-29,wk inc covid hosp,quantile,0.5,203.79594250593289
30,2026-08-15,2,2026-08-29,wk inc covid hosp,quantile,0.5,69.03201919146186
31,2026-08-15,2,2026-08-29,wk inc covid hosp,quantile,0.5,78.26258214097011
32,2026-08-15,2,2026-08-29,wk inc covid hosp,quantile,0.5,78.717758333375
33,2026-08-15,2,2026-08-29,wk inc covid hosp,quantile,0.5,219.9033002184511
34,2026-08-15,2,2026-08-29,wk inc covid hosp,quantile,0.5,192.71653864661974
35,2026-08-15,2,2026-08-29,wk inc covid hosp,quantile,0.5,424.28151345188684
36,2026-08-15,2,2026-08-29,wk inc covid hosp,quantile,0.5,847.8334627995881
37,2026-08-15,2,2026-08-29,wk inc covid hosp,quantile,0.5,266.26665087625184
38,2026-08-15,2,2026-08-29,wk inc covid hosp,quantile,0.5,227.65872292014058
39,2026-08-15,2,2026-08-29,wk inc covid hosp,quantile,0.5,301.0153386425062
40,2026-08-15,2,2026-08-29,wk inc covid hosp,quantile,0.5,172.52758758342765
41,2026-08-15,2,2026-08-29,wk inc covid hosp,quantile,0.5,235.9335463619715
42,2026-08-15,2,2026-08-29,wk inc covid hosp,quantile,0.5,347.83540950283066
44,2026-08-15,2,2026-08-29,wk inc covid hosp,quantile,0.5,107.25091347162075
45,2026-08-15,2,2026-08-29,wk inc covid hosp,quantile,0.5,109.68446556070045
46,2026-08-15,2,2026-08-29,wk inc covid hosp,quantile,0.5,137.18505949991922
47,2026-08-15,2,2026-08-29,wk inc covid hosp,quantile,0.5,638.3705051868557
48,2026-08-15,2,2026-08-29,wk inc covid hosp,quantile,0.5,592.1773958548688
49,2026-08-15,2,2026-08-29,wk inc covid hosp,quantile,0.5,48.05988564486212
50,2026-08-15,2,2026-08-29,wk inc covid hosp,quantile,0.5,107.14929199718495
51,2026-08-15,2,2026-08-29,wk inc covid hosp,quantile,0.5,301.3404063756239
53,2026-08-15,2,2026-08-29,wk inc covid hosp,quantile,0.5,114.45508702783991
54,2026-08-15,2,2026-08-29,wk inc covid hosp,quantile,0.5,166.40703049369125
55,2026-08-15,2,2026-08-29,wk inc covid hosp,quantile,0.5,189.4888606197282
56,2026-08-15,2,2026-08-29,wk inc covid hosp,quantile,0.5,45.21066072681534
72,2026-08-15,2,2026-08-29,wk inc covid hosp,quantile,0.5,5231.5573031814265
US,2026-08-15,2,2026-08-29,wk inc covid hosp,quantile,0.5,2932.4983452047627
01,2026-08-15,3,2026-09-05,wk inc covid hosp,quantile,0.5,164.57510642824928
02,2026-08-15,3,2026-09-05,wk inc covid hosp,quantile,0.5,83.22292143882378
04,2026-08-15,3,2026-09-05,wk inc covid hosp,quantile,0.5,236.67077549316681
05,2026-08-15,3,2026-09-05,wk inc covid hosp,quantile,0.5,710.8284539666813
06,2026-08-15,3,2026-09-05,wk inc covid hosp,quantile,0.5,824.0932405154041
08,2026-08-15,3,2026-09-05,wk inc covid hosp,quantile,0.5,202.70811994723837
09,2026-08-15,3,2026-09-05,wk inc covid hosp,quantile,0.5,147.4515738998638
10,2026-08-15,3,2026-09-05,wk inc covid hosp,quantile,0.5,46.111289867244686
11,2026-08-15,3,2026-09-05,wk inc covid hosp,quantile,0.5,818.3309762047965
12,2026-08-15,3,2026-09-05,wk inc covid hosp,quantile,0.5,1085.4740444003492
13,2026-08-15,3,2026-09-05,wk inc covid hosp,quantile,0.5,309.28988873739877
15,2026-08-15,3,2026-09-05,wk inc covid hosp,quantile,0.5,71.62738011782893
16,2026-08-15,3,2026-09-05,wk inc covid hosp,quantile,0.5,170.03963187282758
17,2026-08-15,3,2026-09-05,wk inc covid hosp,quantile,0.5,320.24896012756255
18,2026-08-15,3,2026-09-05,wk inc covid hosp,quantile,0.5,245.3703291374793
19,2026-08-15,3,2026-09-05,wk inc covid hosp,quantile,0.5,108.4988734434368
20,2026-08-15,3,2026-09-05,wk inc covid hosp,quantile,0.5,186.7571290312967
21,2026-08-15,3,2026-09-05,wk inc covid hosp,quantile,0.5,212.35172345326237
22,2026-08-15,3,2026-09-05,wk inc covid hosp,quantile,0.5,163.7754534175774
23,2026-08-15,3,2026-09-05,wk inc covid hosp,quantile,0.5,136.82837194498336
24,2026-08-15,3,2026-09-05,wk inc covid hosp,quantile,0.5,227.05289170594756
25,2026-08-15,3,2026-09-05,wk inc covid hosp,quantile,0.5,468.12196465580917
26,2026-08-15,3,2026-09-05,wk inc covid hosp,quantile,0.5,362.97845949951267
27,2026-08-15,3,2026-09-05,wk inc covid hosp,quantile,0.5,144.11856618343208
28,2026-08-15,3,2026-09-05,wk inc covid hosp,quantile,0.5,186.11667997038379
29,2026-08-15,3,2026-09-05,wk inc covid hosp,quantile,0.5,229.72669299816258
30,2026-08-15,3,2026-09-05,wk inc covid hosp,quantile,0.5,80.40215203273002
31,2026-08-15,3,2026-09-05,wk inc covid hosp,quantile,0.5,88.15431710255007
32,2026-08-15,3,2026-09-05,wk inc covid hosp,quantile,0.5,83.50498962957488
33,2026-08-15,3,2026-09-05,wk inc covid hosp,quantile,0.5,240.55054675925015
34,2026-08-15,3,2026-09-05,wk inc covid hosp,quantile,0.5,215.56620158123874
35,2026-08-15,3,2026-09-05,wk inc covid hosp,quantile,0.5,471.3564674055113
36,2026-08-15,3,2026-09-05,wk inc covid hosp,quantile,0.5,926.477158349414
37,2026-08-15,3,2026-09-05,wk inc covid hosp,quantile,0.5,291.69893976848687
38,2026-08-15,3,2026-09-05,wk inc covid hosp,quantile,0.5,252.50913571844185
39,2026-08-15,3,2026-09-05,wk inc covid hosp,quantile,0.5,340.3046663029733
40,2026-08-15,3,2026-09-05,wk inc covid hosp,quantile,0.5,193.39452124292464
41,2026-08-15,3,2026-09-05,wk inc covid hosp,quantile,0.5,258.39139413347135
42,2026-08-15,3,2026-09-05,wk inc covid hosp,quantile,0.5,389.97600722601766
44,2026-08-15,3,2026-09-05,wk inc covid hosp,quantile,0.5,118.20166336948023
45,2026-08-15,3,2026-09-05,wk inc covid hosp,quantile,0.5,120.35313893869825
46,2026-08-15,3,2026-09-05,wk inc covid hosp,quantile,0.5,157.27363537323114
47,2026-08-15,3,2026-09-05,wk inc covid hosp,quantile,0.5,693.8216487280989
48,2026-08-15,3,2026-09-05,wk inc covid hosp,quantile,0.5,636.7762325252955
49,2026-08-15,3,2026-09-05,wk inc covid hosp,quantile,0.5,53.90310082326965
50,2026-08-15,3,2026-09-05,wk inc covid hosp,quantile,0.5,122.36665157237144
51,2026-08-15,3,2026-09-05,wk inc covid hosp,quantile,0.5,340.42280750223847
53,2026-08-15,3,2026-09-05,wk inc covid hosp,quantile,0.5,125.55823439283955
54,2026-08-15,3,2026-09-05,wk inc covid hosp,quantile,0.5,194.983823380451
55,2026-08-15,3,2026-09-05,wk inc covid hosp,quantile,0.5,217.25205814452525
56,2026-08-15,3,2026-09-05,wk inc covid hosp,quantile,0.5,50.32421810755092
72,2026-08-15,3,2026-09-05,wk inc covid hosp,quantile,0.5,5713.947952495046
US,2026-08-15,3,2026-09-05,wk inc covid hosp,quantile,0.5,3326.133075641413
01,2026-08-15,0,2026-08-15,wk inc covid hosp,quantile,0.55,116.28475590412144
02,2026-08-15,0,2026-08-15,wk inc covid hosp,quantile,0.55,59.043720220322676
04,2026-08-15,0,2026-08-15,wk inc covid hosp,quantile,0.55,152.62905755594758
05,2026-08-15,0,2026-08-15,wk inc covid hosp,quantile,0.55,449.32327529640446
06,2026-08-15,0,2026-08-15,wk inc covid hosp,quantile,0.55,588.8713522620892
08,2026-08-15,0,2026-08-15,wk inc covid hosp,quantile,0.55,126.73254918214532
09,2026-08-15,0,2026-08-15,wk inc covid hosp,quantile,0.55,91.77109018435871
10,2026-08-15,0,2026-08-15,wk inc covid hosp,quantile,0.55,27.47558416026758
11,2026-08-15,0,2026-08-15,wk inc covid hosp,quantile,0.55,510.24300451601357
12,2026-08-15,0,2026-08-15,wk inc covid hosp,quantile,0.55,848.7392928195005
13,2026-08-15,0,2026-08-15,wk inc covid hosp,quantile,0.55,208.7645108438369
15,2026-08-15,0,2026-08-15,wk inc covid hosp,quantile,0.55,51.57587056072168
16,2026-08-15,0,2026-08-15,wk inc covid hosp,quantile,0.55,107.12966635329096
17,2026-08-15,0,2026-08-15,wk inc covid hosp,quantile,0.55,194.4077645548251
18,2026-08-15,0,2026-08-15,wk inc covid hosp,quantile,0.55,147.11808983374482
19,2026-08-15,0,2026-08-15,wk inc covid hosp,quantile,0.55,67.64786097418097
20,2026-08-15,0,2026-08-15,wk inc covid hosp,quantile,0.55,118.55859792750496
21,2026-08-15,0,2026-08-15,wk inc covid hosp,quantile,0.55,130.5912947475591
22,2026-08-15,0,2026-08-15,wk inc covid hosp,quantile,0.55,127.67886538325011
23,2026-08-15,0,2026-08-15,wk inc covid hosp,quantile,0.55,80.88936561491977
24,2026-08-15,0,2026-08-15,wk inc covid hosp,quantile,0.55,137.9915897780016
25,2026-08-15,0,2026-08-15,wk inc covid hosp,quantile,0.55,274.1460977560898
26,2026-08-15,0,2026-08-15,wk inc covid hosp,quantile,0.55,208.32323771402986
27,2026-08-15,0,2026-08-15,wk inc covid hosp,quantile,0.55,86.96303695795093
28,2026-08-15,0,2026-08-15,wk inc covid hosp,quantile,0.55,137.83184018274315
29,2026-08-15,0,2026-08-15,wk inc covid hosp,quantile,0.55,135.47396329124638
30,2026-08-15,0,2026-08-15,wk inc covid hosp,quantile,0.55,48.93502763144045
31,2026-08-15,0,2026-08-15,wk inc covid hosp,quantile,0.55,53.36163057115651
32,2026-08-15,0,2026-08-15,wk inc covid hosp,quantile,0.55,59.66496400374172
33,2026-08-15,0,2026-08-15,wk inc covid hosp,quantile,0.55,149.5478455544675
34,2026-08-15,0,2026-08-15,wk inc covid hosp,quantile,0.55,138.72453331449518
35,2026-08-15,0,2026-08-15,wk inc covid hosp,quantile,0.55,301.5023750459427
36,2026-08-15,0,2026-08-15,wk inc covid hosp,quantile,0.55,587.9726818924055
37,2026-08-15,0,2026-08-15,wk inc covid hosp,quantile,0.55,197.98473122522793
38,2026-08-15,0,2026-08-15,wk inc covid hosp,quantile,0.55,156.14157435243177
39,2026-08-15,0,2026-08-15,wk inc covid hosp,quantile,0.55,208.12894460040093
40,2026-08-15,0,2026-08-15,wk inc covid hosp,quantile,0.55,119.05187494096127
41,2026-08-15,0,2026-08-15,wk inc covid hosp,quantile,0.55,165.6168365789026
42,2026-08-15,0,2026-08-15,wk inc covid hosp,quantile,0.55,234.80333279291457
44,2026-08-15,0,2026-08-15,wk inc covid hosp,quantile,0.55,75.53615466338239
45,2026-08-15,0,2026-08-15,wk inc covid hosp,quantile,0.55,80.09149865907891
46,2026-08-15,0,2026-08-15,wk inc covid hosp,quantile,0.55,92.0903084247981
47,2026-08-15,0,2026-08-15,wk inc covid hosp,quantile,0.55,465.62152542794036
48,2026-08-15,0,2026-08-15,wk inc covid hosp,quantile,0.55,474.85848649269315
49,2026-08-15,0,2026-08-15,wk inc covid hosp,quantile,0.55,35.69670846861066
50,2026-08-15,0,2026-08-15,wk inc covid hosp,quantile,0.55,76.6626391567814
51,2026-08-15,0,2026-08-15,wk inc covid hosp,quantile,0.55,208.65292004123523
53,2026-08-15,0,2026-08-15,wk inc covid hosp,quantile,0.55,84.1646823185911
54,2026-08-15,0,2026-08-15,wk inc covid hosp,quantile,0.55,108.86922159591852
55,2026-08-15,0,2026-08-15,wk inc covid hosp,quantile,0.55,126.02564307785511
56,2026-08-15,0,2026-08-15,wk inc covid hosp,quantile,0.55,31.797119346528305
72,2026-08-15,0,2026-08-15,wk inc covid hosp,quantile,0.55,4534.560146959998
US,2026-08-15,0,2026-08-15,wk inc covid hosp,quantile,0.55,2253.9172191511193
01,2026-08-15,1,2026-08-22,wk inc covid hosp,quantile,0.55,140.0043450711217
02,2026-08-15,1,2026-08-22,wk inc covid hosp,quantile,0.55,70.49327715531093
04,2026-08-15,1,2026-08-22,wk inc covid hosp,quantile,0.55,191.4497641023776
05,2026-08-15,1,2026-08-22,wk inc covid hosp,quantile,0.55,563.6188552317752
06,2026-08-15,1,2026-08-22,wk inc covid hosp,quantile,0.55,697.766459770824
08,2026-08-15,1,2026-08-22,wk inc covid hosp,quantile,0.55,159.91561648638069
09,2026-08-15,1,2026-08-22,wk inc covid hosp,quantile,0.55,119.3034133394674
10,2026-08-15,1,2026-08-22,wk inc covid hosp,quantile,0.55,36.20742700368151
11,2026-08-15,1,2026-08-22,wk inc covid hosp,quantile,0.55,655.9329873882674
12,2026-08-15,1,2026-08-22,wk inc covid hosp,quantile,0.55,985.0392181538317
13,2026-08-15,1,2026-08-22,wk inc covid hosp,quantile,0.55,257.61860930114614
15,2026-08-15,1,2026-08-22,wk inc covid hosp,quantile,0.55,60.75285609970603
16,2026-08-15,1,2026-08-22,wk inc covid hosp,quantile,0.55,137.85416754292
17,2026-08-15,1,2026-08-22,wk inc covid hosp,quantile,0.55,246.97975243785044
18,2026-08-15,1,2026-08-22,wk inc covid hosp,quantile,0.55,188.2381662878662
19,2026-08-15,1,2026-08-22,wk inc covid hosp,quantile,0.55,84.93044704837307
20,2026-08-15,1,2026-08-22,wk inc covid hosp,quantile,0.55,148.13402095216085
21,2026-08-15,1,2026-08-22,wk inc covid hosp,quantile,0.55,164.6496636203192
22,2026-08-15,1,2026-08-22,wk inc covid hosp,quantile,0.55,144.60411455900118
23,2026-08-15,1,2026-08-22,wk inc covid hosp,quantile,0.55,104.96722366744613
24,2026-08-15,1,2026-08-22,wk inc covid hosp,quantile,0.55,176.9311995251306
25,2026-08-15,1,2026-08-22,wk inc covid hosp,quantile,0.55,354.71114694394896
26,2026-08-15,1,2026-08-22,wk inc covid hosp,quantile,0.55,271.04636175682117
27,2026-08-15,1,2026-08-22,wk inc covid hosp,quantile,0.55,111.24513012916046
28,2026-08-15,1,2026-08-22,wk inc covid hosp,quantile,0.55,162.78703107813678
29,2026-08-15,1,2026-08-22,wk inc covid hosp,quantile,0.55,175.37345516482102
30,2026-08-15,1,2026-08-22,wk inc covid hosp,quantile,0.55,63.56110885436775
31,2026-08-15,1,2026-08-22,wk inc covid hosp,quantile,0.55,70.4131974666077
32,2026-08-15,1,2026-08-22,wk inc covid hosp,quantile,0.55,71.93072391864025
33,2026-08-15,1,2026-08-22,wk inc covid hosp,quantile,0.55,190.31551486404314
34,2026-08-15,1,2026-08-22,wk inc covid hosp,quantile,0.55,169.96507327030983
35,2026-08-15,1,2026-08-22,wk inc covid hosp,quantile,0.55,377.64311392284503
36,2026-08-15,1,2026-08-22,wk inc covid hosp,quantile,0.55,738.8654294812045
37,2026-08-15,1,2026-08-22,wk inc covid hosp,quantile,0.55,241.37791218369327
38,2026-08-15,1,2026-08-22,wk inc covid hosp,quantile,0.55,199.96672917900602
39,2026-08-15,1,2026-08-22,wk inc covid hosp,quantile,0.55,265.70632677514476
40,2026-08-15,1,2026-08-22,wk inc covid hosp,quantile,0.55,154.40191252630117
41,2026-08-15,1,2026-08-22,wk inc covid hosp,quantile,0.55,207.88781677744825
42,2026-08-15,1,2026-08-22,wk inc covid hosp,quantile,0.55,304.153988668927
44,2026-08-15,1,2026-08-22,wk inc covid hosp,quantile,0.55,97.10663376745667
45,2026-08-15,1,2026-08-22,wk inc covid hosp,quantile,0.55,99.61603306884844
46,2026-08-15,1,2026-08-22,wk inc covid hosp,quantile,0.55,123.57858785687098
47,2026-08-15,1,2026-08-22,wk inc covid hosp,quantile,0.55,572.0415068647852
48,2026-08-15,1,2026-08-22,wk inc covid hosp,quantile,0.55,553.9089442149673
49,2026-08-15,1,2026-08-22,wk inc covid hosp,quantile,0.55,44.524317147938284
50,2026-08-15,1,2026-08-22,wk inc covid hosp,quantile,0.55,100.95931079492297
51,2026-08-15,1,2026-08-22,wk inc covid hosp,quantile,0.55,265.48907527756904
53,2026-08-15,1,2026-08-22,wk inc covid hosp,quantile,0.55,103.91831975243687
54,2026-08-15,1,2026-08-22,wk inc covid hosp,quantile,0.55,147.48738366994877
55,2026-08-15,1,2026-08-22,wk inc covid hosp,quantile,0.55,164.56215914553582
56,2026-08-15,1,2026-08-22,wk inc covid hosp,quantile,0.55,40.653253658736155
72,2026-08-15,1,2026-08-22,wk inc covid hosp,quantile,0.55,5061.348623170682
US,2026-08-15,1,2026-08-22,wk inc covid hosp,quantile,0.55,2627.8887186253737
01,2026-08-15,2,2026-08-29,wk inc covid hosp,quantile,0.55,156.79048252719198
02,2026-08-15,2,2026-08-29,wk inc covid hosp,quantile,0.55,82.4688929830127
04,2026-08-15,2,2026-08-29,wk inc covid hosp,quantile,0.55,225.00070840361082
05,2026-08-15,2,2026-08-29,wk inc covid hosp,quantile,0.55,678.244960381797
06,2026-08-15,2,2026-08-29,wk inc covid hosp,quantile,0.55,786.2663479706636
08,2026-08-15,2,2026-08-29,wk inc covid hosp,quantile,0.55,192.85034792655875
09,2026-08-15,2,2026-08-29,wk inc covid hosp,quantile,0.55,141.21316378389645
10,2026-08-15,2,2026-08-29,wk inc covid hosp,quantile,0.55,43.335152356840474
11,2026-08-15,2,2026-08-29,wk inc covid hosp,quantile,0.55,799.6482826590113
12,2026-08-15,2,2026-08-29,wk inc covid hosp,quantile,0.55,1080.8085971328628
13,2026-08-15,2,2026-08-29,wk inc covid hosp,quantile,0.55,297.361856872613
15,2026-08-15,2,2026-08-29,wk inc covid hosp,quantile,0.55,70.66980461560938
16,2026-08-15,2,2026-08-29,wk inc covid hosp,quantile,0.55,160.02927852678522
17,2026-08-15,2,2026-08-29,wk inc covid hosp,quantile,0.55,298.62661646502187
18,2026-08-15,2,2026-08-29,wk inc covid hosp,quantile,0.55,227.70871373448983
19,2026-08-15,2,2026-08-29,wk inc covid hosp,quantile,0.55,103.54953742418205
20,2026-08-15,2,2026-08-29,wk inc covid hosp,quantile,0.55,174.72834219434873
21,2026-08-15,2,2026-08-29,wk inc covid hosp,quantile,0.55,197.23173011928085
22,2026-08-15,2,2026-08-29,wk inc covid hosp,quantile,0.55,167.184086806718
23,2026-08-15,2,2026-08-29,wk inc covid hosp,quantile,0.55,127.99820873607635
24,2026-08-15,2,2026-08-29,wk inc covid hosp,quantile,0.55,209.43541227357463
25,2026-08-15,2,2026-08-29,wk inc covid hosp,quantile,0.55,436.01851674106786
26,2026-08-15,2,2026-08-29,wk inc covid hosp,quantile,0.55,336.0975196486035
27,2026-08-15,2,2026-08-29,wk inc covid hosp,quantile,0.55,133.7133931578875
28,2026-08-15,2,2026-08-29,wk inc covid hosp,quantile,0.55,182.5582784378233
29,2026-08-15,2,2026-08-29,wk inc covid hosp,quantile,0.55,213.86740025039765
30,2026-08-15,2,2026-08-29,wk inc covid hosp,quantile,0.55,74.93730605775929
31,2026-08-15,2,2026-08-29,wk inc covid hosp,quantile,0.55,83.36604586691051
32,2026-08-15,2,2026-08-29,wk inc covid hosp,quantile,0.55,82.53147723927239
33,2026-08-15,2,2026-08-29,wk inc covid hosp,quantile,0.55,236.43383261296012
34,2026-08-15,2,2026-08-29,wk inc covid hosp,quantile,0.55,202.8372057373408
35,2026-08-15,2,2026-08-29,wk inc covid hosp,quantile,0.55,448.66466920318743
36,2026-08-15,2,2026-08-29,wk inc covid hosp,quantile,0.55,869.327064233669
37,2026-08-15,2,2026-08-29,wk inc covid hosp,quantile,0.55,275.7456599792429
38,2026-08-15,2,2026-08-29,wk inc covid hosp,quantile,0.55,243.2915757728235
39,2026-08-15,2,2026-08-29,wk inc covid hosp,quantile,0.55,314.93099249861797
40,2026-08-15,2,2026-08-29,wk inc covid hosp,quantile,0.55,179.38890905203627
41,2026-08-15,2,2026-08-29,wk inc covid hosp,quantile,0.55,246.6559929484425
42,2026-08-15,2,2026-08-29,wk inc covid hosp,quantile,0.55,367.6372383927384
44,2026-08-15,2,2026-08-29,wk inc covid hosp,quantile,0.55,115.27744830676008
45,2026-08-15,2,2026-08-29,wk inc covid hosp,quantile,0.55,115.52124592263475
46,2026-08-15,2,2026-08-29,wk inc covid hosp,quantile,0.55,149.671830760684
47,2026-08-15,2,2026-08-29,wk inc covid hosp,quantile,0.55,667.7794478680918
48,2026-08-15,2,2026-08-29,wk inc covid hosp,quantile,0.55,621.7841675200755
49,2026-08-15,2,2026-08-29,wk inc covid hosp,quantile,0.55,50.80153157649446
50,2026-08-15,2,2026-08-29,wk inc covid hosp,quantile,0.55,118.06810986931703
51,2026-08-15,2,2026-08-29,wk inc covid hosp,quantile,0.55,317.78214629115615
53,2026-08-15,2,2026-08-29,wk inc covid hosp,quantile,0.55,119.27778530971825
54,2026-08-15,2,2026-08-29,wk inc covid hosp,quantile,0.55,176.45337907216168
55,2026-08-15,2,2026-08-29,wk inc covid hosp,quantile,0.55,198.86586475403837
56,2026-08-15,2,2026-08-29,wk inc covid hosp,quantile,0.55,50.67473886892774
72,2026-08-15,2,2026-08-29,wk inc covid hosp,quantile,0.55,5654.076064731565
US,2026-08-15,2,2026-08-29,wk inc covid hosp,quantile,0.55,3050.8200251965554
01,2026-08-15,3,2026-09-05,wk inc covid hosp,quantile,0.55,171.4483276498454
02,2026-08-15,3,2026-09-05,wk inc covid hosp,quantile,0.55,91.91927176130109
04,2026-08-15,3,2026-09-05,wk inc covid hosp,quantile,0.55,248.5849647210776
05,2026-08-15,3,2026-09-05,wk inc covid hosp,quantile,0.55,770.9025482028188
06,2026-08-15,3,2026-09-05,wk inc covid hosp,quantile,0.55,847.9517845043822
08,2026-08-15,3,2026-09-05,wk inc covid hosp,quantile,0.55,214.3015962548823
09,2026-08-15,3,2026-09-05,wk inc covid hosp,quantile,0.55,159.04635299955706
10,2026-08-15,3,2026-09-05,wk inc covid hosp,quantile,0.55,49.66013224490539
11,2026-08-15,3,2026-09-05,wk inc covid hosp,quantile,0.55,891.8887873649153
12,2026-08-15,3,2026-09-05,wk inc covid hosp,quantile,0.55,1162.0775610080473
13,2026-08-15,3,2026-09-05,wk inc covid hosp,quantile,0.55,322.10771056328787
15,2026-08-15,3,2026-09-05,wk inc covid hosp,quantile,0.55,75.7676757858521
16,2026-08-15,3,2026-09-05,wk inc covid hosp,quantile,0.55,182.10019455767065
17,2026-08-15,3,2026-09-05,wk inc covid hosp,quantile,0.55,336.85197831452047
18,2026-08-15,3,2026-09-05,wk inc covid hosp,quantile,0.55,258.49219316102307
19,2026-08-15,3,2026-09-05,wk inc covid hosp,quantile,0.55,117.34923713093744
20,2026-08-15,3,2026-09-05,wk inc covid hosp,quantile,0.55,198.49924297840505
21,2026-08-15,3,2026-09-05,wk inc covid hosp,quantile,0.55,225.79681245674965
22,2026-08-15,3,2026-09-05,wk inc covid hosp,quantile,0.55,172.69862067165886
23,2026-08-15,3,2026-09-05,wk inc covid hosp,quantile,0.55,146.63141323730537
24,2026-08-15,3,2026-09-05,wk inc covid hosp,quantile,0.55,238.96510132724012
25,2026-08-15,3,2026-09-05,wk inc covid hosp,quantile,0.55,493.4340538807597
26,2026-08-15,3,2026-09-05,wk inc covid hosp,quantile,0.55,387.71336195849733
27,2026-08-15,3,2026-09-05,wk inc covid hosp,quantile,0.55,152.34324439865472
28,2026-08-15,3,2026-09-05,wk inc covid hosp,quantile,0.55,197.34912996221877
29,2026-08-15,3,2026-09-05,wk inc covid hosp,quantile,0.55,240.20117963180664
30,2026-08-15,3,2026-09-05,wk inc covid hosp,quantile,0.55,86.94442036695082
31,2026-08-15,3,2026-09-05,wk inc covid hosp,quantile,0.55,94.70475151281934
32,2026-08-15,3,2026-09-05,wk inc covid hosp,quantile,0.55,88.36378123161956
33,2026-08-15,3,2026-09-05,wk inc covid hosp,quantile,0.55,260.4850992630105
34,2026-08-15,3,2026-09-05,wk inc covid hosp,quantile,0.55,229.66605962751552
35,2026-08-15,3,2026-09-05,wk inc covid hosp,quantile,0.55,503.55952308164774
36,2026-08-15,3,2026-09-05,wk inc covid hosp,quantile,0.55,957.790137233598
37,2026-08-15,3,2026-09-05,wk inc covid hosp,quantile,0.55,306.3737263998561
38,2026-08-15,3,2026-09-05,wk inc covid hosp,quantile,0.55,272.7530296671771
39,2026-08-15,3,2026-09-05,wk inc covid hosp,quantile,0.55,358.3587150665093
40,2026-08-15,3,2026-09-05,wk inc covid hosp,quantile,0.55,203.56497958725677
41,2026-08-15,3,2026-09-05,wk inc covid hosp,quantile,0.55,271.436528244184
42,2026-08-15,3,2026-09-05,wk inc covid hosp,quantile,0.55,421.25718945399814
44,2026-08-15,3,2026-09-05,wk inc covid hosp,quantile,0.55,130.09347581567812
45,2026-08-15,3,2026-09-05,wk inc covid hosp,quantile,0.55,126.94378245960573
46,2026-08-15,3,2026-09-05,wk inc covid hosp,quantile,0.55,176.0158925895127
47,2026-08-15,3,2026-09-05,wk inc covid hosp,quantile,0.55,735.4868669609907
48,2026-08-15,3,2026-09-05,wk inc covid hosp,quantile,0.55,667.5527455590134
49,2026-08-15,3,2026-09-05,wk inc covid hosp,quantile,0.55,57.33352575815429
50,2026-08-15,3,2026-09-05,wk inc covid hosp,quantile,0.55,134.18737676975812
51,2026-08-15,3,2026-09-05,wk inc covid hosp,quantile,0.55,356.7899852294614
53,2026-08-15,3,2026-09-05,wk inc covid hosp,quantile,0.55,131.66968096889406
54,2026-08-15,3,2026-09-05,wk inc covid hosp,quantile,0.55,206.76086956142262
55,2026-08-15,3,2026-09-05,wk inc covid hosp,quantile,0.55,226.94445208564454
56,2026-08-15,3,2026-09-05,wk inc covid hosp,quantile,0.55,58.92876111321396
72,2026-08-15,3,2026-09-05,wk inc covid hosp,quantile,0.55,6125.278757682563
US,2026-08-15,3,2026-09-05,wk inc covid hosp,quantile,0.55,3544.221301104472
01,2026-08-15,0,2026-08-15,wk inc covid hosp,quantile,0.6,119.20882894308714
02,2026-08-15,0,2026-08-15,wk inc covid hosp,quantile,0.6,62.65900858779098
04,2026-08-15,0,2026-08-15,wk inc covid hosp,quantile,0.6,157.49920737016853
05,2026-08-15,0,2026-08-15,wk inc covid hosp,quantile,0.6,467.4996937269193
06,2026-08-15,0,2026-08-15,wk inc covid hosp,quantile,0.6,601.0124155653579
08,2026-08-15,0,2026-08-15,wk inc covid hosp,quantile,0.6,130.44483761361363
09,2026-08-15,0,2026-08-15,wk inc covid hosp,quantile,0.6,95.76894691860177
10,2026-08-15,0,2026-08-15,wk inc covid hosp,quantile,0.6,28.578663551603494
11,2026-08-15,0,2026-08-15,wk inc covid hosp,quantile,0.6,535.0023816809622
12,2026-08-15,0,2026-08-15,wk inc covid hosp,quantile,0.6,875.0476286405936
13,2026-08-15,0,2026-08-15,wk inc covid hosp,quantile,0.6,212.40896884919846
15,2026-08-15,0,2026-08-15,wk inc covid hosp,quantile,0.6,53.30922060696917
16,2026-08-15,0,2026-08-15,wk inc covid hosp,quantile,0.6,110.76040102276407
17,2026-08-15,0,2026-08-15,wk inc covid hosp,quantile,0.6,199.9946246033801
18,2026-08-15,0,2026-08-15,wk inc covid hosp,quantile,0.6,152.53247155383187
19,2026-08-15,0,2026-08-15,wk inc covid hosp,quantile,0.6,70.19326217404104
20,2026-08-15,0,2026-08-15,wk inc covid hosp,quantile,0.6,122.9137296924507
21,2026-08-15,0,2026-08-15,wk inc covid hosp,quantile,0.6,134.9933730067948
22,2026-08-15,0,2026-08-15,wk inc covid hosp,quantile,0.6,131.1656276447049
23,2026-08-15,0,2026-08-15,wk inc covid hosp,quantile,0.6,84.57842188522561
24,2026-08-15,0,2026-08-15,wk inc covid hosp,quantile,0.6,141.84214868305102
25,2026-08-15,0,2026-08-15,wk inc covid hosp,quantile,0.6,282.31638990312274
26,2026-08-15,0,2026-08-15,wk inc covid hosp,quantile,0.6,216.34000548943527
27,2026-08-15,0,2026-08-15,wk inc covid hosp,quantile,0.6,89.6926345371117
28,2026-08-15,0,2026-08-15,wk inc covid hosp,quantile,0.6,142.2150711103636
29,2026-08-15,0,2026-08-15,wk inc covid hosp,quantile,0.6,139.7189472326374
30,2026-08-15,0,2026-08-15,wk inc covid hosp,quantile,0.6,51.23316008424126
31,2026-08-15,0,2026-08-15,wk inc covid hosp,quantile,0.6,55.85295193789558
32,2026-08-15,0,2026-08-15,wk inc covid hosp,quantile,0.6,61.50534388585831
33,2026-08-15,0,2026-08-15,wk inc covid hosp,quantile,0.6,156.09665267140363
34,2026-08-15,0,2026-08-15,wk inc covid hosp,quantile,0.6,144.6263291357549
35,2026-08-15,0,2026-08-15,wk inc covid hosp,quantile,0.6,313.11998176785136
36,2026-08-15,0,2026-08-15,wk inc covid hosp,quantile,0.6,600.0159702129267
37,2026-08-15,0,2026-08-15,wk inc covid hosp,quantile,0.6,203.15025372896935
38,2026-08-15,0,2026-08-15,wk inc covid hosp,quantile,0.6,163.14322699458438
39,2026-08-15,0,2026-08-15,wk inc covid hosp,quantile,0.6,213.93914792877223
40,2026-08-15,0,2026-08-15,wk inc covid hosp,quantile,0.6,122.44255450065589
41,2026-08-15,0,2026-08-15,wk inc covid hosp,quantile,0.6,169.7130230877817
42,2026-08-15,0,2026-08-15,wk inc covid hosp,quantile,0.6,243.1919185616686
44,2026-08-15,0,2026-08-15,wk inc covid hosp,quantile,0.6,79.6686034199109
45,2026-08-15,0,2026-08-15,wk inc covid hosp,quantile,0.6,82.20491504578153
46,2026-08-15,0,2026-08-15,wk inc covid hosp,quantile,0.6,97.30645296647934
47,2026-08-15,0,2026-08-15,wk inc covid hosp,quantile,0.6,480.57278110793993
48,2026-08-15,0,2026-08-15,wk inc covid hosp,quantile,0.6,487.9465494795066
49,2026-08-15,0,2026-08-15,wk inc covid hosp,quantile,0.6,37.09264353968029
50,2026-08-15,0,2026-08-15,wk inc covid hosp,quantile,0.6,81.60903870603191
51,2026-08-15,0,2026-08-15,wk inc covid hosp,quantile,0.6,214.11603952478367
53,2026-08-15,0,2026-08-15,wk inc covid hosp,quantile,0.6,86.50228345423665
54,2026-08-15,0,2026-08-15,wk inc covid hosp,quantile,0.6,113.07741801987521
55,2026-08-15,0,2026-08-15,wk inc covid hosp,quantile,0.6,130.15022627700162
56,2026-08-15,0,2026-08-15,wk inc covid hosp,quantile,0.6,34.614387061478546
72,2026-08-15,0,2026-08-15,wk inc covid hosp,quantile,0.6,4706.125718728267
US,2026-08-15,0,2026-08-15,wk inc covid hosp,quantile,0.6,2322.0316885402663
01,2026-08-15,1,2026-08-22,wk inc covid hosp,quantile,0.6,144.64182903444475
02,2026-08-15,1,2026-08-22,wk inc covid hosp,quantile,0.6,76.29389704449238
04,2026-08-15,1,2026-08-22,wk inc covid hosp,quantile,0.6,198.63526015618666
05,2026-08-15,1,2026-08-22,wk inc covid hosp,quantile,0.6,589.998481866802
06,2026-08-15,1,2026-08-22,wk inc covid hosp,quantile,0.6,711.1125754901894
08,2026-08-15,1,2026-08-22,wk inc covid hosp,quantile,0.6,165.4004857309595
09,2026-08-15,1,2026-08-22,wk inc covid hosp,quantile,0.6,125.36638129770016
10,2026-08-15,1,2026-08-22,wk inc covid hosp,quantile,0.6,37.95053998013648
11,2026-08-15,1,2026-08-22,wk inc covid hosp,quantile,0.6,696.0559103370991
12,2026-08-15,1,2026-08-22,wk inc covid hosp,quantile,0.6,1027.4609023337352
13,2026-08-15,1,2026-08-22,wk inc covid hosp,quantile,0.6,266.19223276682914
15,2026-08-15,1,2026-08-22,wk inc covid hosp,quantile,0.6,63.449859234738646
16,2026-08-15,1,2026-08-22,wk inc covid hosp,quantile,0.6,144.78379345206807
17,2026-08-15,1,2026-08-22,wk inc covid hosp,quantile,0.6,256.22235571321625
18,2026-08-15,1,2026-08-22,wk inc covid hosp,quantile,0.6,196.58039190072083
19,2026-08-15,1,2026-08-22,wk inc covid hosp,quantile,0.6,89.2475902137732
20,2026-08-15,1,2026-08-22,wk inc covid hosp,quantile,0.6,154.60734995855725
21,2026-08-15,1,2026-08-22,wk inc covid hosp,quantile,0.6,172.9857668730974
22,2026-08-15,1,2026-08-22,wk inc covid hosp,quantile,0.6,150.3097680691541
23,2026-08-15,1,2026-08-22,wk inc covid hosp,quantile,0.6,110.87190866985571
24,2026-08-15,1,2026-08-22,wk inc covid hosp,quantile,0.6,184.49201042776667
25,2026-08-15,1,2026-08-22,wk inc covid hosp,quantile,0.6,368.33020670859275
26,2026-08-15,1,2026-08-22,wk inc covid hosp,quantile,0.6,286.0833724646613
27,2026-08-15,1,2026-08-22,wk inc covid hosp,quantile,0.6,115.90203800912577
28,2026-08-15,1,2026-08-22,wk inc covid hosp,quantile,0.6,169.6788180632013
29,2026-08-15,1,2026-08-22,wk inc covid hosp,quantile,0.6,181.1118274076003
30,2026-08-15,1,2026-08-22,wk inc covid hosp,quantile,0.6,67.34824504641351
31,2026-08-15,1,2026-08-22,wk inc covid hosp,quantile,0.6,73.68780587264277
32,2026-08-15,1,2026-08-22,wk inc covid hosp,quantile,0.6,74.61231547240256
33,2026-08-15,1,2026-08-22,wk inc covid hosp,quantile,0.6,201.6363884715895
34,2026-08-15,1,2026-08-22,wk inc covid hosp,quantile,0.6,178.6859798236488
35,2026-08-15,1,2026-08-22,wk inc covid hosp,quantile,0.6,398.3337659880248
36,2026-08-15,1,2026-08-22,wk inc covid hosp,quantile,0.6,761.9874926613385
37,2026-08-15,1,2026-08-22,wk inc covid hosp,quantile,0.6,249.25091685023168
38,2026-08-15,1,2026-08-22,wk inc covid hosp,quantile,0.6,211.98392386948555
39,2026-08-15,1,2026-08-22,wk inc covid hosp,quantile,0.6,275.15962075476995
40,2026-08-15,1,2026-08-22,wk inc covid hosp,quantile,0.6,159.3817034854761
41,2026-08-15,1,2026-08-22,wk inc covid hosp,quantile,0.6,216.54319409298913
42,2026-08-15,1,2026-08-22,wk inc covid hosp,quantile,0.6,316.0709662764014
44,2026-08-15,1,2026-08-22,wk inc covid hosp,quantile,0.6,103.0065358763339
45,2026-08-15,1,2026-08-22,wk inc covid hosp,quantile,0.6,102.98516680567698
46,2026-08-15,1,2026-08-22,wk inc covid hosp,quantile,0.6,131.91164504119752
47,2026-08-15,1,2026-08-22,wk inc covid hosp,quantile,0.6,592.8562749223089
48,2026-08-15,1,2026-08-22,wk inc covid hosp,quantile,0.6,575.0446156359751
49,2026-08-15,1,2026-08-22,wk inc covid hosp,quantile,0.6,46.43734567950136
50,2026-08-15,1,2026-08-22,wk inc covid hosp,quantile,0.6,109.19705236778516
51,2026-08-15,1,2026-08-22,wk inc covid hosp,quantile,0.6,274.9076608118434
53,2026-08-15,1,2026-08-22,wk inc covid hosp,quantile,0.6,107.16325572249528
54,2026-08-15,1,2026-08-22,wk inc covid hosp,quantile,0.6,153.97679735895005
55,2026-08-15,1,2026-08-22,wk inc covid hosp,quantile,0.6,170.57079542005275
56,2026-08-15,1,2026-08-22,wk inc covid hosp,quantile,0.6,45.76659045149882
72,2026-08-15,1,2026-08-22,wk inc covid hosp,quantile,0.6,5366.459558144126
US,2026-08-15,1,2026-08-22,wk inc covid hosp,quantile,0.6,2714.9793321032457
01,2026-08-15,2,2026-08-29,wk inc covid hosp,quantile,0.6,162.44660428647057
02,2026-08-15,2,2026-08-29,wk inc covid hosp,quantile,0.6,92.27598927896764
04,2026-08-15,2,2026-08-29,wk inc covid hosp,quantile,0.6,236.9832835559777
05,2026-08-15,2,2026-08-29,wk inc covid hosp,quantile,0.6,720.3328113914118
06,2026-08-15,2,2026-08-29,wk inc covid hosp,quantile,0.6,812.7187106527167
08,2026-08-15,2,2026-08-29,wk inc covid hosp,quantile,0.6,201.10198406732758
09,2026-08-15,2,2026-08-29,wk inc covid hosp,quantile,0.6,149.5426924782245
10,2026-08-15,2,2026-08-29,wk inc covid hosp,quantile,0.6,46.57999726172848
11,2026-08-15,2,2026-08-29,wk inc covid hosp,quantile,0.6,857.5361611133751
12,2026-08-15,2,2026-08-29,wk inc covid hosp,quantile,0.6,1147.829879021611
13,2026-08-15,2,2026-08-29,wk inc covid hosp,quantile,0.6,306.84200401914256
15,2026-08-15,2,2026-08-29,wk inc covid hosp,quantile,0.6,74.45694175476585
16,2026-08-15,2,2026-08-29,wk inc covid hosp,quantile,0.6,172.2729426496665
17,2026-08-15,2,2026-08-29,wk inc covid hosp,quantile,0.6,310.1763301389401
18,2026-08-15,2,2026-08-29,wk inc covid hosp,quantile,0.6,238.60418817337106
19,2026-08-15,2,2026-08-29,wk inc covid hosp,quantile,0.6,110.11528135783269
20,2026-08-15,2,2026-08-29,wk inc covid hosp,quantile,0.6,183.55241458112698
21,2026-08-15,2,2026-08-29,wk inc covid hosp,quantile,0.6,210.0074637116462
22,2026-08-15,2,2026-08-29,wk inc covid hosp,quantile,0.6,174.10954617757432
23,2026-08-15,2,2026-08-29,wk inc covid hosp,quantile,0.6,138.68008794630992
24,2026-08-15,2,2026-08-29,wk inc covid hosp,quantile,0.6,219.28755578237758
25,2026-08-15,2,2026-08-29,wk inc covid hosp,quantile,0.6,453.96256254813125
26,2026-08-15,2,2026-08-29,wk inc covid hosp,quantile,0.6,353.4527020609615
27,2026-08-15,2,2026-08-29,wk inc covid hosp,quantile,0.6,139.49053078623396
28,2026-08-15,2,2026-08-29,wk inc covid hosp,quantile,0.6,193.3336115430608
29,2026-08-15,2,2026-08-29,wk inc covid hosp,quantile,0.6,222.38780314760322
30,2026-08-15,2,2026-08-29,wk inc covid hosp,quantile,0.6,80.37174947676618
31,2026-08-15,2,2026-08-29,wk inc covid hosp,quantile,0.6,88.59921577613345
32,2026-08-15,2,2026-08-29,wk inc covid hosp,quantile,0.6,86.28753900829275
33,2026-08-15,2,2026-08-29,wk inc covid hosp,quantile,0.6,250.8907795235464
34,2026-08-15,2,2026-08-29,wk inc covid hosp,quantile,0.6,215.22905542902538
35,2026-08-15,2,2026-08-29,wk inc covid hosp,quantile,0.6,475.9379640785158
36,2026-08-15,2,2026-08-29,wk inc covid hosp,quantile,0.6,894.5596400354647
37,2026-08-15,2,2026-08-29,wk inc covid hosp,quantile,0.6,286.09649500688874
38,2026-08-15,2,2026-08-29,wk inc covid hosp,quantile,0.6,262.06650144524826
39,2026-08-15,2,2026-08-29,wk inc covid hosp,quantile,0.6,331.9347317249873
40,2026-08-15,2,2026-08-29,wk inc covid hosp,quantile,0.6,188.33202905292706
41,2026-08-15,2,2026-08-29,wk inc covid hosp,quantile,0.6,257.9715209500896
42,2026-08-15,2,2026-08-29,wk inc covid hosp,quantile,0.6,389.7651085993153
44,2026-08-15,2,2026-08-29,wk inc covid hosp,quantile,0.6,124.00094083685258
45,2026-08-15,2,2026-08-29,wk inc covid hosp,quantile,0.6,120.82721127578696
46,2026-08-15,2,2026-08-29,wk inc covid hosp,quantile,0.6,164.06652543827965
47,2026-08-15,2,2026-08-29,wk inc covid hosp,quantile,0.6,699.8772672298356
48,2026-08-15,2,2026-08-29,wk inc covid hosp,quantile,0.6,644.7398458584086
49,2026-08-15,2,2026-08-29,wk inc covid hosp,quantile,0.6,53.80005926522274
50,2026-08-15,2,2026-08-29,wk inc covid hosp,quantile,0.6,127.70587045698684
51,2026-08-15,2,2026-08-29,wk inc covid hosp,quantile,0.6,331.2296293006777
53,2026-08-15,2,2026-08-29,wk inc covid hosp,quantile,0.6,124.42802697279161
54,2026-08-15,2,2026-08-29,wk inc covid hosp,quantile,0.6,187.0931513813545
55,2026-08-15,2,2026-08-29,wk inc covid hosp,quantile,0.6,208.32275053823102
56,2026-08-15,2,2026-08-29,wk inc covid hosp,quantile,0.6,57.78145095150513
72,2026-08-15,2,2026-08-29,wk inc covid hosp,quantile,0.6,6040.179714305375
US,2026-08-15,2,2026-08-29,wk inc covid hosp,quantile,0.6,3168.5726954504826
01,2026-08-15,3,2026-09-05,wk inc covid hosp,quantile,0.6,179.391258542911
02,2026-08-15,3,2026-09-05,wk inc covid hosp,quantile,0.6,101.35320091470528
04,2026-08-15,3,2026-09-05,wk inc covid hosp,quantile,0.6,261.8321494511993
05,2026-08-15,3,2026-09-05,wk inc covid hosp,quantile,0.6,818.1433378015776
06,2026-08-15,3,2026-09-05,wk inc covid hosp,quantile,0.6,875.7300174302052
08,2026-08-15,3,2026-09-05,wk inc covid hosp,quantile,0.6,225.4537075293722
09,2026-08-15,3,2026-09-05,wk inc covid hosp,quantile,0.6,170.62428395274642
10,2026-08-15,3,2026-09-05,wk inc covid hosp,quantile,0.6,53.68477701634776
11,2026-08-15,3,2026-09-05,wk inc covid hosp,quantile,0.6,969.6574395949707
12,2026-08-15,3,2026-09-05,wk inc covid hosp,quantile,0.6,1231.4274970751067
13,2026-08-15,3,2026-09-05,wk inc covid hosp,quantile,0.6,336.6214666684024
15,2026-08-15,3,2026-09-05,wk inc covid hosp,quantile,0.6,81.0860280715309
16,2026-08-15,3,2026-09-05,wk inc covid hosp,quantile,0.6,198.14647119835266
17,2026-08-15,3,2026-09-05,wk inc covid hosp,quantile,0.6,355.85154662127593
18,2026-08-15,3,2026-09-05,wk inc covid hosp,quantile,0.6,270.83308852100083
19,2026-08-15,3,2026-09-05,wk inc covid hosp,quantile,0.6,125.33612364711722
20,2026-08-15,3,2026-09-05,wk inc covid hosp,quantile,0.6,210.89533128048558
21,2026-08-15,3,2026-09-05,wk inc covid hosp,quantile,0.6,237.92144197011731
22,2026-08-15,3,2026-09-05,wk inc covid hosp,quantile,0.6,180.6415692833214
23,2026-08-15,3,2026-09-05,wk inc covid hosp,quantile,0.6,156.20701915539945
24,2026-08-15,3,2026-09-05,wk inc covid hosp,quantile,0.6,251.09072275651798
25,2026-08-15,3,2026-09-05,wk inc covid hosp,quantile,0.6,518.4303587332561
26,2026-08-15,3,2026-09-05,wk inc covid hosp,quantile,0.6,412.7925253902405
27,2026-08-15,3,2026-09-05,wk inc covid hosp,quantile,0.6,161.62469175506453
28,2026-08-15,3,2026-09-05,wk inc covid hosp,quantile,0.6,211.19072837464643
29,2026-08-15,3,2026-09-05,wk inc covid hosp,quantile,0.6,252.37731845595496
30,2026-08-15,3,2026-09-05,wk inc covid hosp,quantile,0.6,95.106682900992
31,2026-08-15,3,2026-09-05,wk inc covid hosp,quantile,0.6,102.33816725956312
32,2026-08-15,3,2026-09-05,wk inc covid hosp,quantile,0.6,93.21406680995484
33,2026-08-15,3,2026-09-05,wk inc covid hosp,quantile,0.6,281.19110567883234
34,2026-08-15,3,2026-09-05,wk inc covid hosp,quantile,0.6,244.31254124810462
35,2026-08-15,3,2026-09-05,wk inc covid hosp,quantile,0.6,535.54854916405
36,2026-08-15,3,2026-09-05,wk inc covid hosp,quantile,0.6,995.6864682612672
37,2026-08-15,3,2026-09-05,wk inc covid hosp,quantile,0.6,320.14093621652233
38,2026-08-15,3,2026-09-05,wk inc covid hosp,quantile,0.6,298.19589871749827
39,2026-08-15,3,2026-09-05,wk inc covid hosp,quantile,0.6,378.14657638874763
40,2026-08-15,3,2026-09-05,wk inc covid hosp,quantile,0.6,213.7248944529011
41,2026-08-15,3,2026-09-05,wk inc covid hosp,quantile,0.6,284.79222642672926
42,2026-08-15,3,2026-09-05,wk inc covid hosp,quantile,0.6,444.9442000332251
44,2026-08-15,3,2026-09-05,wk inc covid hosp,quantile,0.6,140.15553157793607
45,2026-08-15,3,2026-09-05,wk inc covid hosp,quantile,0.6,133.18398571701363
46,2026-08-15,3,2026-09-05,wk inc covid hosp,quantile,0.6,193.10909212205976
47,2026-08-15,3,2026-09-05,wk inc covid hosp,quantile,0.6,779.8766929966322
48,2026-08-15,3,2026-09-05,wk inc covid hosp,quantile,0.6,701.4865214801205
49,2026-08-15,3,2026-09-05,wk inc covid hosp,quantile,0.6,60.65927774630395
50,2026-08-15,3,2026-09-05,wk inc covid hosp,quantile,0.6,154.14938416168243
51,2026-08-15,3,2026-09-05,wk inc covid hosp,quantile,0.6,373.67152202565535
53,2026-08-15,3,2026-09-05,wk inc covid hosp,quantile,0.6,139.07452030911432
54,2026-08-15,3,2026-09-05,wk inc covid hosp,quantile,0.6,219.46021194784754
55,2026-08-15,3,2026-09-05,wk inc covid hosp,quantile,0.6,237.96845579819154
56,2026-08-15,3,2026-09-05,wk inc covid hosp,quantile,0.6,69.48797230413176
72,2026-08-15,3,2026-09-05,wk inc covid hosp,quantile,0.6,6580.8313333754395
US,2026-08-15,3,2026-09-05,wk inc covid hosp,quantile,0.6,3722.961156755597
01,2026-08-15,0,2026-08-15,wk inc covid hosp,quantile,0.65,122.10277043493409
02,2026-08-15,0,2026-08-15,wk inc covid hosp,quantile,0.65,66.5050861693276
04,2026-08-15,0,2026-08-15,wk inc covid hosp,quantile,0.65,162.58947970549954
05,2026-08-15,0,2026-08-15,wk inc covid hosp,quantile,0.65,486.8901633850479
06,2026-08-15,0,2026-08-15,wk inc covid hosp,quantile,0.65,612.6407276596806
08,2026-08-15,0,2026-08-15,wk inc covid hosp,quantile,0.65,134.32653925959946
09,2026-08-15,0,2026-08-15,wk inc covid hosp,quantile,0.65,99.90887901891237
10,2026-08-15,0,2026-08-15,wk inc covid hosp,quantile,0.65,29.811074686706032
11,2026-08-15,0,2026-08-15,wk inc covid hosp,quantile,0.65,558.4508759223817
12,2026-08-15,0,2026-08-15,wk inc covid hosp,quantile,0.65,903.8634413360397
13,2026-08-15,0,2026-08-15,wk inc covid hosp,quantile,0.65,216.6785665585531
15,2026-08-15,0,2026-08-15,wk inc covid hosp,quantile,0.65,55.169818336522894
16,2026-08-15,0,2026-08-15,wk inc covid hosp,quantile,0.65,116.59736690283918
17,2026-08-15,0,2026-08-15,wk inc covid hosp,quantile,0.65,206.02960562213033
18,2026-08-15,0,2026-08-15,wk inc covid hosp,quantile,0.65,156.2847631543507
19,2026-08-15,0,2026-08-15,wk inc covid hosp,quantile,0.65,73.23783053568438
20,2026-08-15,0,2026-08-15,wk inc covid hosp,quantile,0.65,126.47634051042749
21,2026-08-15,0,2026-08-15,wk inc covid hosp,quantile,0.65,139.89335802821324
22,2026-08-15,0,2026-08-15,wk inc covid hosp,quantile,0.65,134.50194450925105
23,2026-08-15,0,2026-08-15,wk inc covid hosp,quantile,0.65,88.11072333272811
24,2026-08-15,0,2026-08-15,wk inc covid hosp,quantile,0.65,146.11060986945063
25,2026-08-15,0,2026-08-15,wk inc covid hosp,quantile,0.65,290.6090916683792
26,2026-08-15,0,2026-08-15,wk inc covid hosp,quantile,0.65,224.22750448327608
27,2026-08-15,0,2026-08-15,wk inc covid hosp,quantile,0.65,92.54151211950767
28,2026-08-15,0,2026-08-15,wk inc covid hosp,quantile,0.65,147.161413156114
29,2026-08-15,0,2026-08-15,wk inc covid hosp,quantile,0.65,143.82764404491382
30,2026-08-15,0,2026-08-15,wk inc covid hosp,quantile,0.65,53.72940043761345
31,2026-08-15,0,2026-08-15,wk inc covid hosp,quantile,0.65,58.909182660384936
32,2026-08-15,0,2026-08-15,wk inc covid hosp,quantile,0.65,63.27386476932991
33,2026-08-15,0,2026-08-15,wk inc covid hosp,quantile,0.65,162.81126493547168
34,2026-08-15,0,2026-08-15,wk inc covid hosp,quantile,0.65,148.80124836787738
35,2026-08-15,0,2026-08-15,wk inc covid hosp,quantile,0.65,325.3307549713351
36,2026-08-15,0,2026-08-15,wk inc covid hosp,quantile,0.65,615.3977772229769
37,2026-08-15,0,2026-08-15,wk inc covid hosp,quantile,0.65,208.1951992573053
38,2026-08-15,0,2026-08-15,wk inc covid hosp,quantile,0.65,170.7055302911791
39,2026-08-15,0,2026-08-15,wk inc covid hosp,quantile,0.65,220.17295535604902
40,2026-08-15,0,2026-08-15,wk inc covid hosp,quantile,0.65,125.9637641384374
41,2026-08-15,0,2026-08-15,wk inc covid hosp,quantile,0.65,176.2539121376151
42,2026-08-15,0,2026-08-15,wk inc covid hosp,quantile,0.65,251.8748299001877
44,2026-08-15,0,2026-08-15,wk inc covid hosp,quantile,0.65,83.74934138955382
45,2026-08-15,0,2026-08-15,wk inc covid hosp,quantile,0.65,84.80287918678005
46,2026-08-15,0,2026-08-15,wk inc covid hosp,quantile,0.65,103.81482304885816
47,2026-08-15,0,2026-08-15,wk inc covid hosp,quantile,0.65,494.01749448011776
48,2026-08-15,0,2026-08-15,wk inc covid hosp,quantile,0.65,502.1819825661371
49,2026-08-15,0,2026-08-15,wk inc covid hosp,quantile,0.65,38.48821382324291
50,2026-08-15,0,2026-08-15,wk inc covid hosp,quantile,0.65,87.61589907614865
51,2026-08-15,0,2026-08-15,wk inc covid hosp,quantile,0.65,220.20484066424632
53,2026-08-15,0,2026-08-15,wk inc covid hosp,quantile,0.65,88.61688091118155
54,2026-08-15,0,2026-08-15,wk inc covid hosp,quantile,0.65,117.64565328526723
55,2026-08-15,0,2026-08-15,wk inc covid hosp,quantile,0.65,134.24927404446072
56,2026-08-15,0,2026-08-15,wk inc covid hosp,quantile,0.65,37.76692759361405
72,2026-08-15,0,2026-08-15,wk inc covid hosp,quantile,0.65,4924.766230963868
US,2026-08-15,0,2026-08-15,wk inc covid hosp,quantile,0.65,2384.7703614161937
01,2026-08-15,1,2026-08-22,wk inc covid hosp,quantile,0.65,149.21762266194833
02,2026-08-15,1,2026-08-22,wk inc covid hosp,quantile,0.65,82.5592105898809
04,2026-08-15,1,2026-08-22,wk inc covid hosp,quantile,0.65,207.89552744117464
05,2026-08-15,1,2026-08-22,wk inc covid hosp,quantile,0.65,615.8915590118521
06,2026-08-15,1,2026-08-22,wk inc covid hosp,quantile,0.65,730.4156899359332
08,2026-08-15,1,2026-08-22,wk inc covid hosp,quantile,0.65,170.7153714227859
09,2026-08-15,1,2026-08-22,wk inc covid hosp,quantile,0.65,131.8290868008575
10,2026-08-15,1,2026-08-22,wk inc covid hosp,quantile,0.65,40.11104661769166
11,2026-08-15,1,2026-08-22,wk inc covid hosp,quantile,0.65,733.0685815185157
12,2026-08-15,1,2026-08-22,wk inc covid hosp,quantile,0.65,1067.8222568744586
13,2026-08-15,1,2026-08-22,wk inc covid hosp,quantile,0.65,275.8442564802458
15,2026-08-15,1,2026-08-22,wk inc covid hosp,quantile,0.65,66.40393630448477
16,2026-08-15,1,2026-08-22,wk inc covid hosp,quantile,0.65,153.09816488467655
17,2026-08-15,1,2026-08-22,wk inc covid hosp,quantile,0.65,265.8536624321322
18,2026-08-15,1,2026-08-22,wk inc covid hosp,quantile,0.65,204.99111045973956
19,2026-08-15,1,2026-08-22,wk inc covid hosp,quantile,0.65,93.588680365596
20,2026-08-15,1,2026-08-22,wk inc covid hosp,quantile,0.65,161.4744192768438
21,2026-08-15,1,2026-08-22,wk inc covid hosp,quantile,0.65,179.7840271218217
22,2026-08-15,1,2026-08-22,wk inc covid hosp,quantile,0.65,156.93491104872984
23,2026-08-15,1,2026-08-22,wk inc covid hosp,quantile,0.65,117.41391918767921
24,2026-08-15,1,2026-08-22,wk inc covid hosp,quantile,0.65,191.62773201976478
25,2026-08-15,1,2026-08-22,wk inc covid hosp,quantile,0.65,381.99416619313894
26,2026-08-15,1,2026-08-22,wk inc covid hosp,quantile,0.65,299.9478699263973
27,2026-08-15,1,2026-08-22,wk inc covid hosp,quantile,0.65,120.80430984984514
28,2026-08-15,1,2026-08-22,wk inc covid hosp,quantile,0.65,175.8204439280228
29,2026-08-15,1,2026-08-22,wk inc covid hosp,quantile,0.65,187.10064906924197
30,2026-08-15,1,2026-08-22,wk inc covid hosp,quantile,0.65,72.02099849382257
31,2026-08-15,1,2026-08-22,wk inc covid hosp,quantile,0.65,78.20378687618664
32,2026-08-15,1,2026-08-22,wk inc covid hosp,quantile,0.65,77.78495683195251
33,2026-08-15,1,2026-08-22,wk inc covid hosp,quantile,0.65,214.66279242111088
34,2026-08-15,1,2026-08-22,wk inc covid hosp,quantile,0.65,188.15999653431993
35,2026-08-15,1,2026-08-22,wk inc covid hosp,quantile,0.65,418.69161238739275
36,2026-08-15,1,2026-08-22,wk inc covid hosp,quantile,0.65,782.2223331910716
37,2026-08-15,1,2026-08-22,wk inc covid hosp,quantile,0.65,257.9423993163657
38,2026-08-15,1,2026-08-22,wk inc covid hosp,quantile,0.65,228.0383265088914
39,2026-08-15,1,2026-08-22,wk inc covid hosp,quantile,0.65,286.95110483304614
40,2026-08-15,1,2026-08-22,wk inc covid hosp,quantile,0.65,165.10454286245402
41,2026-08-15,1,2026-08-22,wk inc covid hosp,quantile,0.65,225.0449744151105
42,2026-08-15,1,2026-08-22,wk inc covid hosp,quantile,0.65,329.6503662114753
44,2026-08-15,1,2026-08-22,wk inc covid hosp,quantile,0.65,109.96428498741729
45,2026-08-15,1,2026-08-22,wk inc covid hosp,quantile,0.65,107.10030442080627
46,2026-08-15,1,2026-08-22,wk inc covid hosp,quantile,0.65,142.95866015838808
47,2026-08-15,1,2026-08-22,wk inc covid hosp,quantile,0.65,615.4782266293084
48,2026-08-15,1,2026-08-22,wk inc covid hosp,quantile,0.65,598.5513306744506
49,2026-08-15,1,2026-08-22,wk inc covid hosp,quantile,0.65,48.476891051205115
50,2026-08-15,1,2026-08-22,wk inc covid hosp,quantile,0.65,118.50239943700984
51,2026-08-15,1,2026-08-22,wk inc covid hosp,quantile,0.65,284.9193094873233
53,2026-08-15,1,2026-08-22,wk inc covid hosp,quantile,0.65,111.03829148020124
54,2026-08-15,1,2026-08-22,wk inc covid hosp,quantile,0.65,161.3495446443726
55,2026-08-15,1,2026-08-22,wk inc covid hosp,quantile,0.65,177.91942901650623
56,2026-08-15,1,2026-08-22,wk inc covid hosp,quantile,0.65,51.42855218284443
72,2026-08-15,1,2026-08-22,wk inc covid hosp,quantile,0.65,5705.2628286706295
US,2026-08-15,1,2026-08-22,wk inc covid hosp,quantile,0.65,2818.022481197105
01,2026-08-15,2,2026-08-29,wk inc covid hosp,quantile,0.65,169.9209940090588
02,2026-08-15,2,2026-08-29,wk inc covid hosp,quantile,0.65,101.6530037992149
04,2026-08-15,2,2026-08-29,wk inc covid hosp,quantile,0.65,247.16713046858652
05,2026-08-15,2,2026-08-29,wk inc covid hosp,quantile,0.65,760.517169386437
06,2026-08-15,2,2026-08-29,wk inc covid hosp,quantile,0.65,836.6653830774723
08,2026-08-15,2,2026-08-29,wk inc covid hosp,quantile,0.65,210.3695113094378
09,2026-08-15,2,2026-08-29,wk inc covid hosp,quantile,0.65,160.7908000291439
10,2026-08-15,2,2026-08-29,wk inc covid hosp,quantile,0.65,49.43518888360979
11,2026-08-15,2,2026-08-29,wk inc covid hosp,quantile,0.65,916.7064228154753
12,2026-08-15,2,2026-08-29,wk inc covid hosp,quantile,0.65,1214.087647919304
13,2026-08-15,2,2026-08-29,wk inc covid hosp,quantile,0.65,318.84379134718563
15,2026-08-15,2,2026-08-29,wk inc covid hosp,quantile,0.65,78.08845500499194
16,2026-08-15,2,2026-08-29,wk inc covid hosp,quantile,0.65,180.51649075728136
17,2026-08-15,2,2026-08-29,wk inc covid hosp,quantile,0.65,323.72440570027067
18,2026-08-15,2,2026-08-29,wk inc covid hosp,quantile,0.65,249.19907367903252
19,2026-08-15,2,2026-08-29,wk inc covid hosp,quantile,0.65,116.23840103759838
20,2026-08-15,2,2026-08-29,wk inc covid hosp,quantile,0.65,193.80485924872067
21,2026-08-15,2,2026-08-29,wk inc covid hosp,quantile,0.65,219.7916458289841
22,2026-08-15,2,2026-08-29,wk inc covid hosp,quantile,0.65,180.53478954509632
23,2026-08-15,2,2026-08-29,wk inc covid hosp,quantile,0.65,147.34333506141581
24,2026-08-15,2,2026-08-29,wk inc covid hosp,quantile,0.65,231.52695946731583
25,2026-08-15,2,2026-08-29,wk inc covid hosp,quantile,0.65,471.2432772242497
26,2026-08-15,2,2026-08-29,wk inc covid hosp,quantile,0.65,377.5384179553026
27,2026-08-15,2,2026-08-29,wk inc covid hosp,quantile,0.65,147.2415122902835
28,2026-08-15,2,2026-08-29,wk inc covid hosp,quantile,0.65,203.08081848441694
29,2026-08-15,2,2026-08-29,wk inc covid hosp,quantile,0.65,232.54459340271288
30,2026-08-15,2,2026-08-29,wk inc covid hosp,quantile,0.65,87.33537849164287
31,2026-08-15,2,2026-08-29,wk inc covid hosp,quantile,0.65,95.31945780058088
32,2026-08-15,2,2026-08-29,wk inc covid hosp,quantile,0.65,91.01283036577442
33,2026-08-15,2,2026-08-29,wk inc covid hosp,quantile,0.65,266.451399822372
34,2026-08-15,2,2026-08-29,wk inc covid hosp,quantile,0.65,228.10664542469144
35,2026-08-15,2,2026-08-29,wk inc covid hosp,quantile,0.65,500.0602424635792
36,2026-08-15,2,2026-08-29,wk inc covid hosp,quantile,0.65,928.3020708357305
37,2026-08-15,2,2026-08-29,wk inc covid hosp,quantile,0.65,296.9173412458334
38,2026-08-15,2,2026-08-29,wk inc covid hosp,quantile,0.65,283.940771436261
39,2026-08-15,2,2026-08-29,wk inc covid hosp,quantile,0.65,349.7297650836314
40,2026-08-15,2,2026-08-29,wk inc covid hosp,quantile,0.65,198.00974437133104
41,2026-08-15,2,2026-08-29,wk inc covid hosp,quantile,0.65,269.969091765864
42,2026-08-15,2,2026-08-29,wk inc covid hosp,quantile,0.65,407.22805633640064
44,2026-08-15,2,2026-08-29,wk inc covid hosp,quantile,0.65,132.54477140754702
45,2026-08-15,2,2026-08-29,wk inc covid hosp,quantile,0.65,127.23545500256496
46,2026-08-15,2,2026-08-29,wk inc covid hosp,quantile,0.65,180.19483882899993
47,2026-08-15,2,2026-08-29,wk inc covid hosp,quantile,0.65,731.8932690446961
48,2026-08-15,2,2026-08-29,wk inc covid hosp,quantile,0.65,676.7535588610579
49,2026-08-15,2,2026-08-29,wk inc covid hosp,quantile,0.65,56.88760270162763
50,2026-08-15,2,2026-08-29,wk inc covid hosp,quantile,0.65,142.13345517909022
51,2026-08-15,2,2026-08-29,wk inc covid hosp,quantile,0.65,345.16609316366345
53,2026-08-15,2,2026-08-29,wk inc covid hosp,quantile,0.65,129.59513055616475
54,2026-08-15,2,2026-08-29,wk inc covid hosp,quantile,0.65,198.7980633579938
55,2026-08-15,2,2026-08-29,wk inc covid hosp,quantile,0.65,217.8119674375404
56,2026-08-15,2,2026-08-29,wk inc covid hosp,quantile,0.65,64.67779341274662
72,2026-08-15,2,2026-08-29,wk inc covid hosp,quantile,0.65,6415.861183220929
US,2026-08-15,2,2026-08-29,wk inc covid hosp,quantile,0.65,3299.9287277099543
01,2026-08-15,3,2026-09-05,wk inc covid hosp,quantile,0.65,187.10346785823285
02,2026-08-15,3,2026-09-05,wk inc covid hosp,quantile,0.65,112.75834010140143
04,2026-08-15,3,2026-09-05,wk inc covid hosp,quantile,0.65,276.9903777603303
05,2026-08-15,3,2026-09-05,wk inc covid hosp,quantile,0.65,878.4177705837077
06,2026-08-15,3,2026-09-05,wk inc covid hosp,quantile,0.65,909.1196336295368
08,2026-08-15,3,2026-09-05,wk inc covid hosp,quantile,0.65,238.41363954741493
09,2026-08-15,3,2026-09-05,wk inc covid hosp,quantile,0.65,183.7450148394077
10,2026-08-15,3,2026-09-05,wk inc covid hosp,quantile,0.65,56.67001793342726
11,2026-08-15,3,2026-09-05,wk inc covid hosp,quantile,0.65,1051.0985826712501
12,2026-08-15,3,2026-09-05,wk inc covid hosp,quantile,0.65,1305.920246710208
13,2026-08-15,3,2026-09-05,wk inc covid hosp,quantile,0.65,351.8961270782051
15,2026-08-15,3,2026-09-05,wk inc covid hosp,quantile,0.65,85.38556520134762
16,2026-08-15,3,2026-09-05,wk inc covid hosp,quantile,0.65,212.34119623834056
17,2026-08-15,3,2026-09-05,wk inc covid hosp,quantile,0.65,372.3110746301119
18,2026-08-15,3,2026-09-05,wk inc covid hosp,quantile,0.65,284.6591321072808
19,2026-08-15,3,2026-09-05,wk inc covid hosp,quantile,0.65,133.68981583504123
20,2026-08-15,3,2026-09-05,wk inc covid hosp,quantile,0.65,223.80686612743352
21,2026-08-15,3,2026-09-05,wk inc covid hosp,quantile,0.65,251.94399651021794
22,2026-08-15,3,2026-09-05,wk inc covid hosp,quantile,0.65,188.48049147897163
23,2026-08-15,3,2026-09-05,wk inc covid hosp,quantile,0.65,169.19918917500146
24,2026-08-15,3,2026-09-05,wk inc covid hosp,quantile,0.65,264.95071292220405
25,2026-08-15,3,2026-09-05,wk inc covid hosp,quantile,0.65,546.9279735848562
26,2026-08-15,3,2026-09-05,wk inc covid hosp,quantile,0.65,442.4950635636699
27,2026-08-15,3,2026-09-05,wk inc covid hosp,quantile,0.65,171.02654736727655
28,2026-08-15,3,2026-09-05,wk inc covid hosp,quantile,0.65,221.62740810322694
29,2026-08-15,3,2026-09-05,wk inc covid hosp,quantile,0.65,266.6922197871222
30,2026-08-15,3,2026-09-05,wk inc covid hosp,quantile,0.65,102.58043617425812
31,2026-08-15,3,2026-09-05,wk inc covid hosp,quantile,0.65,109.81815729975885
32,2026-08-15,3,2026-09-05,wk inc covid hosp,quantile,0.65,99.42085311783524
33,2026-08-15,3,2026-09-05,wk inc covid hosp,quantile,0.65,304.2829904642536
34,2026-08-15,3,2026-09-05,wk inc covid hosp,quantile,0.65,257.8448573256786
35,2026-08-15,3,2026-09-05,wk inc covid hosp,quantile,0.65,565.1932928403296
36,2026-08-15,3,2026-09-05,wk inc covid hosp,quantile,0.65,1034.005977826214
37,2026-08-15,3,2026-09-05,wk inc covid hosp,quantile,0.65,335.46256591672375
38,2026-08-15,3,2026-09-05,wk inc covid hosp,quantile,0.65,325.5281287601309
39,2026-08-15,3,2026-09-05,wk inc covid hosp,quantile,0.65,397.5457797978177
40,2026-08-15,3,2026-09-05,wk inc covid hosp,quantile,0.65,223.86341547919045
41,2026-08-15,3,2026-09-05,wk inc covid hosp,quantile,0.65,301.7625085672175
42,2026-08-15,3,2026-09-05,wk inc covid hosp,quantile,0.65,471.118573526947
44,2026-08-15,3,2026-09-05,wk inc covid hosp,quantile,0.65,152.0368885211829
45,2026-08-15,3,2026-09-05,wk inc covid hosp,quantile,0.65,141.52732157132203
46,2026-08-15,3,2026-09-05,wk inc covid hosp,quantile,0.65,210.05699553183857
47,2026-08-15,3,2026-09-05,wk inc covid hosp,quantile,0.65,818.0315902434623
48,2026-08-15,3,2026-09-05,wk inc covid hosp,quantile,0.65,739.634864736647
49,2026-08-15,3,2026-09-05,wk inc covid hosp,quantile,0.65,63.928767554265505
50,2026-08-15,3,2026-09-05,wk inc covid hosp,quantile,0.65,172.56323398550282
51,2026-08-15,3,2026-09-05,wk inc covid hosp,quantile,0.65,390.1842107820352
53,2026-08-15,3,2026-09-05,wk inc covid hosp,quantile,0.65,145.3259687017232
54,2026-08-15,3,2026-09-05,wk inc covid hosp,quantile,0.65,232.9995525034355
55,2026-08-15,3,2026-09-05,wk inc covid hosp,quantile,0.65,250.45080342923072
56,2026-08-15,3,2026-09-05,wk inc covid hosp,quantile,0.65,78.63159891929524
72,2026-08-15,3,2026-09-05,wk inc covid hosp,quantile,0.65,7136.002273851093
US,2026-08-15,3,2026-09-05,wk inc covid hosp,quantile,0.65,3867.2239334827227
01,2026-08-15,0,2026-08-15,wk inc covid hosp,quantile,0.7,124.9912293031266
02,2026-08-15,0,2026-08-15,wk inc covid hosp,quantile,0.7,70.87839100772658
04,2026-08-15,0,2026-08-15,wk inc covid hosp,quantile,0.7,168.210128749638
05,2026-08-15,0,2026-08-15,wk inc covid hosp,quantile,0.7,503.70246754844925
06,2026-08-15,0,2026-08-15,wk inc covid hosp,quantile,0.7,624.7115120208994
08,2026-08-15,0,2026-08-15,wk inc covid hosp,quantile,0.7,139.25414137592716
09,2026-08-15,0,2026-08-15,wk inc covid hosp,quantile,0.7,104.48162571543584
10,2026-08-15,0,2026-08-15,wk inc covid hosp,quantile,0.7,30.92398609116065
11,2026-08-15,0,2026-08-15,wk inc covid hosp,quantile,0.7,586.446356297759
12,2026-08-15,0,2026-08-15,wk inc covid hosp,quantile,0.7,935.4901837210244
13,2026-08-15,0,2026-08-15,wk inc covid hosp,quantile,0.7,222.22695811265095
15,2026-08-15,0,2026-08-15,wk inc covid hosp,quantile,0.7,57.07337141987578
16,2026-08-15,0,2026-08-15,wk inc covid hosp,quantile,0.7,121.58938669312482
17,2026-08-15,0,2026-08-15,wk inc covid hosp,quantile,0.7,211.9274366476837
18,2026-08-15,0,2026-08-15,wk inc covid hosp,quantile,0.7,161.7469792318422
19,2026-08-15,0,2026-08-15,wk inc covid hosp,quantile,0.7,76.18332863428913
20,2026-08-15,0,2026-08-15,wk inc covid hosp,quantile,0.7,130.54458497262257
21,2026-08-15,0,2026-08-15,wk inc covid hosp,quantile,0.7,144.7779181103599
22,2026-08-15,0,2026-08-15,wk inc covid hosp,quantile,0.7,138.01825639112545
23,2026-08-15,0,2026-08-15,wk inc covid hosp,quantile,0.7,92.3197763586591
24,2026-08-15,0,2026-08-15,wk inc covid hosp,quantile,0.7,150.7040414062237
25,2026-08-15,0,2026-08-15,wk inc covid hosp,quantile,0.7,299.02579939185813
26,2026-08-15,0,2026-08-15,wk inc covid hosp,quantile,0.7,232.68555308510338
27,2026-08-15,0,2026-08-15,wk inc covid hosp,quantile,0.7,95.50348393046205
28,2026-08-15,0,2026-08-15,wk inc covid hosp,quantile,0.7,151.9072444579047
29,2026-08-15,0,2026-08-15,wk inc covid hosp,quantile,0.7,147.50144515988742
30,2026-08-15,0,2026-08-15,wk inc covid hosp,quantile,0.7,56.8002972636635
31,2026-08-15,0,2026-08-15,wk inc covid hosp,quantile,0.7,61.43333273189051
32,2026-08-15,0,2026-08-15,wk inc covid hosp,quantile,0.7,65.1413447796045
33,2026-08-15,0,2026-08-15,wk inc covid hosp,quantile,0.7,170.33696420189605
34,2026-08-15,0,2026-08-15,wk inc covid hosp,quantile,0.7,154.83695600815463
35,2026-08-15,0,2026-08-15,wk inc covid hosp,quantile,0.7,337.9063917464224
36,2026-08-15,0,2026-08-15,wk inc covid hosp,quantile,0.7,629.7275638088436
37,2026-08-15,0,2026-08-15,wk inc covid hosp,quantile,0.7,212.62376602668996
38,2026-08-15,0,2026-08-15,wk inc covid hosp,quantile,0.7,180.10171432362807
39,2026-08-15,0,2026-08-15,wk inc covid hosp,quantile,0.7,227.18881708241688
40,2026-08-15,0,2026-08-15,wk inc covid hosp,quantile,0.7,130.26185095357914
41,2026-08-15,0,2026-08-15,wk inc covid hosp,quantile,0.7,182.50723643157662
42,2026-08-15,0,2026-08-15,wk inc covid hosp,quantile,0.7,260.19348660895145
44,2026-08-15,0,2026-08-15,wk inc covid hosp,quantile,0.7,88.51240465963933
45,2026-08-15,0,2026-08-15,wk inc covid hosp,quantile,0.7,87.2870004321326
46,2026-08-15,0,2026-08-15,wk inc covid hosp,quantile,0.7,110.32381401488135
47,2026-08-15,0,2026-08-15,wk inc covid hosp,quantile,0.7,512.4388372988725
48,2026-08-15,0,2026-08-15,wk inc covid hosp,quantile,0.7,516.200071000657
49,2026-08-15,0,2026-08-15,wk inc covid hosp,quantile,0.7,39.77248757372296
50,2026-08-15,0,2026-08-15,wk inc covid hosp,quantile,0.7,93.41596401706859
51,2026-08-15,0,2026-08-15,wk inc covid hosp,quantile,0.7,225.90876654421248
53,2026-08-15,0,2026-08-15,wk inc covid hosp,quantile,0.7,91.1809928668482
54,2026-08-15,0,2026-08-15,wk inc covid hosp,quantile,0.7,122.61942232281562
55,2026-08-15,0,2026-08-15,wk inc covid hosp,quantile,0.7,139.08853694961084
56,2026-08-15,0,2026-08-15,wk inc covid hosp,quantile,0.7,40.54032839195143
72,2026-08-15,0,2026-08-15,wk inc covid hosp,quantile,0.7,5130.21806965471
US,2026-08-15,0,2026-08-15,wk inc covid hosp,quantile,0.7,2453.8259619379537
01,2026-08-15,1,2026-08-22,wk inc covid hosp,quantile,0.7,154.80502800407243
02,2026-08-15,1,2026-08-22,wk inc covid hosp,quantile,0.7,89.26082466926003
04,2026-08-15,1,2026-08-22,wk inc covid hosp,quantile,0.7,215.6151565535743
05,2026-08-15,1,2026-08-22,wk inc covid hosp,quantile,0.7,648.498045531175
06,2026-08-15,1,2026-08-22,wk inc covid hosp,quantile,0.7,748.5241712062174
08,2026-08-15,1,2026-08-22,wk inc covid hosp,quantile,0.7,178.00384457363174
09,2026-08-15,1,2026-08-22,wk inc covid hosp,quantile,0.7,140.28286947192245
10,2026-08-15,1,2026-08-22,wk inc covid hosp,quantile,0.7,42.31174190308337
11,2026-08-15,1,2026-08-22,wk inc covid hosp,quantile,0.7,786.6745310691606
12,2026-08-15,1,2026-08-22,wk inc covid hosp,quantile,0.7,1116.0325636687091
13,2026-08-15,1,2026-08-22,wk inc covid hosp,quantile,0.7,284.3476698768614
15,2026-08-15,1,2026-08-22,wk inc covid hosp,quantile,0.7,69.478208426249
16,2026-08-15,1,2026-08-22,wk inc covid hosp,quantile,0.7,161.83292823934573
17,2026-08-15,1,2026-08-22,wk inc covid hosp,quantile,0.7,275.06278379519875
18,2026-08-15,1,2026-08-22,wk inc covid hosp,quantile,0.7,212.53347768753312
19,2026-08-15,1,2026-08-22,wk inc covid hosp,quantile,0.7,98.21453988851428
20,2026-08-15,1,2026-08-22,wk inc covid hosp,quantile,0.7,169.72781838797582
21,2026-08-15,1,2026-08-22,wk inc covid hosp,quantile,0.7,187.79770200230752
22,2026-08-15,1,2026-08-22,wk inc covid hosp,quantile,0.7,163.14924654189798
23,2026-08-15,1,2026-08-22,wk inc covid hosp,quantile,0.7,124.79807778096158
24,2026-08-15,1,2026-08-22,wk inc covid hosp,quantile,0.7,199.7026554808478
25,2026-08-15,1,2026-08-22,wk inc covid hosp,quantile,0.7,396.4703286853744
26,2026-08-15,1,2026-08-22,wk inc covid hosp,quantile,0.7,314.0900072950316
27,2026-08-15,1,2026-08-22,wk inc covid hosp,quantile,0.7,125.67713570423163
28,2026-08-15,1,2026-08-22,wk inc covid hosp,quantile,0.7,184.05360859280265
29,2026-08-15,1,2026-08-22,wk inc covid hosp,quantile,0.7,193.12057984444638
30,2026-08-15,1,2026-08-22,wk inc covid hosp,quantile,0.7,77.18405116196955
31,2026-08-15,1,2026-08-22,wk inc covid hosp,quantile,0.7,81.78319372220001
32,2026-08-15,1,2026-08-22,wk inc covid hosp,quantile,0.7,81.03949242709261
33,2026-08-15,1,2026-08-22,wk inc covid hosp,quantile,0.7,226.24372038976728
34,2026-08-15,1,2026-08-22,wk inc covid hosp,quantile,0.7,197.5617460361127
35,2026-08-15,1,2026-08-22,wk inc covid hosp,quantile,0.7,443.0843041690103
36,2026-08-15,1,2026-08-22,wk inc covid hosp,quantile,0.7,804.3140079039584
37,2026-08-15,1,2026-08-22,wk inc covid hosp,quantile,0.7,266.2281560781502
38,2026-08-15,1,2026-08-22,wk inc covid hosp,quantile,0.7,242.20918255716592
39,2026-08-15,1,2026-08-22,wk inc covid hosp,quantile,0.7,299.8379607472987
40,2026-08-15,1,2026-08-22,wk inc covid hosp,quantile,0.7,172.18887072228338
41,2026-08-15,1,2026-08-22,wk inc covid hosp,quantile,0.7,233.90753687890535
42,2026-08-15,1,2026-08-22,wk inc covid hosp,quantile,0.7,346.69429069182934
44,2026-08-15,1,2026-08-22,wk inc covid hosp,quantile,0.7,117.15603804676259
45,2026-08-15,1,2026-08-22,wk inc covid hosp,quantile,0.7,111.86706564420413
46,2026-08-15,1,2026-08-22,wk inc covid hosp,quantile,0.7,154.5746742173398
47,2026-08-15,1,2026-08-22,wk inc covid hosp,quantile,0.7,640.7505970806919
48,2026-08-15,1,2026-08-22,wk inc covid hosp,quantile,0.7,619.4622290490041
49,2026-08-15,1,2026-08-22,wk inc covid hosp,quantile,0.7,51.17019734433249
50,2026-08-15,1,2026-08-22,wk inc covid hosp,quantile,0.7,128.55090659130863
51,2026-08-15,1,2026-08-22,wk inc covid hosp,quantile,0.7,297.0452675985533
53,2026-08-15,1,2026-08-22,wk inc covid hosp,quantile,0.7,114.54517921761447
54,2026-08-15,1,2026-08-22,wk inc covid hosp,quantile,0.7,169.63310604941555
55,2026-08-15,1,2026-08-22,wk inc covid hosp,quantile,0.7,185.77193052738943
56,2026-08-15,1,2026-08-22,wk inc covid hosp,quantile,0.7,57.42156531047417
72,2026-08-15,1,2026-08-22,wk inc covid hosp,quantile,0.7,6063.074574153966
US,2026-08-15,1,2026-08-22,wk inc covid hosp,quantile,0.7,2922.3356065807075
01,2026-08-15,2,2026-08-29,wk inc covid hosp,quantile,0.7,177.2780320795527
02,2026-08-15,2,2026-08-29,wk inc covid hosp,quantile,0.7,111.09575543453248
04,2026-08-15,2,2026-08-29,wk inc covid hosp,quantile,0.7,259.0376456545141
05,2026-08-15,2,2026-08-29,wk inc covid hosp,quantile,0.7,797.1495378647459
06,2026-08-15,2,2026-08-29,wk inc covid hosp,quantile,0.7,858.6629935366799
08,2026-08-15,2,2026-08-29,wk inc covid hosp,quantile,0.7,218.81702927101094
09,2026-08-15,2,2026-08-29,wk inc covid hosp,quantile,0.7,170.0599118264883
10,2026-08-15,2,2026-08-29,wk inc covid hosp,quantile,0.7,52.95921667779653
11,2026-08-15,2,2026-08-29,wk inc covid hosp,quantile,0.7,998.9636815141077
12,2026-08-15,2,2026-08-29,wk inc covid hosp,quantile,0.7,1276.10002488488
13,2026-08-15,2,2026-08-29,wk inc covid hosp,quantile,0.7,330.13888546593137
15,2026-08-15,2,2026-08-29,wk inc covid hosp,quantile,0.7,83.65446138373854
16,2026-08-15,2,2026-08-29,wk inc covid hosp,quantile,0.7,195.0186869318052
17,2026-08-15,2,2026-08-29,wk inc covid hosp,quantile,0.7,336.9330518701687
18,2026-08-15,2,2026-08-29,wk inc covid hosp,quantile,0.7,261.18668369837
19,2026-08-15,2,2026-08-29,wk inc covid hosp,quantile,0.7,123.34717764686329
20,2026-08-15,2,2026-08-29,wk inc covid hosp,quantile,0.7,205.81429567127572
21,2026-08-15,2,2026-08-29,wk inc covid hosp,quantile,0.7,231.37856599345807
22,2026-08-15,2,2026-08-29,wk inc covid hosp,quantile,0.7,188.43023497157418
23,2026-08-15,2,2026-08-29,wk inc covid hosp,quantile,0.7,157.66597671030004
24,2026-08-15,2,2026-08-29,wk inc covid hosp,quantile,0.7,242.2700323522074
25,2026-08-15,2,2026-08-29,wk inc covid hosp,quantile,0.7,493.4097696814046
26,2026-08-15,2,2026-08-29,wk inc covid hosp,quantile,0.7,399.4691258894896
27,2026-08-15,2,2026-08-29,wk inc covid hosp,quantile,0.7,155.10189055488289
28,2026-08-15,2,2026-08-29,wk inc covid hosp,quantile,0.7,216.78010034404673
29,2026-08-15,2,2026-08-29,wk inc covid hosp,quantile,0.7,242.8653830897116
30,2026-08-15,2,2026-08-29,wk inc covid hosp,quantile,0.7,94.58906870652768
31,2026-08-15,2,2026-08-29,wk inc covid hosp,quantile,0.7,101.83632147883426
32,2026-08-15,2,2026-08-29,wk inc covid hosp,quantile,0.7,95.09598312811991
33,2026-08-15,2,2026-08-29,wk inc covid hosp,quantile,0.7,285.7069414247424
34,2026-08-15,2,2026-08-29,wk inc covid hosp,quantile,0.7,240.28761889657437
35,2026-08-15,2,2026-08-29,wk inc covid hosp,quantile,0.7,533.5151856365754
36,2026-08-15,2,2026-08-29,wk inc covid hosp,quantile,0.7,961.8922019377677
37,2026-08-15,2,2026-08-29,wk inc covid hosp,quantile,0.7,309.9511807861941
38,2026-08-15,2,2026-08-29,wk inc covid hosp,quantile,0.7,305.7096009540592
39,2026-08-15,2,2026-08-29,wk inc covid hosp,quantile,0.7,366.5174652308796
40,2026-08-15,2,2026-08-29,wk inc covid hosp,quantile,0.7,208.10348930213712
41,2026-08-15,2,2026-08-29,wk inc covid hosp,quantile,0.7,284.61940201061356
42,2026-08-15,2,2026-08-29,wk inc covid hosp,quantile,0.7,429.8242190351404
44,2026-08-15,2,2026-08-29,wk inc covid hosp,quantile,0.7,144.44732388830693
45,2026-08-15,2,2026-08-29,wk inc covid hosp,quantile,0.7,133.35363839875018
46,2026-08-15,2,2026-08-29,wk inc covid hosp,quantile,0.7,197.9595595404853
47,2026-08-15,2,2026-08-29,wk inc covid hosp,quantile,0.7,769.1060250470717
48,2026-08-15,2,2026-08-29,wk inc covid hosp,quantile,0.7,710.1207706398062
49,2026-08-15,2,2026-08-29,wk inc covid hosp,quantile,0.7,60.588789691625365
50,2026-08-15,2,2026-08-29,wk inc covid hosp,quantile,0.7,160.55830899996275
51,2026-08-15,2,2026-08-29,wk inc covid hosp,quantile,0.7,358.44365179117756
53,2026-08-15,2,2026-08-29,wk inc covid hosp,quantile,0.7,134.72776243114254
54,2026-08-15,2,2026-08-29,wk inc covid hosp,quantile,0.7,211.54837259218763
55,2026-08-15,2,2026-08-29,wk inc covid hosp,quantile,0.7,227.80864265287306
56,2026-08-15,2,2026-08-29,wk inc covid hosp,quantile,0.7,73.39706238129953
72,2026-08-15,2,2026-08-29,wk inc covid hosp,quantile,0.7,6916.105524892829
US,2026-08-15,2,2026-08-29,wk inc covid hosp,quantile,0.7,3442.2974556687313
01,2026-08-15,3,2026-09-05,wk inc covid hosp,quantile,0.7,194.70261751564783
02,2026-08-15,3,2026-09-05,wk inc covid hosp,quantile,0.7,126.16156156208899
04,2026-08-15,3,2026-09-05,wk inc covid hosp,quantile,0.7,291.745213816642
05,2026-08-15,3,2026-09-05,wk inc covid hosp,quantile,0.7,933.2674664912594
06,2026-08-15,3,2026-09-05,wk inc covid hosp,quantile,0.7,940.9237448615304
08,2026-08-15,3,2026-09-05,wk inc covid hosp,quantile,0.7,250.48861141074363
09,2026-08-15,3,2026-09-05,wk inc covid hosp,quantile,0.7,197.8996138218381
10,2026-08-15,3,2026-09-05,wk inc covid hosp,quantile,0.7,61.80318949437363
11,2026-08-15,3,2026-09-05,wk inc covid hosp,quantile,0.7,1147.7702624160095
12,2026-08-15,3,2026-09-05,wk inc covid hosp,quantile,0.7,1394.4746601010015
13,2026-08-15,3,2026-09-05,wk inc covid hosp,quantile,0.7,367.91390887381203
15,2026-08-15,3,2026-09-05,wk inc covid hosp,quantile,0.7,90.92619734014006
16,2026-08-15,3,2026-09-05,wk inc covid hosp,quantile,0.7,231.75874125959848
17,2026-08-15,3,2026-09-05,wk inc covid hosp,quantile,0.7,394.17201590146465
18,2026-08-15,3,2026-09-05,wk inc covid hosp,quantile,0.7,300.75880206886745
19,2026-08-15,3,2026-09-05,wk inc covid hosp,quantile,0.7,142.53931162661982
20,2026-08-15,3,2026-09-05,wk inc covid hosp,quantile,0.7,237.30427089118461
21,2026-08-15,3,2026-09-05,wk inc covid hosp,quantile,0.7,267.53392870997476
22,2026-08-15,3,2026-09-05,wk inc covid hosp,quantile,0.7,198.94572086275764
23,2026-08-15,3,2026-09-05,wk inc covid hosp,quantile,0.7,183.4018571335873
24,2026-08-15,3,2026-09-05,wk inc covid hosp,quantile,0.7,279.4165400245739
25,2026-08-15,3,2026-09-05,wk inc covid hosp,quantile,0.7,577.9835300872892
26,2026-08-15,3,2026-09-05,wk inc covid hosp,quantile,0.7,473.4009803398359
27,2026-08-15,3,2026-09-05,wk inc covid hosp,quantile,0.7,180.41396914678154
28,2026-08-15,3,2026-09-05,wk inc covid hosp,quantile,0.7,238.08302972535233
29,2026-08-15,3,2026-09-05,wk inc covid hosp,quantile,0.7,278.15350693998107
30,2026-08-15,3,2026-09-05,wk inc covid hosp,quantile,0.7,110.92427716495781
31,2026-08-15,3,2026-09-05,wk inc covid hosp,quantile,0.7,117.9837246084362
32,2026-08-15,3,2026-09-05,wk inc covid hosp,quantile,0.7,104.85417050367451
33,2026-08-15,3,2026-09-05,wk inc covid hosp,quantile,0.7,330.5503395461074
34,2026-08-15,3,2026-09-05,wk inc covid hosp,quantile,0.7,275.0692959858632
35,2026-08-15,3,2026-09-05,wk inc covid hosp,quantile,0.7,608.8488144583249
36,2026-08-15,3,2026-09-05,wk inc covid hosp,quantile,0.7,1083.9198188558348
37,2026-08-15,3,2026-09-05,wk inc covid hosp,quantile,0.7,351.4781198085056
38,2026-08-15,3,2026-09-05,wk inc covid hosp,quantile,0.7,361.20515314332647
39,2026-08-15,3,2026-09-05,wk inc covid hosp,quantile,0.7,420.51109358751535
40,2026-08-15,3,2026-09-05,wk inc covid hosp,quantile,0.7,237.04018943588935
41,2026-08-15,3,2026-09-05,wk inc covid hosp,quantile,0.7,320.0746102165045
42,2026-08-15,3,2026-09-05,wk inc covid hosp,quantile,0.7,502.3655170973555
44,2026-08-15,3,2026-09-05,wk inc covid hosp,quantile,0.7,164.87362980951727
45,2026-08-15,3,2026-09-05,wk inc covid hosp,quantile,0.7,150.2433095215021
46,2026-08-15,3,2026-09-05,wk inc covid hosp,quantile,0.7,231.62459768358406
47,2026-08-15,3,2026-09-05,wk inc covid hosp,quantile,0.7,868.6597235402535
48,2026-08-15,3,2026-09-05,wk inc covid hosp,quantile,0.7,788.8547171608898
49,2026-08-15,3,2026-09-05,wk inc covid hosp,quantile,0.7,68.91909751396317
50,2026-08-15,3,2026-09-05,wk inc covid hosp,quantile,0.7,191.18632041264897
51,2026-08-15,3,2026-09-05,wk inc covid hosp,quantile,0.7,408.57936581923144
53,2026-08-15,3,2026-09-05,wk inc covid hosp,quantile,0.7,152.40782395506275
54,2026-08-15,3,2026-09-05,wk inc covid hosp,quantile,0.7,250.47765648341914
55,2026-08-15,3,2026-09-05,wk inc covid hosp,quantile,0.7,266.0562789486478
56,2026-08-15,3,2026-09-05,wk inc covid hosp,quantile,0.7,90.5742533866616
72,2026-08-15,3,2026-09-05,wk inc covid hosp,quantile,0.7,7724.281370659067
US,2026-08-15,3,2026-09-05,wk inc covid hosp,quantile,0.7,4064.782202508791
01,2026-08-15,0,2026-08-15,wk inc covid hosp,quantile,0.75,129.16634453028288
02,2026-08-15,0,2026-08-15,wk inc covid hosp,quantile,0.75,75.67705357410698
04,2026-08-15,0,2026-08-15,wk inc covid hosp,quantile,0.75,173.22153330718282
05,2026-08-15,0,2026-08-15,wk inc covid hosp,quantile,0.75,525.465916978214
06,2026-08-15,0,2026-08-15,wk inc covid hosp,quantile,0.75,636.7333437777406
08,2026-08-15,0,2026-08-15,wk inc covid hosp,quantile,0.75,143.50265597120932
09,2026-08-15,0,2026-08-15,wk inc covid hosp,quantile,0.75,108.72677050566075
10,2026-08-15,0,2026-08-15,wk inc covid hosp,quantile,0.75,32.24188972236413
11,2026-08-15,0,2026-08-15,wk inc covid hosp,quantile,0.75,615.004344413405
12,2026-08-15,0,2026-08-15,wk inc covid hosp,quantile,0.75,968.3884733591457
13,2026-08-15,0,2026-08-15,wk inc covid hosp,quantile,0.75,228.49095269651198
15,2026-08-15,0,2026-08-15,wk inc covid hosp,quantile,0.75,58.98888680692142
16,2026-08-15,0,2026-08-15,wk inc covid hosp,quantile,0.75,126.85876834957557
17,2026-08-15,0,2026-08-15,wk inc covid hosp,quantile,0.75,219.11681538520972
18,2026-08-15,0,2026-08-15,wk inc covid hosp,quantile,0.75,167.37436192181138
19,2026-08-15,0,2026-08-15,wk inc covid hosp,quantile,0.75,79.24534674886992
20,2026-08-15,0,2026-08-15,wk inc covid hosp,quantile,0.75,135.17273254333674
21,2026-08-15,0,2026-08-15,wk inc covid hosp,quantile,0.75,149.84507210747716
22,2026-08-15,0,2026-08-15,wk inc covid hosp,quantile,0.75,142.3326587654425
23,2026-08-15,0,2026-08-15,wk inc covid hosp,quantile,0.75,97.18972806719643
24,2026-08-15,0,2026-08-15,wk inc covid hosp,quantile,0.75,156.17704928968948
25,2026-08-15,0,2026-08-15,wk inc covid hosp,quantile,0.75,310.79809623720854
26,2026-08-15,0,2026-08-15,wk inc covid hosp,quantile,0.75,242.11085487641594
27,2026-08-15,0,2026-08-15,wk inc covid hosp,quantile,0.75,99.24972555321108
28,2026-08-15,0,2026-08-15,wk inc covid hosp,quantile,0.75,157.16811001849243
29,2026-08-15,0,2026-08-15,wk inc covid hosp,quantile,0.75,152.14693227335218
30,2026-08-15,0,2026-08-15,wk inc covid hosp,quantile,0.75,60.467294069925416
31,2026-08-15,0,2026-08-15,wk inc covid hosp,quantile,0.75,64.46377068051531
32,2026-08-15,0,2026-08-15,wk inc covid hosp,quantile,0.75,67.41551958847845
33,2026-08-15,0,2026-08-15,wk inc covid hosp,quantile,0.75,179.63110569610674
34,2026-08-15,0,2026-08-15,wk inc covid hosp,quantile,0.75,159.68510919549382
35,2026-08-15,0,2026-08-15,wk inc covid hosp,quantile,0.75,351.09772473824455
36,2026-08-15,0,2026-08-15,wk inc covid hosp,quantile,0.75,646.5356221001085
37,2026-08-15,0,2026-08-15,wk inc covid hosp,quantile,0.75,218.3899716548298
38,2026-08-15,0,2026-08-15,wk inc covid hosp,quantile,0.75,191.02684343388148
39,2026-08-15,0,2026-08-15,wk inc covid hosp,quantile,0.75,234.02160465131115
40,2026-08-15,0,2026-08-15,wk inc covid hosp,quantile,0.75,134.63538492779819
41,2026-08-15,0,2026-08-15,wk inc covid hosp,quantile,0.75,189.17673030501876
42,2026-08-15,0,2026-08-15,wk inc covid hosp,quantile,0.75,269.78264358569675
44,2026-08-15,0,2026-08-15,wk inc covid hosp,quantile,0.75,93.50930067580957
45,2026-08-15,0,2026-08-15,wk inc covid hosp,quantile,0.75,89.9917529309899
46,2026-08-15,0,2026-08-15,wk inc covid hosp,quantile,0.75,117.17716243482413
47,2026-08-15,0,2026-08-15,wk inc covid hosp,quantile,0.75,529.1733921996032
48,2026-08-15,0,2026-08-15,wk inc covid hosp,quantile,0.75,534.4599375013664
49,2026-08-15,0,2026-08-15,wk inc covid hosp,quantile,0.75,41.5893393428863
50,2026-08-15,0,2026-08-15,wk inc covid hosp,quantile,0.75,99.90711659282978
51,2026-08-15,0,2026-08-15,wk inc covid hosp,quantile,0.75,232.50739825724534
53,2026-08-15,0,2026-08-15,wk inc covid hosp,quantile,0.75,93.72881667454422
54,2026-08-15,0,2026-08-15,wk inc covid hosp,quantile,0.75,129.20932463398395
55,2026-08-15,0,2026-08-15,wk inc covid hosp,quantile,0.75,143.68006690392411
56,2026-08-15,0,2026-08-15,wk inc covid hosp,quantile,0.75,44.15924226520033
72,2026-08-15,0,2026-08-15,wk inc covid hosp,quantile,0.75,5366.665855051527
US,2026-08-15,0,2026-08-15,wk inc covid hosp,quantile,0.75,2526.027796190576
01,2026-08-15,1,2026-08-22,wk inc covid hosp,quantile,0.75,161.09239273832046
02,2026-08-15,1,2026-08-22,wk inc covid hosp,quantile,0.75,96.89110199615929
04,2026-08-15,1,2026-08-22,wk inc covid hosp,quantile,0.75,225.05712092026792
05,2026-08-15,1,2026-08-22,wk inc covid hosp,quantile,0.75,681.845079884189
06,2026-08-15,1,2026-08-22,wk inc covid hosp,quantile,0.75,773.1103223280792
08,2026-08-15,1,2026-08-22,wk inc covid hosp,quantile,0.75,186.31219323502663
09,2026-08-15,1,2026-08-22,wk inc covid hosp,quantile,0.75,146.94414444592422
10,2026-08-15,1,2026-08-22,wk inc covid hosp,quantile,0.75,44.730553762669295
11,2026-08-15,1,2026-08-22,wk inc covid hosp,quantile,0.75,831.0203646359682
12,2026-08-15,1,2026-08-22,wk inc covid hosp,quantile,0.75,1161.9547283884292
13,2026-08-15,1,2026-08-22,wk inc covid hosp,quantile,0.75,292.69196545774133
15,2026-08-15,1,2026-08-22,wk inc covid hosp,quantile,0.75,73.38504991855442
16,2026-08-15,1,2026-08-22,wk inc covid hosp,quantile,0.75,171.7443275269773
17,2026-08-15,1,2026-08-22,wk inc covid hosp,quantile,0.75,286.4279040875028
18,2026-08-15,1,2026-08-22,wk inc covid hosp,quantile,0.75,221.84027042024218
19,2026-08-15,1,2026-08-22,wk inc covid hosp,quantile,0.75,104.31776035733888
20,2026-08-15,1,2026-08-22,wk inc covid hosp,quantile,0.75,177.4144802977888
21,2026-08-15,1,2026-08-22,wk inc covid hosp,quantile,0.75,197.54669005951362
22,2026-08-15,1,2026-08-22,wk inc covid hosp,quantile,0.75,169.91121221477542
23,2026-08-15,1,2026-08-22,wk inc covid hosp,quantile,0.75,133.24597563928225
24,2026-08-15,1,2026-08-22,wk inc covid hosp,quantile,0.75,208.20494924993693
25,2026-08-15,1,2026-08-22,wk inc covid hosp,quantile,0.75,414.06134185882235
26,2026-08-15,1,2026-08-22,wk inc covid hosp,quantile,0.75,329.58120505524124
27,2026-08-15,1,2026-08-22,wk inc covid hosp,quantile,0.75,132.1921146359391
28,2026-08-15,1,2026-08-22,wk inc covid hosp,quantile,0.75,193.69207685060624
29,2026-08-15,1,2026-08-22,wk inc covid hosp,quantile,0.75,202.05895467766626
30,2026-08-15,1,2026-08-22,wk inc covid hosp,quantile,0.75,82.53964796048152
31,2026-08-15,1,2026-08-22,wk inc covid hosp,quantile,0.75,85.82735397427392
32,2026-08-15,1,2026-08-22,wk inc covid hosp,quantile,0.75,84.55553740694742
33,2026-08-15,1,2026-08-22,wk inc covid hosp,quantile,0.75,241.47240450118304
34,2026-08-15,1,2026-08-22,wk inc covid hosp,quantile,0.75,206.27647034956868
35,2026-08-15,1,2026-08-22,wk inc covid hosp,quantile,0.75,469.77029887720465
36,2026-08-15,1,2026-08-22,wk inc covid hosp,quantile,0.75,831.4324138568696
37,2026-08-15,1,2026-08-22,wk inc covid hosp,quantile,0.75,276.48691459576867
38,2026-08-15,1,2026-08-22,wk inc covid hosp,quantile,0.75,260.67228880322597
39,2026-08-15,1,2026-08-22,wk inc covid hosp,quantile,0.75,312.98766132577396
40,2026-08-15,1,2026-08-22,wk inc covid hosp,quantile,0.75,178.73640609797025
41,2026-08-15,1,2026-08-22,wk inc covid hosp,quantile,0.75,244.38794705443996
42,2026-08-15,1,2026-08-22,wk inc covid hosp,quantile,0.75,364.1015113935846
44,2026-08-15,1,2026-08-22,wk inc covid hosp,quantile,0.75,127.06075366473064
45,2026-08-15,1,2026-08-22,wk inc covid hosp,quantile,0.75,115.25929998365406
46,2026-08-15,1,2026-08-22,wk inc covid hosp,quantile,0.75,166.28110640568315
47,2026-08-15,1,2026-08-22,wk inc covid hosp,quantile,0.75,663.6037548285033
48,2026-08-15,1,2026-08-22,wk inc covid hosp,quantile,0.75,645.0676355818076
49,2026-08-15,1,2026-08-22,wk inc covid hosp,quantile,0.75,53.69271413150561
50,2026-08-15,1,2026-08-22,wk inc covid hosp,quantile,0.75,139.26769310883583
51,2026-08-15,1,2026-08-22,wk inc covid hosp,quantile,0.75,309.73606197215173
53,2026-08-15,1,2026-08-22,wk inc covid hosp,quantile,0.75,119.38962569085113
54,2026-08-15,1,2026-08-22,wk inc covid hosp,quantile,0.75,179.68260035768506
55,2026-08-15,1,2026-08-22,wk inc covid hosp,quantile,0.75,194.32316752538398
56,2026-08-15,1,2026-08-22,wk inc covid hosp,quantile,0.75,63.38146105149175
72,2026-08-15,1,2026-08-22,wk inc covid hosp,quantile,0.75,6462.827783740889
US,2026-08-15,1,2026-08-22,wk inc covid hosp,quantile,0.75,3033.840958519918
01,2026-08-15,2,2026-08-29,wk inc covid hosp,quantile,0.75,185.9207700220152
02,2026-08-15,2,2026-08-29,wk inc covid hosp,quantile,0.75,122.05665909016122
04,2026-08-15,2,2026-08-29,wk inc covid hosp,quantile,0.75,272.69875390938364
05,2026-08-15,2,2026-08-29,wk inc covid hosp,quantile,0.75,848.2843388244742
06,2026-08-15,2,2026-08-29,wk inc covid hosp,quantile,0.75,891.1870235173889
08,2026-08-15,2,2026-08-29,wk inc covid hosp,quantile,0.75,231.67853202500515
09,2026-08-15,2,2026-08-29,wk inc covid hosp,quantile,0.75,183.03746260658428
10,2026-08-15,2,2026-08-29,wk inc covid hosp,quantile,0.75,56.70560049387545
11,2026-08-15,2,2026-08-29,wk inc covid hosp,quantile,0.75,1083.956429496738
12,2026-08-15,2,2026-08-29,wk inc covid hosp,quantile,0.75,1356.3766090710094
13,2026-08-15,2,2026-08-29,wk inc covid hosp,quantile,0.75,344.1576756944896
15,2026-08-15,2,2026-08-29,wk inc covid hosp,quantile,0.75,89.66796030771918
16,2026-08-15,2,2026-08-29,wk inc covid hosp,quantile,0.75,209.93435704885945
17,2026-08-15,2,2026-08-29,wk inc covid hosp,quantile,0.75,356.2718073685987
18,2026-08-15,2,2026-08-29,wk inc covid hosp,quantile,0.75,276.4417224629138
19,2026-08-15,2,2026-08-29,wk inc covid hosp,quantile,0.75,131.43744474026926
20,2026-08-15,2,2026-08-29,wk inc covid hosp,quantile,0.75,219.42089408228668
21,2026-08-15,2,2026-08-29,wk inc covid hosp,quantile,0.75,244.4417683902059
22,2026-08-15,2,2026-08-29,wk inc covid hosp,quantile,0.75,197.20344024241612
23,2026-08-15,2,2026-08-29,wk inc covid hosp,quantile,0.75,169.3669377132188
24,2026-08-15,2,2026-08-29,wk inc covid hosp,quantile,0.75,257.1645473050506
25,2026-08-15,2,2026-08-29,wk inc covid hosp,quantile,0.75,520.1050050605874
26,2026-08-15,2,2026-08-29,wk inc covid hosp,quantile,0.75,425.7954975378359
27,2026-08-15,2,2026-08-29,wk inc covid hosp,quantile,0.75,163.44306128993944
28,2026-08-15,2,2026-08-29,wk inc covid hosp,quantile,0.75,230.9722894192953
29,2026-08-15,2,2026-08-29,wk inc covid hosp,quantile,0.75,253.9644543027168
30,2026-08-15,2,2026-08-29,wk inc covid hosp,quantile,0.75,102.51829088871867
31,2026-08-15,2,2026-08-29,wk inc covid hosp,quantile,0.75,109.63141414877563
32,2026-08-15,2,2026-08-29,wk inc covid hosp,quantile,0.75,99.21099348180921
33,2026-08-15,2,2026-08-29,wk inc covid hosp,quantile,0.75,305.7128499792257
34,2026-08-15,2,2026-08-29,wk inc covid hosp,quantile,0.75,257.3841519029654
35,2026-08-15,2,2026-08-29,wk inc covid hosp,quantile,0.75,564.247728045988
36,2026-08-15,2,2026-08-29,wk inc covid hosp,quantile,0.75,997.4734677318758
37,2026-08-15,2,2026-08-29,wk inc covid hosp,quantile,0.75,323.4825004092037
38,2026-08-15,2,2026-08-29,wk inc covid hosp,quantile,0.75,334.5463831527647
39,2026-08-15,2,2026-08-29,wk inc covid hosp,quantile,0.75,384.47730057110846
40,2026-08-15,2,2026-08-29,wk inc covid hosp,quantile,0.75,219.8503702547361
41,2026-08-15,2,2026-08-29,wk inc covid hosp,quantile,0.75,297.6226755036404
42,2026-08-15,2,2026-08-29,wk inc covid hosp,quantile,0.75,457.89190764329277
44,2026-08-15,2,2026-08-29,wk inc covid hosp,quantile,0.75,155.93978805457294
45,2026-08-15,2,2026-08-29,wk inc covid hosp,quantile,0.75,139.83134530730638
46,2026-08-15,2,2026-08-29,wk inc covid hosp,quantile,0.75,216.6573072297558
47,2026-08-15,2,2026-08-29,wk inc covid hosp,quantile,0.75,805.0724003479327
48,2026-08-15,2,2026-08-29,wk inc covid hosp,quantile,0.75,742.9154891906052
49,2026-08-15,2,2026-08-29,wk inc covid hosp,quantile,0.75,64.45118485167153
50,2026-08-15,2,2026-08-29,wk inc covid hosp,quantile,0.75,177.52894551294102
51,2026-08-15,2,2026-08-29,wk inc covid hosp,quantile,0.75,378.32121149179676
53,2026-08-15,2,2026-08-29,wk inc covid hosp,quantile,0.75,141.0353578531891
54,2026-08-15,2,2026-08-29,wk inc covid hosp,quantile,0.75,224.43113026191614
55,2026-08-15,2,2026-08-29,wk inc covid hosp,quantile,0.75,240.84882148384838
56,2026-08-15,2,2026-08-29,wk inc covid hosp,quantile,0.75,82.4631578478754
72,2026-08-15,2,2026-08-29,wk inc covid hosp,quantile,0.75,7537.04594982355
US,2026-08-15,2,2026-08-29,wk inc covid hosp,quantile,0.75,3603.089026065445
01,2026-08-15,3,2026-09-05,wk inc covid hosp,quantile,0.75,203.6148145534634
02,2026-08-15,3,2026-09-05,wk inc covid hosp,quantile,0.75,141.42640583915468
04,2026-08-15,3,2026-09-05,wk inc covid hosp,quantile,0.75,307.73125073412774
05,2026-08-15,3,2026-09-05,wk inc covid hosp,quantile,0.75,1010.6964947408123
06,2026-08-15,3,2026-09-05,wk inc covid hosp,quantile,0.75,976.5321192084383
08,2026-08-15,3,2026-09-05,wk inc covid hosp,quantile,0.75,263.28925362940436
09,2026-08-15,3,2026-09-05,wk inc covid hosp,quantile,0.75,213.28772115175425
10,2026-08-15,3,2026-09-05,wk inc covid hosp,quantile,0.75,66.67282337457219
11,2026-08-15,3,2026-09-05,wk inc covid hosp,quantile,0.75,1253.1107381297088
12,2026-08-15,3,2026-09-05,wk inc covid hosp,quantile,0.75,1490.4219686995632
13,2026-08-15,3,2026-09-05,wk inc covid hosp,quantile,0.75,387.1767411338145
15,2026-08-15,3,2026-09-05,wk inc covid hosp,quantile,0.75,99.09512939398398
16,2026-08-15,3,2026-09-05,wk inc covid hosp,quantile,0.75,251.25968517575217
17,2026-08-15,3,2026-09-05,wk inc covid hosp,quantile,0.75,415.22179395365487
18,2026-08-15,3,2026-09-05,wk inc covid hosp,quantile,0.75,319.9452142963718
19,2026-08-15,3,2026-09-05,wk inc covid hosp,quantile,0.75,151.72686015875217
20,2026-08-15,3,2026-09-05,wk inc covid hosp,quantile,0.75,252.6547159623029
21,2026-08-15,3,2026-09-05,wk inc covid hosp,quantile,0.75,285.46742029504117
22,2026-08-15,3,2026-09-05,wk inc covid hosp,quantile,0.75,208.65225239803203
23,2026-08-15,3,2026-09-05,wk inc covid hosp,quantile,0.75,199.1119892556513
24,2026-08-15,3,2026-09-05,wk inc covid hosp,quantile,0.75,294.7638439908074
25,2026-08-15,3,2026-09-05,wk inc covid hosp,quantile,0.75,611.841681466996
26,2026-08-15,3,2026-09-05,wk inc covid hosp,quantile,0.75,507.45251458409854
27,2026-08-15,3,2026-09-05,wk inc covid hosp,quantile,0.75,190.13656728974067
28,2026-08-15,3,2026-09-05,wk inc covid hosp,quantile,0.75,253.70021991587097
29,2026-08-15,3,2026-09-05,wk inc covid hosp,quantile,0.75,292.6367139426221
30,2026-08-15,3,2026-09-05,wk inc covid hosp,quantile,0.75,120.74616429120083
31,2026-08-15,3,2026-09-05,wk inc covid hosp,quantile,0.75,128.97090146778785
32,2026-08-15,3,2026-09-05,wk inc covid hosp,quantile,0.75,112.42412931703028
33,2026-08-15,3,2026-09-05,wk inc covid hosp,quantile,0.75,363.98558283949757
34,2026-08-15,3,2026-09-05,wk inc covid hosp,quantile,0.75,292.89554376316363
35,2026-08-15,3,2026-09-05,wk inc covid hosp,quantile,0.75,647.9341667334331
36,2026-08-15,3,2026-09-05,wk inc covid hosp,quantile,0.75,1131.219609414372
37,2026-08-15,3,2026-09-05,wk inc covid hosp,quantile,0.75,367.31408556978613
38,2026-08-15,3,2026-09-05,wk inc covid hosp,quantile,0.75,395.8316922503256
39,2026-08-15,3,2026-09-05,wk inc covid hosp,quantile,0.75,447.3431289850384
40,2026-08-15,3,2026-09-05,wk inc covid hosp,quantile,0.75,254.45803120001938
41,2026-08-15,3,2026-09-05,wk inc covid hosp,quantile,0.75,340.6948660113629
42,2026-08-15,3,2026-09-05,wk inc covid hosp,quantile,0.75,537.5075655668171
44,2026-08-15,3,2026-09-05,wk inc covid hosp,quantile,0.75,180.22225097949692
45,2026-08-15,3,2026-09-05,wk inc covid hosp,quantile,0.75,161.1112339718529
46,2026-08-15,3,2026-09-05,wk inc covid hosp,quantile,0.75,255.72230232719775
47,2026-08-15,3,2026-09-05,wk inc covid hosp,quantile,0.75,913.285129951067
48,2026-08-15,3,2026-09-05,wk inc covid hosp,quantile,0.75,829.5279488235548
49,2026-08-15,3,2026-09-05,wk inc covid hosp,quantile,0.75,73.36496233719005
50,2026-08-15,3,2026-09-05,wk inc covid hosp,quantile,0.75,214.25914375628875
51,2026-08-15,3,2026-09-05,wk inc covid hosp,quantile,0.75,433.48420685302386
53,2026-08-15,3,2026-09-05,wk inc covid hosp,quantile,0.75,160.30138129145632
54,2026-08-15,3,2026-09-05,wk inc covid hosp,quantile,0.75,270.2328905059449
55,2026-08-15,3,2026-09-05,wk inc covid hosp,quantile,0.75,281.26677441048025
56,2026-08-15,3,2026-09-05,wk inc covid hosp,quantile,0.75,101.80497547979503
72,2026-08-15,3,2026-09-05,wk inc covid hosp,quantile,0.75,8413.844200426698
US,2026-08-15,3,2026-09-05,wk inc covid hosp,quantile,0.75,4267.5575793640355
01,2026-08-15,0,2026-08-15,wk inc covid hosp,quantile,0.8,133.097386814473
02,2026-08-15,0,2026-08-15,wk inc covid hosp,quantile,0.8,81.13390690602384
04,2026-08-15,0,2026-08-15,wk inc covid hosp,quantile,0.8,180.0161040625298
05,2026-08-15,0,2026-08-15,wk inc covid hosp,quantile,0.8,552.3707371136691
06,2026-08-15,0,2026-08-15,wk inc covid hosp,quantile,0.8,653.1210918293377
08,2026-08-15,0,2026-08-15,wk inc covid hosp,quantile,0.8,148.73064046597
09,2026-08-15,0,2026-08-15,wk inc covid hosp,quantile,0.8,113.25704671453079
10,2026-08-15,0,2026-08-15,wk inc covid hosp,quantile,0.8,34.078343333058484
11,2026-08-15,0,2026-08-15,wk inc covid hosp,quantile,0.8,650.0138710720934
12,2026-08-15,0,2026-08-15,wk inc covid hosp,quantile,0.8,1004.8203367010708
13,2026-08-15,0,2026-08-15,wk inc covid hosp,quantile,0.8,236.40872305040088
15,2026-08-15,0,2026-08-15,wk inc covid hosp,quantile,0.8,61.93624655975529
16,2026-08-15,0,2026-08-15,wk inc covid hosp,quantile,0.8,133.11850800504743
17,2026-08-15,0,2026-08-15,wk inc covid hosp,quantile,0.8,226.46628848472074
18,2026-08-15,0,2026-08-15,wk inc covid hosp,quantile,0.8,174.5608497558891
19,2026-08-15,0,2026-08-15,wk inc covid hosp,quantile,0.8,83.04484707455516
20,2026-08-15,0,2026-08-15,wk inc covid hosp,quantile,0.8,140.76272163432813
21,2026-08-15,0,2026-08-15,wk inc covid hosp,quantile,0.8,155.97056426686476
22,2026-08-15,0,2026-08-15,wk inc covid hosp,quantile,0.8,147.80716707547688
23,2026-08-15,0,2026-08-15,wk inc covid hosp,quantile,0.8,101.35682503222941
24,2026-08-15,0,2026-08-15,wk inc covid hosp,quantile,0.8,162.58752383348786
25,2026-08-15,0,2026-08-15,wk inc covid hosp,quantile,0.8,323.2188148005584
26,2026-08-15,0,2026-08-15,wk inc covid hosp,quantile,0.8,255.30413125718042
27,2026-08-15,0,2026-08-15,wk inc covid hosp,quantile,0.8,102.91418656166223
28,2026-08-15,0,2026-08-15,wk inc covid hosp,quantile,0.8,163.39107785412276
29,2026-08-15,0,2026-08-15,wk inc covid hosp,quantile,0.8,157.70865552192566
30,2026-08-15,0,2026-08-15,wk inc covid hosp,quantile,0.8,63.713276308328055
31,2026-08-15,0,2026-08-15,wk inc covid hosp,quantile,0.8,67.56006460648135
32,2026-08-15,0,2026-08-15,wk inc covid hosp,quantile,0.8,69.75449211765475
33,2026-08-15,0,2026-08-15,wk inc covid hosp,quantile,0.8,188.5582062167617
34,2026-08-15,0,2026-08-15,wk inc covid hosp,quantile,0.8,166.66578813664634
35,2026-08-15,0,2026-08-15,wk inc covid hosp,quantile,0.8,367.35078349793093
36,2026-08-15,0,2026-08-15,wk inc covid hosp,quantile,0.8,666.9331892022814
37,2026-08-15,0,2026-08-15,wk inc covid hosp,quantile,0.8,225.8098282563732
38,2026-08-15,0,2026-08-15,wk inc covid hosp,quantile,0.8,204.12608075041837
39,2026-08-15,0,2026-08-15,wk inc covid hosp,quantile,0.8,243.40916962746073
40,2026-08-15,0,2026-08-15,wk inc covid hosp,quantile,0.8,140.43549547860388
41,2026-08-15,0,2026-08-15,wk inc covid hosp,quantile,0.8,196.48150342083406
42,2026-08-15,0,2026-08-15,wk inc covid hosp,quantile,0.8,280.92741370912546
44,2026-08-15,0,2026-08-15,wk inc covid hosp,quantile,0.8,98.8400065040571
45,2026-08-15,0,2026-08-15,wk inc covid hosp,quantile,0.8,92.9488715805261
46,2026-08-15,0,2026-08-15,wk inc covid hosp,quantile,0.8,124.30337715735882
47,2026-08-15,0,2026-08-15,wk inc covid hosp,quantile,0.8,550.6674294459143
48,2026-08-15,0,2026-08-15,wk inc covid hosp,quantile,0.8,553.777154047862
49,2026-08-15,0,2026-08-15,wk inc covid hosp,quantile,0.8,43.40373168150122
50,2026-08-15,0,2026-08-15,wk inc covid hosp,quantile,0.8,108.9059760139158
51,2026-08-15,0,2026-08-15,wk inc covid hosp,quantile,0.8,239.8099676058861
53,2026-08-15,0,2026-08-15,wk inc covid hosp,quantile,0.8,96.59492217772753
54,2026-08-15,0,2026-08-15,wk inc covid hosp,quantile,0.8,135.86011550337926
55,2026-08-15,0,2026-08-15,wk inc covid hosp,quantile,0.8,149.04627066485676
56,2026-08-15,0,2026-08-15,wk inc covid hosp,quantile,0.8,47.89787300381289
72,2026-08-15,0,2026-08-15,wk inc covid hosp,quantile,0.8,5671.175109569608
US,2026-08-15,0,2026-08-15,wk inc covid hosp,quantile,0.8,2615.50442529815
01,2026-08-15,1,2026-08-22,wk inc covid hosp,quantile,0.8,167.38454874376822
02,2026-08-15,1,2026-08-22,wk inc covid hosp,quantile,0.8,105.5491391083671
04,2026-08-15,1,2026-08-22,wk inc covid hosp,quantile,0.8,234.50732742073293
05,2026-08-15,1,2026-08-22,wk inc covid hosp,quantile,0.8,720.2358405525589
06,2026-08-15,1,2026-08-22,wk inc covid hosp,quantile,0.8,795.6767757856348
08,2026-08-15,1,2026-08-22,wk inc covid hosp,quantile,0.8,194.67758769602943
09,2026-08-15,1,2026-08-22,wk inc covid hosp,quantile,0.8,156.92075354227035
10,2026-08-15,1,2026-08-22,wk inc covid hosp,quantile,0.8,47.300652077369364
11,2026-08-15,1,2026-08-22,wk inc covid hosp,quantile,0.8,894.623755868483
12,2026-08-15,1,2026-08-22,wk inc covid hosp,quantile,0.8,1234.5732236319232
13,2026-08-15,1,2026-08-22,wk inc covid hosp,quantile,0.8,302.6785501932314
15,2026-08-15,1,2026-08-22,wk inc covid hosp,quantile,0.8,77.71956166423945
16,2026-08-15,1,2026-08-22,wk inc covid hosp,quantile,0.8,184.36033842341368
17,2026-08-15,1,2026-08-22,wk inc covid hosp,quantile,0.8,301.36544740561953
18,2026-08-15,1,2026-08-22,wk inc covid hosp,quantile,0.8,231.94601571765628
19,2026-08-15,1,2026-08-22,wk inc covid hosp,quantile,0.8,110.42207747680463
20,2026-08-15,1,2026-08-22,wk inc covid hosp,quantile,0.8,188.1945174669924
21,2026-08-15,1,2026-08-22,wk inc covid hosp,quantile,0.8,207.99119097569968
22,2026-08-15,1,2026-08-22,wk inc covid hosp,quantile,0.8,177.3472533325475
23,2026-08-15,1,2026-08-22,wk inc covid hosp,quantile,0.8,141.6332257569686
24,2026-08-15,1,2026-08-22,wk inc covid hosp,quantile,0.8,218.89415168439243
25,2026-08-15,1,2026-08-22,wk inc covid hosp,quantile,0.8,435.862883765367
26,2026-08-15,1,2026-08-22,wk inc covid hosp,quantile,0.8,349.4313841517929
27,2026-08-15,1,2026-08-22,wk inc covid hosp,quantile,0.8,139.35643661119605
28,2026-08-15,1,2026-08-22,wk inc covid hosp,quantile,0.8,203.4568833050008
29,2026-08-15,1,2026-08-22,wk inc covid hosp,quantile,0.8,212.1683557012576
30,2026-08-15,1,2026-08-22,wk inc covid hosp,quantile,0.8,88.4386880989886
31,2026-08-15,1,2026-08-22,wk inc covid hosp,quantile,0.8,91.10628452528134
32,2026-08-15,1,2026-08-22,wk inc covid hosp,quantile,0.8,88.26051520840927
33,2026-08-15,1,2026-08-22,wk inc covid hosp,quantile,0.8,262.32832507737373
34,2026-08-15,1,2026-08-22,wk inc covid hosp,quantile,0.8,217.3517663217906
35,2026-08-15,1,2026-08-22,wk inc covid hosp,quantile,0.8,496.2265500081084
36,2026-08-15,1,2026-08-22,wk inc covid hosp,quantile,0.8,867.1338744426125
37,2026-08-15,1,2026-08-22,wk inc covid hosp,quantile,0.8,288.2717828560893
38,2026-08-15,1,2026-08-22,wk inc covid hosp,quantile,0.8,280.6253703062458
39,2026-08-15,1,2026-08-22,wk inc covid hosp,quantile,0.8,331.2868810461292
40,2026-08-15,1,2026-08-22,wk inc covid hosp,quantile,0.8,186.91962721763397
41,2026-08-15,1,2026-08-22,wk inc covid hosp,quantile,0.8,254.75164939936298
42,2026-08-15,1,2026-08-22,wk inc covid hosp,quantile,0.8,384.487003847039
44,2026-08-15,1,2026-08-22,wk inc covid hosp,quantile,0.8,135.789710553471
45,2026-08-15,1,2026-08-22,wk inc covid hosp,quantile,0.8,120.9580502069985
46,2026-08-15,1,2026-08-22,wk inc covid hosp,quantile,0.8,180.83155544954963
47,2026-08-15,1,2026-08-22,wk inc covid hosp,quantile,0.8,696.1898894700564
48,2026-08-15,1,2026-08-22,wk inc covid hosp,quantile,0.8,676.6719576228304
49,2026-08-15,1,2026-08-22,wk inc covid hosp,quantile,0.8,56.84166670810807
50,2026-08-15,1,2026-08-22,wk inc covid hosp,quantile,0.8,156.31880820585639
51,2026-08-15,1,2026-08-22,wk inc covid hosp,quantile,0.8,322.64891169773585
53,2026-08-15,1,2026-08-22,wk inc covid hosp,quantile,0.8,124.13653535024568
54,2026-08-15,1,2026-08-22,wk inc covid hosp,quantile,0.8,188.67863884073753
55,2026-08-15,1,2026-08-22,wk inc covid hosp,quantile,0.8,204.31315482688643
56,2026-08-15,1,2026-08-22,wk inc covid hosp,quantile,0.8,69.94359309574615
72,2026-08-15,1,2026-08-22,wk inc covid hosp,quantile,0.8,6847.029490773562
US,2026-08-15,1,2026-08-22,wk inc covid hosp,quantile,0.8,3167.573973608827
01,2026-08-15,2,2026-08-29,wk inc covid hosp,quantile,0.8,194.82082928980537
02,2026-08-15,2,2026-08-29,wk inc covid hosp,quantile,0.8,137.59947260983563
04,2026-08-15,2,2026-08-29,wk inc covid hosp,quantile,0.8,288.0822813488152
05,2026-08-15,2,2026-08-29,wk inc covid hosp,quantile,0.8,908.7158153146377
06,2026-08-15,2,2026-08-29,wk inc covid hosp,quantile,0.8,924.3067205653135
08,2026-08-15,2,2026-08-29,wk inc covid hosp,quantile,0.8,244.92598611213091
09,2026-08-15,2,2026-08-29,wk inc covid hosp,quantile,0.8,196.10123367278666
10,2026-08-15,2,2026-08-29,wk inc covid hosp,quantile,0.8,60.60669347198108
11,2026-08-15,2,2026-08-29,wk inc covid hosp,quantile,0.8,1174.8782511930456
12,2026-08-15,2,2026-08-29,wk inc covid hosp,quantile,0.8,1442.0491462379066
13,2026-08-15,2,2026-08-29,wk inc covid hosp,quantile,0.8,361.7068179775001
15,2026-08-15,2,2026-08-29,wk inc covid hosp,quantile,0.8,94.72140599121803
16,2026-08-15,2,2026-08-29,wk inc covid hosp,quantile,0.8,225.84392900797997
17,2026-08-15,2,2026-08-29,wk inc covid hosp,quantile,0.8,377.0986661228141
18,2026-08-15,2,2026-08-29,wk inc covid hosp,quantile,0.8,291.0035901918198
19,2026-08-15,2,2026-08-29,wk inc covid hosp,quantile,0.8,140.65880202455298
20,2026-08-15,2,2026-08-29,wk inc covid hosp,quantile,0.8,233.26385277722062
21,2026-08-15,2,2026-08-29,wk inc covid hosp,quantile,0.8,260.5291418808346
22,2026-08-15,2,2026-08-29,wk inc covid hosp,quantile,0.8,208.75791151582715
23,2026-08-15,2,2026-08-29,wk inc covid hosp,quantile,0.8,181.1927448329663
24,2026-08-15,2,2026-08-29,wk inc covid hosp,quantile,0.8,275.2925280941513
25,2026-08-15,2,2026-08-29,wk inc covid hosp,quantile,0.8,548.7699859350123
26,2026-08-15,2,2026-08-29,wk inc covid hosp,quantile,0.8,457.9009427709153
27,2026-08-15,2,2026-08-29,wk inc covid hosp,quantile,0.8,170.89715422489076
28,2026-08-15,2,2026-08-29,wk inc covid hosp,quantile,0.8,244.2661545010415
29,2026-08-15,2,2026-08-29,wk inc covid hosp,quantile,0.8,266.15786154234365
30,2026-08-15,2,2026-08-29,wk inc covid hosp,quantile,0.8,112.2503596262663
31,2026-08-15,2,2026-08-29,wk inc covid hosp,quantile,0.8,118.24988941165653
32,2026-08-15,2,2026-08-29,wk inc covid hosp,quantile,0.8,104.83227732621225
33,2026-08-15,2,2026-08-29,wk inc covid hosp,quantile,0.8,333.8600354325961
34,2026-08-15,2,2026-08-29,wk inc covid hosp,quantile,0.8,273.468773899926
35,2026-08-15,2,2026-08-29,wk inc covid hosp,quantile,0.8,605.8219631486974
36,2026-08-15,2,2026-08-29,wk inc covid hosp,quantile,0.8,1048.0655509686383
37,2026-08-15,2,2026-08-29,wk inc covid hosp,quantile,0.8,342.54013086755134
38,2026-08-15,2,2026-08-29,wk inc covid hosp,quantile,0.8,367.06340647071966
39,2026-08-15,2,2026-08-29,wk inc covid hosp,quantile,0.8,406.19248957430193
40,2026-08-15,2,2026-08-29,wk inc covid hosp,quantile,0.8,231.39160515230142
41,2026-08-15,2,2026-08-29,wk inc covid hosp,quantile,0.8,313.5197157175227
42,2026-08-15,2,2026-08-29,wk inc covid hosp,quantile,0.8,488.59279576712174
44,2026-08-15,2,2026-08-29,wk inc covid hosp,quantile,0.8,168.05330307854783
45,2026-08-15,2,2026-08-29,wk inc covid hosp,quantile,0.8,148.60605369348897
46,2026-08-15,2,2026-08-29,wk inc covid hosp,quantile,0.8,236.66358256986092
47,2026-08-15,2,2026-08-29,wk inc covid hosp,quantile,0.8,857.1647250249068
48,2026-08-15,2,2026-08-29,wk inc covid hosp,quantile,0.8,789.8863409484525
49,2026-08-15,2,2026-08-29,wk inc covid hosp,quantile,0.8,68.755987187945
50,2026-08-15,2,2026-08-29,wk inc covid hosp,quantile,0.8,199.09606012267693
51,2026-08-15,2,2026-08-29,wk inc covid hosp,quantile,0.8,398.64004075366876
53,2026-08-15,2,2026-08-29,wk inc covid hosp,quantile,0.8,148.3687372902973
54,2026-08-15,2,2026-08-29,wk inc covid hosp,quantile,0.8,243.58064335461222
55,2026-08-15,2,2026-08-29,wk inc covid hosp,quantile,0.8,257.2536095978427
56,2026-08-15,2,2026-08-29,wk inc covid hosp,quantile,0.8,94.10643753388199
72,2026-08-15,2,2026-08-29,wk inc covid hosp,quantile,0.8,8098.089859718786
US,2026-08-15,2,2026-08-29,wk inc covid hosp,quantile,0.8,3798.375908238209
01,2026-08-15,3,2026-09-05,wk inc covid hosp,quantile,0.8,215.76852146453618
02,2026-08-15,3,2026-09-05,wk inc covid hosp,quantile,0.8,159.87826290596504
04,2026-08-15,3,2026-09-05,wk inc covid hosp,quantile,0.8,330.277517299212
05,2026-08-15,3,2026-09-05,wk inc covid hosp,quantile,0.8,1073.684962267233
06,2026-08-15,3,2026-09-05,wk inc covid hosp,quantile,0.8,1017.5588029562819
08,2026-08-15,3,2026-09-05,wk inc covid hosp,quantile,0.8,276.9046373057587
09,2026-08-15,3,2026-09-05,wk inc covid hosp,quantile,0.8,231.51785561173796
10,2026-08-15,3,2026-09-05,wk inc covid hosp,quantile,0.8,72.19036341301864
11,2026-08-15,3,2026-09-05,wk inc covid hosp,quantile,0.8,1409.6708420235932
12,2026-08-15,3,2026-09-05,wk inc covid hosp,quantile,0.8,1591.8290384256002
13,2026-08-15,3,2026-09-05,wk inc covid hosp,quantile,0.8,410.1666551069998
15,2026-08-15,3,2026-09-05,wk inc covid hosp,quantile,0.8,105.98940085185882
16,2026-08-15,3,2026-09-05,wk inc covid hosp,quantile,0.8,275.6380505572066
17,2026-08-15,3,2026-09-05,wk inc covid hosp,quantile,0.8,442.5772953968547
18,2026-08-15,3,2026-09-05,wk inc covid hosp,quantile,0.8,340.01935021085205
19,2026-08-15,3,2026-09-05,wk inc covid hosp,quantile,0.8,165.14184106264062
20,2026-08-15,3,2026-09-05,wk inc covid hosp,quantile,0.8,272.28175046220673
21,2026-08-15,3,2026-09-05,wk inc covid hosp,quantile,0.8,304.2324570094583
22,2026-08-15,3,2026-09-05,wk inc covid hosp,quantile,0.8,222.30206076219667
23,2026-08-15,3,2026-09-05,wk inc covid hosp,quantile,0.8,217.60613183006492
24,2026-08-15,3,2026-09-05,wk inc covid hosp,quantile,0.8,314.1232835302906
25,2026-08-15,3,2026-09-05,wk inc covid hosp,quantile,0.8,651.9891393352975
26,2026-08-15,3,2026-09-05,wk inc covid hosp,quantile,0.8,551.1166647323158
27,2026-08-15,3,2026-09-05,wk inc covid hosp,quantile,0.8,202.69725820041143
28,2026-08-15,3,2026-09-05,wk inc covid hosp,quantile,0.8,272.4188578868677
29,2026-08-15,3,2026-09-05,wk inc covid hosp,quantile,0.8,311.5395561799528
30,2026-08-15,3,2026-09-05,wk inc covid hosp,quantile,0.8,134.03840946478547
31,2026-08-15,3,2026-09-05,wk inc covid hosp,quantile,0.8,141.85314306629797
32,2026-08-15,3,2026-09-05,wk inc covid hosp,quantile,0.8,119.08920652808133
33,2026-08-15,3,2026-09-05,wk inc covid hosp,quantile,0.8,401.5684817354578
34,2026-08-15,3,2026-09-05,wk inc covid hosp,quantile,0.8,313.58521216523684
35,2026-08-15,3,2026-09-05,wk inc covid hosp,quantile,0.8,697.9555950791195
36,2026-08-15,3,2026-09-05,wk inc covid hosp,quantile,0.8,1185.51993399867
37,2026-08-15,3,2026-09-05,wk inc covid hosp,quantile,0.8,384.59019037860526
38,2026-08-15,3,2026-09-05,wk inc covid hosp,quantile,0.8,433.4082814742139
39,2026-08-15,3,2026-09-05,wk inc covid hosp,quantile,0.8,477.98474120937897
40,2026-08-15,3,2026-09-05,wk inc covid hosp,quantile,0.8,270.9864992372163
41,2026-08-15,3,2026-09-05,wk inc covid hosp,quantile,0.8,362.0916917715726
42,2026-08-15,3,2026-09-05,wk inc covid hosp,quantile,0.8,568.0628936876643
44,2026-08-15,3,2026-09-05,wk inc covid hosp,quantile,0.8,201.46606674134114
45,2026-08-15,3,2026-09-05,wk inc covid hosp,quantile,0.8,170.8222113300436
46,2026-08-15,3,2026-09-05,wk inc covid hosp,quantile,0.8,282.24940543796765
47,2026-08-15,3,2026-09-05,wk inc covid hosp,quantile,0.8,966.6668624786388
48,2026-08-15,3,2026-09-05,wk inc covid hosp,quantile,0.8,878.4926494035977
49,2026-08-15,3,2026-09-05,wk inc covid hosp,quantile,0.8,79.22668961888523
50,2026-08-15,3,2026-09-05,wk inc covid hosp,quantile,0.8,244.72268323337545
51,2026-08-15,3,2026-09-05,wk inc covid hosp,quantile,0.8,457.8336547338717
53,2026-08-15,3,2026-09-05,wk inc covid hosp,quantile,0.8,168.58969794938756
54,2026-08-15,3,2026-09-05,wk inc covid hosp,quantile,0.8,294.9573886236803
55,2026-08-15,3,2026-09-05,wk inc covid hosp,quantile,0.8,300.2015442230013
56,2026-08-15,3,2026-09-05,wk inc covid hosp,quantile,0.8,119.22992746068897
72,2026-08-15,3,2026-09-05,wk inc covid hosp,quantile,0.8,9233.974843232154
US,2026-08-15,3,2026-09-05,wk inc covid hosp,quantile,0.8,4488.880853173036
01,2026-08-15,0,2026-08-15,wk inc covid hosp,quantile,0.85,138.11571854592313
02,2026-08-15,0,2026-08-15,wk inc covid hosp,quantile,0.85,86.86925919074048
04,2026-08-15,0,2026-08-15,wk inc covid hosp,quantile,0.85,187.31576400007106
05,2026-08-15,0,2026-08-15,wk inc covid hosp,quantile,0.85,582.7555685147029
06,2026-08-15,0,2026-08-15,wk inc covid hosp,quantile,0.85,670.0887463227351
08,2026-08-15,0,2026-08-15,wk inc covid hosp,quantile,0.85,154.20956929366002
09,2026-08-15,0,2026-08-15,wk inc covid hosp,quantile,0.85,119.15155280039379
10,2026-08-15,0,2026-08-15,wk inc covid hosp,quantile,0.85,35.81162908663179
11,2026-08-15,0,2026-08-15,wk inc covid hosp,quantile,0.85,693.4343951623177
12,2026-08-15,0,2026-08-15,wk inc covid hosp,quantile,0.85,1051.6801192029416
13,2026-08-15,0,2026-08-15,wk inc covid hosp,quantile,0.85,244.1748378532833
15,2026-08-15,0,2026-08-15,wk inc covid hosp,quantile,0.85,64.87890050035396
16,2026-08-15,0,2026-08-15,wk inc covid hosp,quantile,0.85,141.92280847014723
17,2026-08-15,0,2026-08-15,wk inc covid hosp,quantile,0.85,235.85144665495474
18,2026-08-15,0,2026-08-15,wk inc covid hosp,quantile,0.85,181.8211465275116
19,2026-08-15,0,2026-08-15,wk inc covid hosp,quantile,0.85,86.76233202512877
20,2026-08-15,0,2026-08-15,wk inc covid hosp,quantile,0.85,147.3593587836286
21,2026-08-15,0,2026-08-15,wk inc covid hosp,quantile,0.85,162.4630794585733
22,2026-08-15,0,2026-08-15,wk inc covid hosp,quantile,0.85,154.3085444503817
23,2026-08-15,0,2026-08-15,wk inc covid hosp,quantile,0.85,108.96732577297229
24,2026-08-15,0,2026-08-15,wk inc covid hosp,quantile,0.85,169.15226884999092
25,2026-08-15,0,2026-08-15,wk inc covid hosp,quantile,0.85,335.2265288308198
26,2026-08-15,0,2026-08-15,wk inc covid hosp,quantile,0.85,268.07939755359274
27,2026-08-15,0,2026-08-15,wk inc covid hosp,quantile,0.85,107.03172543983995
28,2026-08-15,0,2026-08-15,wk inc covid hosp,quantile,0.85,171.73687548514184
29,2026-08-15,0,2026-08-15,wk inc covid hosp,quantile,0.85,164.8542770497074
30,2026-08-15,0,2026-08-15,wk inc covid hosp,quantile,0.85,67.88282129445163
31,2026-08-15,0,2026-08-15,wk inc covid hosp,quantile,0.85,70.65482455617743
32,2026-08-15,0,2026-08-15,wk inc covid hosp,quantile,0.85,72.91401884884438
33,2026-08-15,0,2026-08-15,wk inc covid hosp,quantile,0.85,201.0523088662969
34,2026-08-15,0,2026-08-15,wk inc covid hosp,quantile,0.85,173.35440712903835
35,2026-08-15,0,2026-08-15,wk inc covid hosp,quantile,0.85,389.1315040758177
36,2026-08-15,0,2026-08-15,wk inc covid hosp,quantile,0.85,688.3972784544977
37,2026-08-15,0,2026-08-15,wk inc covid hosp,quantile,0.85,233.0804370005997
38,2026-08-15,0,2026-08-15,wk inc covid hosp,quantile,0.85,219.5601847379434
39,2026-08-15,0,2026-08-15,wk inc covid hosp,quantile,0.85,254.17445899374428
40,2026-08-15,0,2026-08-15,wk inc covid hosp,quantile,0.85,146.6919492900824
41,2026-08-15,0,2026-08-15,wk inc covid hosp,quantile,0.85,205.7162822201225
42,2026-08-15,0,2026-08-15,wk inc covid hosp,quantile,0.85,295.2667519148644
44,2026-08-15,0,2026-08-15,wk inc covid hosp,quantile,0.85,105.94878294825682
45,2026-08-15,0,2026-08-15,wk inc covid hosp,quantile,0.85,96.78492226714296
46,2026-08-15,0,2026-08-15,wk inc covid hosp,quantile,0.85,134.32361226447875
47,2026-08-15,0,2026-08-15,wk inc covid hosp,quantile,0.85,575.921230546449
48,2026-08-15,0,2026-08-15,wk inc covid hosp,quantile,0.85,573.6470844863252
49,2026-08-15,0,2026-08-15,wk inc covid hosp,quantile,0.85,45.7182756634265
50,2026-08-15,0,2026-08-15,wk inc covid hosp,quantile,0.85,118.19944576076782
51,2026-08-15,0,2026-08-15,wk inc covid hosp,quantile,0.85,249.8549600148297
53,2026-08-15,0,2026-08-15,wk inc covid hosp,quantile,0.85,100.1857466902206
54,2026-08-15,0,2026-08-15,wk inc covid hosp,quantile,0.85,144.54506251387562
55,2026-08-15,0,2026-08-15,wk inc covid hosp,quantile,0.85,155.4022784932899
56,2026-08-15,0,2026-08-15,wk inc covid hosp,quantile,0.85,53.49827105366644
72,2026-08-15,0,2026-08-15,wk inc covid hosp,quantile,0.85,6018.891796776153
US,2026-08-15,0,2026-08-15,wk inc covid hosp,quantile,0.85,2722.6054435131873
01,2026-08-15,1,2026-08-22,wk inc covid hosp,quantile,0.85,175.00176528115182
02,2026-08-15,1,2026-08-22,wk inc covid hosp,quantile,0.85,117.24897656387854
04,2026-08-15,1,2026-08-22,wk inc covid hosp,quantile,0.85,247.03047009772732
05,2026-08-15,1,2026-08-22,wk inc covid hosp,quantile,0.85,777.5635608720415
06,2026-08-15,1,2026-08-22,wk inc covid hosp,quantile,0.85,825.1329249423146
08,2026-08-15,1,2026-08-22,wk inc covid hosp,quantile,0.85,204.73479341109328
09,2026-08-15,1,2026-08-22,wk inc covid hosp,quantile,0.85,168.37911606285735
10,2026-08-15,1,2026-08-22,wk inc covid hosp,quantile,0.85,50.43186072580023
11,2026-08-15,1,2026-08-22,wk inc covid hosp,quantile,0.85,981.0843704811354
12,2026-08-15,1,2026-08-22,wk inc covid hosp,quantile,0.85,1298.6053907422784
13,2026-08-15,1,2026-08-22,wk inc covid hosp,quantile,0.85,316.73996377375386
15,2026-08-15,1,2026-08-22,wk inc covid hosp,quantile,0.85,82.98486410555005
16,2026-08-15,1,2026-08-22,wk inc covid hosp,quantile,0.85,199.02594023949408
17,2026-08-15,1,2026-08-22,wk inc covid hosp,quantile,0.85,315.42441036935287
18,2026-08-15,1,2026-08-22,wk inc covid hosp,quantile,0.85,246.4064718725873
19,2026-08-15,1,2026-08-22,wk inc covid hosp,quantile,0.85,117.93345948876754
20,2026-08-15,1,2026-08-22,wk inc covid hosp,quantile,0.85,203.24062389926354
21,2026-08-15,1,2026-08-22,wk inc covid hosp,quantile,0.85,221.14602776866943
22,2026-08-15,1,2026-08-22,wk inc covid hosp,quantile,0.85,184.93588813950532
23,2026-08-15,1,2026-08-22,wk inc covid hosp,quantile,0.85,150.6778985807916
24,2026-08-15,1,2026-08-22,wk inc covid hosp,quantile,0.85,232.80345371407068
25,2026-08-15,1,2026-08-22,wk inc covid hosp,quantile,0.85,464.5846616876084
26,2026-08-15,1,2026-08-22,wk inc covid hosp,quantile,0.85,380.7562847102262
27,2026-08-15,1,2026-08-22,wk inc covid hosp,quantile,0.85,147.5725864886987
28,2026-08-15,1,2026-08-22,wk inc covid hosp,quantile,0.85,217.12694066142964
29,2026-08-15,1,2026-08-22,wk inc covid hosp,quantile,0.85,225.8857413613349
30,2026-08-15,1,2026-08-22,wk inc covid hosp,quantile,0.85,96.1358612806502
31,2026-08-15,1,2026-08-22,wk inc covid hosp,quantile,0.85,99.37175544450825
32,2026-08-15,1,2026-08-22,wk inc covid hosp,quantile,0.85,94.33762969880311
33,2026-08-15,1,2026-08-22,wk inc covid hosp,quantile,0.85,286.6931108556944
34,2026-08-15,1,2026-08-22,wk inc covid hosp,quantile,0.85,235.21826774119614
35,2026-08-15,1,2026-08-22,wk inc covid hosp,quantile,0.85,528.1930997907523
36,2026-08-15,1,2026-08-22,wk inc covid hosp,quantile,0.85,907.7556210007517
37,2026-08-15,1,2026-08-22,wk inc covid hosp,quantile,0.85,300.1975617501438
38,2026-08-15,1,2026-08-22,wk inc covid hosp,quantile,0.85,305.96942860824225
39,2026-08-15,1,2026-08-22,wk inc covid hosp,quantile,0.85,349.2717698633731
40,2026-08-15,1,2026-08-22,wk inc covid hosp,quantile,0.85,197.31832734728604
41,2026-08-15,1,2026-08-22,wk inc covid hosp,quantile,0.85,267.8532455659711
42,2026-08-15,1,2026-08-22,wk inc covid hosp,quantile,0.85,409.66373119646175
44,2026-08-15,1,2026-08-22,wk inc covid hosp,quantile,0.85,146.024917636777
45,2026-08-15,1,2026-08-22,wk inc covid hosp,quantile,0.85,127.83259537246249
46,2026-08-15,1,2026-08-22,wk inc covid hosp,quantile,0.85,195.3112145928242
47,2026-08-15,1,2026-08-22,wk inc covid hosp,quantile,0.85,736.7587313437092
48,2026-08-15,1,2026-08-22,wk inc covid hosp,quantile,0.85,710.8106535452234
49,2026-08-15,1,2026-08-22,wk inc covid hosp,quantile,0.85,60.862230776347026
50,2026-08-15,1,2026-08-22,wk inc covid hosp,quantile,0.85,171.9601961005568
51,2026-08-15,1,2026-08-22,wk inc covid hosp,quantile,0.85,339.6824672933414
53,2026-08-15,1,2026-08-22,wk inc covid hosp,quantile,0.85,130.66461058088257
54,2026-08-15,1,2026-08-22,wk inc covid hosp,quantile,0.85,203.16821280576
55,2026-08-15,1,2026-08-22,wk inc covid hosp,quantile,0.85,214.4396886374408
56,2026-08-15,1,2026-08-22,wk inc covid hosp,quantile,0.85,81.52998889386824
72,2026-08-15,1,2026-08-22,wk inc covid hosp,quantile,0.85,7398.501773926186
US,2026-08-15,1,2026-08-22,wk inc covid hosp,quantile,0.85,3304.895322376549
01,2026-08-15,2,2026-08-29,wk inc covid hosp,quantile,0.85,205.83562868510668
02,2026-08-15,2,2026-08-29,wk inc covid hosp,quantile,0.85,154.8728629167143
04,2026-08-15,2,2026-08-29,wk inc covid hosp,quantile,0.85,308.35455736666506
05,2026-08-15,2,2026-08-29,wk inc covid hosp,quantile,0.85,990.9479462979036
06,2026-08-15,2,2026-08-29,wk inc covid hosp,quantile,0.85,955.6955775281566
08,2026-08-15,2,2026-08-29,wk inc covid hosp,quantile,0.85,257.9642702361111
09,2026-08-15,2,2026-08-29,wk inc covid hosp,quantile,0.85,215.34158013554617
10,2026-08-15,2,2026-08-29,wk inc covid hosp,quantile,0.85,66.36378023568271
11,2026-08-15,2,2026-08-29,wk inc covid hosp,quantile,0.85,1294.3724372170013
12,2026-08-15,2,2026-08-29,wk inc covid hosp,quantile,0.85,1553.5368157783014
13,2026-08-15,2,2026-08-29,wk inc covid hosp,quantile,0.85,380.6890395547942
15,2026-08-15,2,2026-08-29,wk inc covid hosp,quantile,0.85,102.85003958171446
16,2026-08-15,2,2026-08-29,wk inc covid hosp,quantile,0.85,249.59913256168034
17,2026-08-15,2,2026-08-29,wk inc covid hosp,quantile,0.85,399.07134279197066
18,2026-08-15,2,2026-08-29,wk inc covid hosp,quantile,0.85,310.5284854224952
19,2026-08-15,2,2026-08-29,wk inc covid hosp,quantile,0.85,150.2220099958238
20,2026-08-15,2,2026-08-29,wk inc covid hosp,quantile,0.85,251.07957163620614
21,2026-08-15,2,2026-08-29,wk inc covid hosp,quantile,0.85,280.83027037165385
22,2026-08-15,2,2026-08-29,wk inc covid hosp,quantile,0.85,220.65391936266846
23,2026-08-15,2,2026-08-29,wk inc covid hosp,quantile,0.85,196.11050426454443
24,2026-08-15,2,2026-08-29,wk inc covid hosp,quantile,0.85,293.4755432206391
25,2026-08-15,2,2026-08-29,wk inc covid hosp,quantile,0.85,586.7298408085712
26,2026-08-15,2,2026-08-29,wk inc covid hosp,quantile,0.85,494.3883304114976
27,2026-08-15,2,2026-08-29,wk inc covid hosp,quantile,0.85,183.6634983970844
28,2026-08-15,2,2026-08-29,wk inc covid hosp,quantile,0.85,261.0208135603075
29,2026-08-15,2,2026-08-29,wk inc covid hosp,quantile,0.85,283.9107981929491
30,2026-08-15,2,2026-08-29,wk inc covid hosp,quantile,0.85,121.6779116101274
31,2026-08-15,2,2026-08-29,wk inc covid hosp,quantile,0.85,130.1008849778354
32,2026-08-15,2,2026-08-29,wk inc covid hosp,quantile,0.85,112.25716306671919
33,2026-08-15,2,2026-08-29,wk inc covid hosp,quantile,0.85,366.61840399818
34,2026-08-15,2,2026-08-29,wk inc covid hosp,quantile,0.85,294.0046566454394
35,2026-08-15,2,2026-08-29,wk inc covid hosp,quantile,0.85,648.2920569549372
36,2026-08-15,2,2026-08-29,wk inc covid hosp,quantile,0.85,1109.1224033817095
37,2026-08-15,2,2026-08-29,wk inc covid hosp,quantile,0.85,364.7621490202917
38,2026-08-15,2,2026-08-29,wk inc covid hosp,quantile,0.85,404.85900615258754
39,2026-08-15,2,2026-08-29,wk inc covid hosp,quantile,0.85,439.62286031668424
40,2026-08-15,2,2026-08-29,wk inc covid hosp,quantile,0.85,247.8170452145281
41,2026-08-15,2,2026-08-29,wk inc covid hosp,quantile,0.85,336.8310785222818
42,2026-08-15,2,2026-08-29,wk inc covid hosp,quantile,0.85,525.6539304950122
44,2026-08-15,2,2026-08-29,wk inc covid hosp,quantile,0.85,186.24564052113573
45,2026-08-15,2,2026-08-29,wk inc covid hosp,quantile,0.85,158.2896113685822
46,2026-08-15,2,2026-08-29,wk inc covid hosp,quantile,0.85,260.93136423390916
47,2026-08-15,2,2026-08-29,wk inc covid hosp,quantile,0.85,911.2851663071929
48,2026-08-15,2,2026-08-29,wk inc covid hosp,quantile,0.85,835.9493418508392
49,2026-08-15,2,2026-08-29,wk inc covid hosp,quantile,0.85,74.6867640469872
50,2026-08-15,2,2026-08-29,wk inc covid hosp,quantile,0.85,226.9298234112955
51,2026-08-15,2,2026-08-29,wk inc covid hosp,quantile,0.85,420.4855593499666
53,2026-08-15,2,2026-08-29,wk inc covid hosp,quantile,0.85,158.05123809492537
54,2026-08-15,2,2026-08-29,wk inc covid hosp,quantile,0.85,265.04694347126207
55,2026-08-15,2,2026-08-29,wk inc covid hosp,quantile,0.85,273.4488841478707
56,2026-08-15,2,2026-08-29,wk inc covid hosp,quantile,0.85,108.50382564342905
72,2026-08-15,2,2026-08-29,wk inc covid hosp,quantile,0.85,8913.867878779174
US,2026-08-15,2,2026-08-29,wk inc covid hosp,quantile,0.85,4025.9101442624055
01,2026-08-15,3,2026-09-05,wk inc covid hosp,quantile,0.85,232.19618266074386
02,2026-08-15,3,2026-09-05,wk inc covid hosp,quantile,0.85,182.13047446284116
04,2026-08-15,3,2026-09-05,wk inc covid hosp,quantile,0.85,353.8146023693505
05,2026-08-15,3,2026-09-05,wk inc covid hosp,quantile,0.85,1174.690908146241
06,2026-08-15,3,2026-09-05,wk inc covid hosp,quantile,0.85,1068.4937373494406
08,2026-08-15,3,2026-09-05,wk inc covid hosp,quantile,0.85,295.7249333266064
09,2026-08-15,3,2026-09-05,wk inc covid hosp,quantile,0.85,254.5392764448614
10,2026-08-15,3,2026-09-05,wk inc covid hosp,quantile,0.85,78.88000292820591
11,2026-08-15,3,2026-09-05,wk inc covid hosp,quantile,0.85,1579.9427159706365
12,2026-08-15,3,2026-09-05,wk inc covid hosp,quantile,0.85,1751.2124606579537
13,2026-08-15,3,2026-09-05,wk inc covid hosp,quantile,0.85,429.53701969027696
15,2026-08-15,3,2026-09-05,wk inc covid hosp,quantile,0.85,115.50158897945364
16,2026-08-15,3,2026-09-05,wk inc covid hosp,quantile,0.85,304.70012177361923
17,2026-08-15,3,2026-09-05,wk inc covid hosp,quantile,0.85,470.59795534699174
18,2026-08-15,3,2026-09-05,wk inc covid hosp,quantile,0.85,364.15062084728123
19,2026-08-15,3,2026-09-05,wk inc covid hosp,quantile,0.85,179.36296893825755
20,2026-08-15,3,2026-09-05,wk inc covid hosp,quantile,0.85,299.5939151264213
21,2026-08-15,3,2026-09-05,wk inc covid hosp,quantile,0.85,330.26102096158684
22,2026-08-15,3,2026-09-05,wk inc covid hosp,quantile,0.85,241.34409008895523
23,2026-08-15,3,2026-09-05,wk inc covid hosp,quantile,0.85,237.98000410485903
24,2026-08-15,3,2026-09-05,wk inc covid hosp,quantile,0.85,337.9514271992597
25,2026-08-15,3,2026-09-05,wk inc covid hosp,quantile,0.85,692.8286406479303
26,2026-08-15,3,2026-09-05,wk inc covid hosp,quantile,0.85,596.2580281198289
27,2026-08-15,3,2026-09-05,wk inc covid hosp,quantile,0.85,220.69812036405344
28,2026-08-15,3,2026-09-05,wk inc covid hosp,quantile,0.85,296.8296860768061
29,2026-08-15,3,2026-09-05,wk inc covid hosp,quantile,0.85,332.0549355451799
30,2026-08-15,3,2026-09-05,wk inc covid hosp,quantile,0.85,151.30692349421545
31,2026-08-15,3,2026-09-05,wk inc covid hosp,quantile,0.85,159.76708994533905
32,2026-08-15,3,2026-09-05,wk inc covid hosp,quantile,0.85,128.86153082507155
33,2026-08-15,3,2026-09-05,wk inc covid hosp,quantile,0.85,440.7476466348847
34,2026-08-15,3,2026-09-05,wk inc covid hosp,quantile,0.85,345.1060378790481
35,2026-08-15,3,2026-09-05,wk inc covid hosp,quantile,0.85,760.9726715998648
36,2026-08-15,3,2026-09-05,wk inc covid hosp,quantile,0.85,1264.7656989672384
37,2026-08-15,3,2026-09-05,wk inc covid hosp,quantile,0.85,412.6507941264958
38,2026-08-15,3,2026-09-05,wk inc covid hosp,quantile,0.85,483.2280389656435
39,2026-08-15,3,2026-09-05,wk inc covid hosp,quantile,0.85,514.5619288065892
40,2026-08-15,3,2026-09-05,wk inc covid hosp,quantile,0.85,290.7804881498626
41,2026-08-15,3,2026-09-05,wk inc covid hosp,quantile,0.85,391.3825982463525
42,2026-08-15,3,2026-09-05,wk inc covid hosp,quantile,0.85,621.8740430102894
44,2026-08-15,3,2026-09-05,wk inc covid hosp,quantile,0.85,228.209138757628
45,2026-08-15,3,2026-09-05,wk inc covid hosp,quantile,0.85,184.29940224909677
46,2026-08-15,3,2026-09-05,wk inc covid hosp,quantile,0.85,320.1322005606901
47,2026-08-15,3,2026-09-05,wk inc covid hosp,quantile,0.85,1045.2530146666772
48,2026-08-15,3,2026-09-05,wk inc covid hosp,quantile,0.85,941.5000250418001
49,2026-08-15,3,2026-09-05,wk inc covid hosp,quantile,0.85,86.31230294209395
50,2026-08-15,3,2026-09-05,wk inc covid hosp,quantile,0.85,285.11592527121064
51,2026-08-15,3,2026-09-05,wk inc covid hosp,quantile,0.85,485.6336796574763
53,2026-08-15,3,2026-09-05,wk inc covid hosp,quantile,0.85,180.30100080230224
54,2026-08-15,3,2026-09-05,wk inc covid hosp,quantile,0.85,318.44461128031656
55,2026-08-15,3,2026-09-05,wk inc covid hosp,quantile,0.85,324.3488274465712
56,2026-08-15,3,2026-09-05,wk inc covid hosp,quantile,0.85,138.8879216235405
72,2026-08-15,3,2026-09-05,wk inc covid hosp,quantile,0.85,10312.748951569969
US,2026-08-15,3,2026-09-05,wk inc covid hosp,quantile,0.85,4756.765445556495
01,2026-08-15,0,2026-08-15,wk inc covid hosp,quantile,0.9,145.22432292014457
02,2026-08-15,0,2026-08-15,wk inc covid hosp,quantile,0.9,94.35980010622828
04,2026-08-15,0,2026-08-15,wk inc covid hosp,quantile,0.9,196.93995851053887
05,2026-08-15,0,2026-08-15,wk inc covid hosp,quantile,0.9,612.4183680638564
06,2026-08-15,0,2026-08-15,wk inc covid hosp,quantile,0.9,693.3619562261609
08,2026-08-15,0,2026-08-15,wk inc covid hosp,quantile,0.9,162.18619447729597
09,2026-08-15,0,2026-08-15,wk inc covid hosp,quantile,0.9,127.8330790976678
10,2026-08-15,0,2026-08-15,wk inc covid hosp,quantile,0.9,37.986579050145004
11,2026-08-15,0,2026-08-15,wk inc covid hosp,quantile,0.9,745.9802728594716
12,2026-08-15,0,2026-08-15,wk inc covid hosp,quantile,0.9,1111.380845244426
13,2026-08-15,0,2026-08-15,wk inc covid hosp,quantile,0.9,256.04463416119984
15,2026-08-15,0,2026-08-15,wk inc covid hosp,quantile,0.9,69.11060987860725
16,2026-08-15,0,2026-08-15,wk inc covid hosp,quantile,0.9,153.74341188874422
17,2026-08-15,0,2026-08-15,wk inc covid hosp,quantile,0.9,247.03220670760442
18,2026-08-15,0,2026-08-15,wk inc covid hosp,quantile,0.9,189.6336010191513
19,2026-08-15,0,2026-08-15,wk inc covid hosp,quantile,0.9,92.38222806340424
20,2026-08-15,0,2026-08-15,wk inc covid hosp,quantile,0.9,156.38100437730904
21,2026-08-15,0,2026-08-15,wk inc covid hosp,quantile,0.9,173.11576379263298
22,2026-08-15,0,2026-08-15,wk inc covid hosp,quantile,0.9,161.36028561157224
23,2026-08-15,0,2026-08-15,wk inc covid hosp,quantile,0.9,117.69832839492808
24,2026-08-15,0,2026-08-15,wk inc covid hosp,quantile,0.9,179.14513597486138
25,2026-08-15,0,2026-08-15,wk inc covid hosp,quantile,0.9,352.2395098562262
26,2026-08-15,0,2026-08-15,wk inc covid hosp,quantile,0.9,284.21255472479186
27,2026-08-15,0,2026-08-15,wk inc covid hosp,quantile,0.9,112.45474694096305
28,2026-08-15,0,2026-08-15,wk inc covid hosp,quantile,0.9,181.47348665418812
29,2026-08-15,0,2026-08-15,wk inc covid hosp,quantile,0.9,172.8866292074987
30,2026-08-15,0,2026-08-15,wk inc covid hosp,quantile,0.9,74.29021859266363
31,2026-08-15,0,2026-08-15,wk inc covid hosp,quantile,0.9,75.3370446150341
32,2026-08-15,0,2026-08-15,wk inc covid hosp,quantile,0.9,76.88721308835275
33,2026-08-15,0,2026-08-15,wk inc covid hosp,quantile,0.9,221.58712212015772
34,2026-08-15,0,2026-08-15,wk inc covid hosp,quantile,0.9,186.61382654995288
35,2026-08-15,0,2026-08-15,wk inc covid hosp,quantile,0.9,416.5279249228069
36,2026-08-15,0,2026-08-15,wk inc covid hosp,quantile,0.9,717.7048021175292
37,2026-08-15,0,2026-08-15,wk inc covid hosp,quantile,0.9,244.40703072825755
38,2026-08-15,0,2026-08-15,wk inc covid hosp,quantile,0.9,242.27202587721325
39,2026-08-15,0,2026-08-15,wk inc covid hosp,quantile,0.9,269.4674631540233
40,2026-08-15,0,2026-08-15,wk inc covid hosp,quantile,0.9,154.530125676458
41,2026-08-15,0,2026-08-15,wk inc covid hosp,quantile,0.9,216.64900720973208
42,2026-08-15,0,2026-08-15,wk inc covid hosp,quantile,0.9,314.3126631933469
44,2026-08-15,0,2026-08-15,wk inc covid hosp,quantile,0.9,113.31497151756587
45,2026-08-15,0,2026-08-15,wk inc covid hosp,quantile,0.9,102.19290577889343
46,2026-08-15,0,2026-08-15,wk inc covid hosp,quantile,0.9,148.1883547679062
47,2026-08-15,0,2026-08-15,wk inc covid hosp,quantile,0.9,606.3601587020509
48,2026-08-15,0,2026-08-15,wk inc covid hosp,quantile,0.9,599.5561806405327
49,2026-08-15,0,2026-08-15,wk inc covid hosp,quantile,0.9,48.83807896753435
50,2026-08-15,0,2026-08-15,wk inc covid hosp,quantile,0.9,131.4262347214418
51,2026-08-15,0,2026-08-15,wk inc covid hosp,quantile,0.9,261.6090621785492
53,2026-08-15,0,2026-08-15,wk inc covid hosp,quantile,0.9,106.09648227962138
54,2026-08-15,0,2026-08-15,wk inc covid hosp,quantile,0.9,156.32325669744165
55,2026-08-15,0,2026-08-15,wk inc covid hosp,quantile,0.9,164.13518945655102
56,2026-08-15,0,2026-08-15,wk inc covid hosp,quantile,0.9,62.207872200317254
72,2026-08-15,0,2026-08-15,wk inc covid hosp,quantile,0.9,6422.874793364581
US,2026-08-15,0,2026-08-15,wk inc covid hosp,quantile,0.9,2849.2255197109707
01,2026-08-15,1,2026-08-22,wk inc covid hosp,quantile,0.9,184.64749738343303
02,2026-08-15,1,2026-08-22,wk inc covid hosp,quantile,0.9,135.07452745423384
04,2026-08-15,1,2026-08-22,wk inc covid hosp,quantile,0.9,267.608547124389
05,2026-08-15,1,2026-08-22,wk inc covid hosp,quantile,0.9,839.2664818817717
06,2026-08-15,1,2026-08-22,wk inc covid hosp,quantile,0.9,858.7954623449227
08,2026-08-15,1,2026-08-22,wk inc covid hosp,quantile,0.9,217.345993052756
09,2026-08-15,1,2026-08-22,wk inc covid hosp,quantile,0.9,183.52779443264947
10,2026-08-15,1,2026-08-22,wk inc covid hosp,quantile,0.9,54.65357941333862
11,2026-08-15,1,2026-08-22,wk inc covid hosp,quantile,0.9,1071.6342451881399
12,2026-08-15,1,2026-08-22,wk inc covid hosp,quantile,0.9,1420.4832777275842
13,2026-08-15,1,2026-08-22,wk inc covid hosp,quantile,0.9,337.5530688138743
15,2026-08-15,1,2026-08-22,wk inc covid hosp,quantile,0.9,89.78170466548472
16,2026-08-15,1,2026-08-22,wk inc covid hosp,quantile,0.9,217.54013288945842
17,2026-08-15,1,2026-08-22,wk inc covid hosp,quantile,0.9,334.43130594071386
18,2026-08-15,1,2026-08-22,wk inc covid hosp,quantile,0.9,262.80408476491374
19,2026-08-15,1,2026-08-22,wk inc covid hosp,quantile,0.9,130.7072436501547
20,2026-08-15,1,2026-08-22,wk inc covid hosp,quantile,0.9,217.9250238014206
21,2026-08-15,1,2026-08-22,wk inc covid hosp,quantile,0.9,237.74855280288975
22,2026-08-15,1,2026-08-22,wk inc covid hosp,quantile,0.9,198.2935744958966
23,2026-08-15,1,2026-08-22,wk inc covid hosp,quantile,0.9,165.09654042079504
24,2026-08-15,1,2026-08-22,wk inc covid hosp,quantile,0.9,249.27954709442488
25,2026-08-15,1,2026-08-22,wk inc covid hosp,quantile,0.9,496.06448915399665
26,2026-08-15,1,2026-08-22,wk inc covid hosp,quantile,0.9,411.26128345282814
27,2026-08-15,1,2026-08-22,wk inc covid hosp,quantile,0.9,156.59333788532604
28,2026-08-15,1,2026-08-22,wk inc covid hosp,quantile,0.9,231.9881847440958
29,2026-08-15,1,2026-08-22,wk inc covid hosp,quantile,0.9,240.63357573329503
30,2026-08-15,1,2026-08-22,wk inc covid hosp,quantile,0.9,105.5964488755263
31,2026-08-15,1,2026-08-22,wk inc covid hosp,quantile,0.9,109.4888479994457
32,2026-08-15,1,2026-08-22,wk inc covid hosp,quantile,0.9,100.00255643873165
33,2026-08-15,1,2026-08-22,wk inc covid hosp,quantile,0.9,316.67952952570954
34,2026-08-15,1,2026-08-22,wk inc covid hosp,quantile,0.9,256.01984404848264
35,2026-08-15,1,2026-08-22,wk inc covid hosp,quantile,0.9,564.8004052455865
36,2026-08-15,1,2026-08-22,wk inc covid hosp,quantile,0.9,963.6675965984234
37,2026-08-15,1,2026-08-22,wk inc covid hosp,quantile,0.9,320.9784825191216
38,2026-08-15,1,2026-08-22,wk inc covid hosp,quantile,0.9,338.0365237438647
39,2026-08-15,1,2026-08-22,wk inc covid hosp,quantile,0.9,372.1699630044942
40,2026-08-15,1,2026-08-22,wk inc covid hosp,quantile,0.9,211.5928613804942
41,2026-08-15,1,2026-08-22,wk inc covid hosp,quantile,0.9,286.69417230723883
42,2026-08-15,1,2026-08-22,wk inc covid hosp,quantile,0.9,448.3488512468332
44,2026-08-15,1,2026-08-22,wk inc covid hosp,quantile,0.9,160.3725291423684
45,2026-08-15,1,2026-08-22,wk inc covid hosp,quantile,0.9,135.5294492097723
46,2026-08-15,1,2026-08-22,wk inc covid hosp,quantile,0.9,224.00372153302084
47,2026-08-15,1,2026-08-22,wk inc covid hosp,quantile,0.9,781.2357477046947
48,2026-08-15,1,2026-08-22,wk inc covid hosp,quantile,0.9,759.8417692234109
49,2026-08-15,1,2026-08-22,wk inc covid hosp,quantile,0.9,65.9680715593335
50,2026-08-15,1,2026-08-22,wk inc covid hosp,quantile,0.9,193.69620257190832
51,2026-08-15,1,2026-08-22,wk inc covid hosp,quantile,0.9,360.6763395923943
53,2026-08-15,1,2026-08-22,wk inc covid hosp,quantile,0.9,137.74366834723736
54,2026-08-15,1,2026-08-22,wk inc covid hosp,quantile,0.9,222.42929214691338
55,2026-08-15,1,2026-08-22,wk inc covid hosp,quantile,0.9,231.2304310879679
56,2026-08-15,1,2026-08-22,wk inc covid hosp,quantile,0.9,94.63143526832071
72,2026-08-15,1,2026-08-22,wk inc covid hosp,quantile,0.9,8103.217223083541
US,2026-08-15,1,2026-08-22,wk inc covid hosp,quantile,0.9,3542.1525337979438
01,2026-08-15,2,2026-08-29,wk inc covid hosp,quantile,0.9,220.29998385872256
02,2026-08-15,2,2026-08-29,wk inc covid hosp,quantile,0.9,175.78556753491316
04,2026-08-15,2,2026-08-29,wk inc covid hosp,quantile,0.9,331.6214107425654
05,2026-08-15,2,2026-08-29,wk inc covid hosp,quantile,0.9,1105.9133794849342
06,2026-08-15,2,2026-08-29,wk inc covid hosp,quantile,0.9,1006.4324363186715
08,2026-08-15,2,2026-08-29,wk inc covid hosp,quantile,0.9,275.45584753427414
09,2026-08-15,2,2026-08-29,wk inc covid hosp,quantile,0.9,236.25335100521534
10,2026-08-15,2,2026-08-29,wk inc covid hosp,quantile,0.9,72.5624638869526
11,2026-08-15,2,2026-08-29,wk inc covid hosp,quantile,0.9,1458.4903197504188
12,2026-08-15,2,2026-08-29,wk inc covid hosp,quantile,0.9,1704.444667853034
13,2026-08-15,2,2026-08-29,wk inc covid hosp,quantile,0.9,405.8639845954895
15,2026-08-15,2,2026-08-29,wk inc covid hosp,quantile,0.9,112.32657929389799
16,2026-08-15,2,2026-08-29,wk inc covid hosp,quantile,0.9,280.642395160583
17,2026-08-15,2,2026-08-29,wk inc covid hosp,quantile,0.9,425.3552662498758
18,2026-08-15,2,2026-08-29,wk inc covid hosp,quantile,0.9,332.0620777425206
19,2026-08-15,2,2026-08-29,wk inc covid hosp,quantile,0.9,164.1540800586804
20,2026-08-15,2,2026-08-29,wk inc covid hosp,quantile,0.9,275.6913299366333
21,2026-08-15,2,2026-08-29,wk inc covid hosp,quantile,0.9,306.01656617109376
22,2026-08-15,2,2026-08-29,wk inc covid hosp,quantile,0.9,238.09520493893334
23,2026-08-15,2,2026-08-29,wk inc covid hosp,quantile,0.9,219.8928633511346
24,2026-08-15,2,2026-08-29,wk inc covid hosp,quantile,0.9,318.8760148201871
25,2026-08-15,2,2026-08-29,wk inc covid hosp,quantile,0.9,628.0378997760887
26,2026-08-15,2,2026-08-29,wk inc covid hosp,quantile,0.9,542.078370305007
27,2026-08-15,2,2026-08-29,wk inc covid hosp,quantile,0.9,197.06629338784867
28,2026-08-15,2,2026-08-29,wk inc covid hosp,quantile,0.9,290.37299008639303
29,2026-08-15,2,2026-08-29,wk inc covid hosp,quantile,0.9,303.1585672742251
30,2026-08-15,2,2026-08-29,wk inc covid hosp,quantile,0.9,137.67045731403888
31,2026-08-15,2,2026-08-29,wk inc covid hosp,quantile,0.9,146.72994028714217
32,2026-08-15,2,2026-08-29,wk inc covid hosp,quantile,0.9,121.31783223998245
33,2026-08-15,2,2026-08-29,wk inc covid hosp,quantile,0.9,408.26875590532137
34,2026-08-15,2,2026-08-29,wk inc covid hosp,quantile,0.9,324.3154780588363
35,2026-08-15,2,2026-08-29,wk inc covid hosp,quantile,0.9,718.6799027370765
36,2026-08-15,2,2026-08-29,wk inc covid hosp,quantile,0.9,1186.4062379246382
37,2026-08-15,2,2026-08-29,wk inc covid hosp,quantile,0.9,389.04726345454685
38,2026-08-15,2,2026-08-29,wk inc covid hosp,quantile,0.9,456.8252487821113
39,2026-08-15,2,2026-08-29,wk inc covid hosp,quantile,0.9,476.4722113162823
40,2026-08-15,2,2026-08-29,wk inc covid hosp,quantile,0.9,274.07609894993567
41,2026-08-15,2,2026-08-29,wk inc covid hosp,quantile,0.9,365.7721270172059
42,2026-08-15,2,2026-08-29,wk inc covid hosp,quantile,0.9,576.6686344646857
44,2026-08-15,2,2026-08-29,wk inc covid hosp,quantile,0.9,213.29700669439893
45,2026-08-15,2,2026-08-29,wk inc covid hosp,quantile,0.9,170.9222273590518
46,2026-08-15,2,2026-08-29,wk inc covid hosp,quantile,0.9,306.33623718384337
47,2026-08-15,2,2026-08-29,wk inc covid hosp,quantile,0.9,1006.8808569381671
48,2026-08-15,2,2026-08-29,wk inc covid hosp,quantile,0.9,895.0349715084536
49,2026-08-15,2,2026-08-29,wk inc covid hosp,quantile,0.9,81.75635945679177
50,2026-08-15,2,2026-08-29,wk inc covid hosp,quantile,0.9,260.62344580669776
51,2026-08-15,2,2026-08-29,wk inc covid hosp,quantile,0.9,455.9599955219286
53,2026-08-15,2,2026-08-29,wk inc covid hosp,quantile,0.9,168.82151204036944
54,2026-08-15,2,2026-08-29,wk inc covid hosp,quantile,0.9,295.55659087113315
55,2026-08-15,2,2026-08-29,wk inc covid hosp,quantile,0.9,294.9306688454044
56,2026-08-15,2,2026-08-29,wk inc covid hosp,quantile,0.9,126.86646323748528
72,2026-08-15,2,2026-08-29,wk inc covid hosp,quantile,0.9,9878.498517806072
US,2026-08-15,2,2026-08-29,wk inc covid hosp,quantile,0.9,4320.145088770912
01,2026-08-15,3,2026-09-05,wk inc covid hosp,quantile,0.9,249.36202660265747
02,2026-08-15,3,2026-09-05,wk inc covid hosp,quantile,0.9,216.87977953461677
04,2026-08-15,3,2026-09-05,wk inc covid hosp,quantile,0.9,384.9569828054176
05,2026-08-15,3,2026-09-05,wk inc covid hosp,quantile,0.9,1319.6817838323725
06,2026-08-15,3,2026-09-05,wk inc covid hosp,quantile,0.9,1132.6395643228632
08,2026-08-15,3,2026-09-05,wk inc covid hosp,quantile,0.9,329.1656506381138
09,2026-08-15,3,2026-09-05,wk inc covid hosp,quantile,0.9,281.01255520636454
10,2026-08-15,3,2026-09-05,wk inc covid hosp,quantile,0.9,87.76639658964753
11,2026-08-15,3,2026-09-05,wk inc covid hosp,quantile,0.9,1797.474946319861
12,2026-08-15,3,2026-09-05,wk inc covid hosp,quantile,0.9,1953.45318928289
13,2026-08-15,3,2026-09-05,wk inc covid hosp,quantile,0.9,462.40086518104823
15,2026-08-15,3,2026-09-05,wk inc covid hosp,quantile,0.9,127.18128829016918
16,2026-08-15,3,2026-09-05,wk inc covid hosp,quantile,0.9,347.86571525105217
17,2026-08-15,3,2026-09-05,wk inc covid hosp,quantile,0.9,505.2966489816277
18,2026-08-15,3,2026-09-05,wk inc covid hosp,quantile,0.9,392.8471474999147
19,2026-08-15,3,2026-09-05,wk inc covid hosp,quantile,0.9,197.6395577955594
20,2026-08-15,3,2026-09-05,wk inc covid hosp,quantile,0.9,336.2229057482258
21,2026-08-15,3,2026-09-05,wk inc covid hosp,quantile,0.9,369.1041327177632
22,2026-08-15,3,2026-09-05,wk inc covid hosp,quantile,0.9,268.1047527464163
23,2026-08-15,3,2026-09-05,wk inc covid hosp,quantile,0.9,270.48827925033163
24,2026-08-15,3,2026-09-05,wk inc covid hosp,quantile,0.9,369.7651436219743
25,2026-08-15,3,2026-09-05,wk inc covid hosp,quantile,0.9,760.7247573837526
26,2026-08-15,3,2026-09-05,wk inc covid hosp,quantile,0.9,669.2598196540421
27,2026-08-15,3,2026-09-05,wk inc covid hosp,quantile,0.9,241.17815172005717
28,2026-08-15,3,2026-09-05,wk inc covid hosp,quantile,0.9,335.2345606943272
29,2026-08-15,3,2026-09-05,wk inc covid hosp,quantile,0.9,356.94720606710956
30,2026-08-15,3,2026-09-05,wk inc covid hosp,quantile,0.9,171.89550844034807
31,2026-08-15,3,2026-09-05,wk inc covid hosp,quantile,0.9,182.65778816409141
32,2026-08-15,3,2026-09-05,wk inc covid hosp,quantile,0.9,140.24906966682283
33,2026-08-15,3,2026-09-05,wk inc covid hosp,quantile,0.9,496.53970912589716
34,2026-08-15,3,2026-09-05,wk inc covid hosp,quantile,0.9,384.7544165761476
35,2026-08-15,3,2026-09-05,wk inc covid hosp,quantile,0.9,857.0478681168298
36,2026-08-15,3,2026-09-05,wk inc covid hosp,quantile,0.9,1361.7504179324635
37,2026-08-15,3,2026-09-05,wk inc covid hosp,quantile,0.9,452.3574332985368
38,2026-08-15,3,2026-09-05,wk inc covid hosp,quantile,0.9,551.4638769018757
39,2026-08-15,3,2026-09-05,wk inc covid hosp,quantile,0.9,569.1726798604116
40,2026-08-15,3,2026-09-05,wk inc covid hosp,quantile,0.9,326.02464666735136
41,2026-08-15,3,2026-09-05,wk inc covid hosp,quantile,0.9,430.46698060777686
42,2026-08-15,3,2026-09-05,wk inc covid hosp,quantile,0.9,691.4213710481073
44,2026-08-15,3,2026-09-05,wk inc covid hosp,quantile,0.9,264.6275875556836
45,2026-08-15,3,2026-09-05,wk inc covid hosp,quantile,0.9,203.99327563388564
46,2026-08-15,3,2026-09-05,wk inc covid hosp,quantile,0.9,385.13798116205
47,2026-08-15,3,2026-09-05,wk inc covid hosp,quantile,0.9,1154.2117423722782
48,2026-08-15,3,2026-09-05,wk inc covid hosp,quantile,0.9,1033.9390825489604
49,2026-08-15,3,2026-09-05,wk inc covid hosp,quantile,0.9,97.93499292858992
50,2026-08-15,3,2026-09-05,wk inc covid hosp,quantile,0.9,344.50564360457054
51,2026-08-15,3,2026-09-05,wk inc covid hosp,quantile,0.9,528.0193779394937
53,2026-08-15,3,2026-09-05,wk inc covid hosp,quantile,0.9,193.33559711115885
54,2026-08-15,3,2026-09-05,wk inc covid hosp,quantile,0.9,363.33430188222303
55,2026-08-15,3,2026-09-05,wk inc covid hosp,quantile,0.9,354.66076482934596
56,2026-08-15,3,2026-09-05,wk inc covid hosp,quantile,0.9,167.79466749177658
72,2026-08-15,3,2026-09-05,wk inc covid hosp,quantile,0.9,11673.082982750315
US,2026-08-15,3,2026-09-05,wk inc covid hosp,quantile,0.9,5146.946982034302
01,2026-08-15,0,2026-08-15,wk inc covid hosp,quantile,0.95,154.3747626939764
02,2026-08-15,0,2026-08-15,wk inc covid hosp,quantile,0.95,109.9694285764875
04,2026-08-15,0,2026-08-15,wk inc covid hosp,quantile,0.95,213.61649577731416
05,2026-08-15,0,2026-08-15,wk inc covid hosp,quantile,0.95,677.4811989244299
06,2026-08-15,0,2026-08-15,wk inc covid hosp,quantile,0.95,725.1907758264613
08,2026-08-15,0,2026-08-15,wk inc covid hosp,quantile,0.95,174.8472677433979
09,2026-08-15,0,2026-08-15,wk inc covid hosp,quantile,0.95,141.41614304877382
10,2026-08-15,0,2026-08-15,wk inc covid hosp,quantile,0.95,42.500146224368905
11,2026-08-15,0,2026-08-15,wk inc covid hosp,quantile,0.95,852.4224373666938
12,2026-08-15,0,2026-08-15,wk inc covid hosp,quantile,0.95,1198.350525935524
13,2026-08-15,0,2026-08-15,wk inc covid hosp,quantile,0.95,272.29040171333475
15,2026-08-15,0,2026-08-15,wk inc covid hosp,quantile,0.95,74.90835172176577
16,2026-08-15,0,2026-08-15,wk inc covid hosp,quantile,0.95,172.38711746946652
17,2026-08-15,0,2026-08-15,wk inc covid hosp,quantile,0.95,264.3691895530187
18,2026-08-15,0,2026-08-15,wk inc covid hosp,quantile,0.95,204.79271526162728
19,2026-08-15,0,2026-08-15,wk inc covid hosp,quantile,0.95,102.01161917646678
20,2026-08-15,0,2026-08-15,wk inc covid hosp,quantile,0.95,171.7908896745964
21,2026-08-15,0,2026-08-15,wk inc covid hosp,quantile,0.95,189.08335184932423
22,2026-08-15,0,2026-08-15,wk inc covid hosp,quantile,0.95,172.24824435085566
23,2026-08-15,0,2026-08-15,wk inc covid hosp,quantile,0.95,133.36586795239475
24,2026-08-15,0,2026-08-15,wk inc covid hosp,quantile,0.95,195.09832417080145
25,2026-08-15,0,2026-08-15,wk inc covid hosp,quantile,0.95,376.22181498435503
26,2026-08-15,0,2026-08-15,wk inc covid hosp,quantile,0.95,314.6428914739906
27,2026-08-15,0,2026-08-15,wk inc covid hosp,quantile,0.95,121.40927032411436
28,2026-08-15,0,2026-08-15,wk inc covid hosp,quantile,0.95,197.91167244366986
29,2026-08-15,0,2026-08-15,wk inc covid hosp,quantile,0.95,184.03596280133897
30,2026-08-15,0,2026-08-15,wk inc covid hosp,quantile,0.95,83.50632913411012
31,2026-08-15,0,2026-08-15,wk inc covid hosp,quantile,0.95,84.03934609434178
32,2026-08-15,0,2026-08-15,wk inc covid hosp,quantile,0.95,83.31384863190318
33,2026-08-15,0,2026-08-15,wk inc covid hosp,quantile,0.95,245.79069792308607
34,2026-08-15,0,2026-08-15,wk inc covid hosp,quantile,0.95,207.96494563339667
35,2026-08-15,0,2026-08-15,wk inc covid hosp,quantile,0.95,454.04796338480793
36,2026-08-15,0,2026-08-15,wk inc covid hosp,quantile,0.95,756.7005038644801
37,2026-08-15,0,2026-08-15,wk inc covid hosp,quantile,0.95,262.5240346228927
38,2026-08-15,0,2026-08-15,wk inc covid hosp,quantile,0.95,271.38174509453455
39,2026-08-15,0,2026-08-15,wk inc covid hosp,quantile,0.95,288.17251914831
40,2026-08-15,0,2026-08-15,wk inc covid hosp,quantile,0.95,166.98363267541384
41,2026-08-15,0,2026-08-15,wk inc covid hosp,quantile,0.95,233.370458691688
42,2026-08-15,0,2026-08-15,wk inc covid hosp,quantile,0.95,344.4770280612404
44,2026-08-15,0,2026-08-15,wk inc covid hosp,quantile,0.95,127.70412921538765
45,2026-08-15,0,2026-08-15,wk inc covid hosp,quantile,0.95,110.34445352368392
46,2026-08-15,0,2026-08-15,wk inc covid hosp,quantile,0.95,169.56507274907307
47,2026-08-15,0,2026-08-15,wk inc covid hosp,quantile,0.95,658.2567790534536
48,2026-08-15,0,2026-08-15,wk inc covid hosp,quantile,0.95,643.3611817197428
49,2026-08-15,0,2026-08-15,wk inc covid hosp,quantile,0.95,53.10673206253041
50,2026-08-15,0,2026-08-15,wk inc covid hosp,quantile,0.95,154.868788989175
51,2026-08-15,0,2026-08-15,wk inc covid hosp,quantile,0.95,283.13195850247115
53,2026-08-15,0,2026-08-15,wk inc covid hosp,quantile,0.95,114.04214329869423
54,2026-08-15,0,2026-08-15,wk inc covid hosp,quantile,0.95,172.1309298734109
55,2026-08-15,0,2026-08-15,wk inc covid hosp,quantile,0.95,176.96253051925123
56,2026-08-15,0,2026-08-15,wk inc covid hosp,quantile,0.95,75.30960759896062
72,2026-08-15,0,2026-08-15,wk inc covid hosp,quantile,0.95,7130.418475038228
US,2026-08-15,0,2026-08-15,wk inc covid hosp,quantile,0.95,3052.676529196101
01,2026-08-15,1,2026-08-22,wk inc covid hosp,quantile,0.95,202.46842389468745
02,2026-08-15,1,2026-08-22,wk inc covid hosp,quantile,0.95,158.85974595354435
04,2026-08-15,1,2026-08-22,wk inc covid hosp,quantile,0.95,290.7477671393808
05,2026-08-15,1,2026-08-22,wk inc covid hosp,quantile,0.95,948.7281341321501
06,2026-08-15,1,2026-08-22,wk inc covid hosp,quantile,0.95,919.1008595969373
08,2026-08-15,1,2026-08-22,wk inc covid hosp,quantile,0.95,237.38874800199918
09,2026-08-15,1,2026-08-22,wk inc covid hosp,quantile,0.95,205.64381085491874
10,2026-08-15,1,2026-08-22,wk inc covid hosp,quantile,0.95,61.54160443781328
11,2026-08-15,1,2026-08-22,wk inc covid hosp,quantile,0.95,1262.6542061757884
12,2026-08-15,1,2026-08-22,wk inc covid hosp,quantile,0.95,1563.8028908522242
13,2026-08-15,1,2026-08-22,wk inc covid hosp,quantile,0.95,368.55339953841224
15,2026-08-15,1,2026-08-22,wk inc covid hosp,quantile,0.95,99.46204036005072
16,2026-08-15,1,2026-08-22,wk inc covid hosp,quantile,0.95,248.32807693633467
17,2026-08-15,1,2026-08-22,wk inc covid hosp,quantile,0.95,365.7972401978454
18,2026-08-15,1,2026-08-22,wk inc covid hosp,quantile,0.95,288.2634597160552
19,2026-08-15,1,2026-08-22,wk inc covid hosp,quantile,0.95,144.58839787919177
20,2026-08-15,1,2026-08-22,wk inc covid hosp,quantile,0.95,238.27285162743925
21,2026-08-15,1,2026-08-22,wk inc covid hosp,quantile,0.95,261.85424906518716
22,2026-08-15,1,2026-08-22,wk inc covid hosp,quantile,0.95,219.13296911376273
23,2026-08-15,1,2026-08-22,wk inc covid hosp,quantile,0.95,192.04985843028572
24,2026-08-15,1,2026-08-22,wk inc covid hosp,quantile,0.95,273.8310391501963
25,2026-08-15,1,2026-08-22,wk inc covid hosp,quantile,0.95,543.4791556330654
26,2026-08-15,1,2026-08-22,wk inc covid hosp,quantile,0.95,452.1327780917113
27,2026-08-15,1,2026-08-22,wk inc covid hosp,quantile,0.95,172.1338786278582
28,2026-08-15,1,2026-08-22,wk inc covid hosp,quantile,0.95,260.1934149982634
29,2026-08-15,1,2026-08-22,wk inc covid hosp,quantile,0.95,261.19003022324654
30,2026-08-15,1,2026-08-22,wk inc covid hosp,quantile,0.95,121.93419343892548
31,2026-08-15,1,2026-08-22,wk inc covid hosp,quantile,0.95,126.55637416505661
32,2026-08-15,1,2026-08-22,wk inc covid hosp,quantile,0.95,111.27929849542754
33,2026-08-15,1,2026-08-22,wk inc covid hosp,quantile,0.95,362.03854005523436
34,2026-08-15,1,2026-08-22,wk inc covid hosp,quantile,0.95,284.0613292107989
35,2026-08-15,1,2026-08-22,wk inc covid hosp,quantile,0.95,637.4167133011169
36,2026-08-15,1,2026-08-22,wk inc covid hosp,quantile,0.95,1039.15416889033
37,2026-08-15,1,2026-08-22,wk inc covid hosp,quantile,0.95,351.374516953048
38,2026-08-15,1,2026-08-22,wk inc covid hosp,quantile,0.95,395.1137907134065
39,2026-08-15,1,2026-08-22,wk inc covid hosp,quantile,0.95,409.88939654886997
40,2026-08-15,1,2026-08-22,wk inc covid hosp,quantile,0.95,235.58666006976802
41,2026-08-15,1,2026-08-22,wk inc covid hosp,quantile,0.95,315.3349943367008
42,2026-08-15,1,2026-08-22,wk inc covid hosp,quantile,0.95,499.3461278560219
44,2026-08-15,1,2026-08-22,wk inc covid hosp,quantile,0.95,188.6000500612217
45,2026-08-15,1,2026-08-22,wk inc covid hosp,quantile,0.95,151.99879292087252
46,2026-08-15,1,2026-08-22,wk inc covid hosp,quantile,0.95,259.7606193145061
47,2026-08-15,1,2026-08-22,wk inc covid hosp,quantile,0.95,869.4996400093103
48,2026-08-15,1,2026-08-22,wk inc covid hosp,quantile,0.95,833.2203372275923
49,2026-08-15,1,2026-08-22,wk inc covid hosp,quantile,0.95,73.68380377345707
50,2026-08-15,1,2026-08-22,wk inc covid hosp,quantile,0.95,243.8462809617805
51,2026-08-15,1,2026-08-22,wk inc covid hosp,quantile,0.95,396.4303250041374
53,2026-08-15,1,2026-08-22,wk inc covid hosp,quantile,0.95,151.3244450177961
54,2026-08-15,1,2026-08-22,wk inc covid hosp,quantile,0.95,257.2065939799919
55,2026-08-15,1,2026-08-22,wk inc covid hosp,quantile,0.95,255.26939470448363
56,2026-08-15,1,2026-08-22,wk inc covid hosp,quantile,0.95,117.76987381109589
72,2026-08-15,1,2026-08-22,wk inc covid hosp,quantile,0.95,9329.141913025023
US,2026-08-15,1,2026-08-22,wk inc covid hosp,quantile,0.95,3817.38206464005
01,2026-08-15,2,2026-08-29,wk inc covid hosp,quantile,0.95,244.0184847897526
02,2026-08-15,2,2026-08-29,wk inc covid hosp,quantile,0.95,214.9715946312695
04,2026-08-15,2,2026-08-29,wk inc covid hosp,quantile,0.95,370.3701601513765
05,2026-08-15,2,2026-08-29,wk inc covid hosp,quantile,0.95,1264.7872783418954
06,2026-08-15,2,2026-08-29,wk inc covid hosp,quantile,0.95,1084.4528043166397
08,2026-08-15,2,2026-08-29,wk inc covid hosp,quantile,0.95,309.521875308976
09,2026-08-15,2,2026-08-29,wk inc covid hosp,quantile,0.95,273.78073015151216
10,2026-08-15,2,2026-08-29,wk inc covid hosp,quantile,0.95,82.541371307644
11,2026-08-15,2,2026-08-29,wk inc covid hosp,quantile,0.95,1704.5034899387408
12,2026-08-15,2,2026-08-29,wk inc covid hosp,quantile,0.95,1913.0625266096831
13,2026-08-15,2,2026-08-29,wk inc covid hosp,quantile,0.95,449.2205062373825
15,2026-08-15,2,2026-08-29,wk inc covid hosp,quantile,0.95,127.779958578602
16,2026-08-15,2,2026-08-29,wk inc covid hosp,quantile,0.95,330.46588904622564
17,2026-08-15,2,2026-08-29,wk inc covid hosp,quantile,0.95,475.9996915935794
18,2026-08-15,2,2026-08-29,wk inc covid hosp,quantile,0.95,369.96083158277435
19,2026-08-15,2,2026-08-29,wk inc covid hosp,quantile,0.95,187.64625172645603
20,2026-08-15,2,2026-08-29,wk inc covid hosp,quantile,0.95,314.5643030716726
21,2026-08-15,2,2026-08-29,wk inc covid hosp,quantile,0.95,349.04004297944556
22,2026-08-15,2,2026-08-29,wk inc covid hosp,quantile,0.95,271.9138467956778
23,2026-08-15,2,2026-08-29,wk inc covid hosp,quantile,0.95,262.63183021462896
24,2026-08-15,2,2026-08-29,wk inc covid hosp,quantile,0.95,358.38521996971735
25,2026-08-15,2,2026-08-29,wk inc covid hosp,quantile,0.95,696.9619885937336
26,2026-08-15,2,2026-08-29,wk inc covid hosp,quantile,0.95,622.9251659275917
27,2026-08-15,2,2026-08-29,wk inc covid hosp,quantile,0.95,222.63873084792328
28,2026-08-15,2,2026-08-29,wk inc covid hosp,quantile,0.95,333.9943805504216
29,2026-08-15,2,2026-08-29,wk inc covid hosp,quantile,0.95,339.3769164002625
30,2026-08-15,2,2026-08-29,wk inc covid hosp,quantile,0.95,164.9436996292782
31,2026-08-15,2,2026-08-29,wk inc covid hosp,quantile,0.95,173.43241699928373
32,2026-08-15,2,2026-08-29,wk inc covid hosp,quantile,0.95,136.19418488556144
33,2026-08-15,2,2026-08-29,wk inc covid hosp,quantile,0.95,483.72363539474145
34,2026-08-15,2,2026-08-29,wk inc covid hosp,quantile,0.95,375.55285393365807
35,2026-08-15,2,2026-08-29,wk inc covid hosp,quantile,0.95,827.4946642584515
36,2026-08-15,2,2026-08-29,wk inc covid hosp,quantile,0.95,1299.7071735057757
37,2026-08-15,2,2026-08-29,wk inc covid hosp,quantile,0.95,428.2897886508775
38,2026-08-15,2,2026-08-29,wk inc covid hosp,quantile,0.95,537.707819819568
39,2026-08-15,2,2026-08-29,wk inc covid hosp,quantile,0.95,537.4303684401175
40,2026-08-15,2,2026-08-29,wk inc covid hosp,quantile,0.95,302.4841087156143
41,2026-08-15,2,2026-08-29,wk inc covid hosp,quantile,0.95,408.7664131220528
42,2026-08-15,2,2026-08-29,wk inc covid hosp,quantile,0.95,662.8235975739173
44,2026-08-15,2,2026-08-29,wk inc covid hosp,quantile,0.95,253.79595069356557
45,2026-08-15,2,2026-08-29,wk inc covid hosp,quantile,0.95,191.13894006555088
46,2026-08-15,2,2026-08-29,wk inc covid hosp,quantile,0.95,371.04827484584644
47,2026-08-15,2,2026-08-29,wk inc covid hosp,quantile,0.95,1128.4659078086984
48,2026-08-15,2,2026-08-29,wk inc covid hosp,quantile,0.95,1002.6090155954603
49,2026-08-15,2,2026-08-29,wk inc covid hosp,quantile,0.95,94.21480703561929
50,2026-08-15,2,2026-08-29,wk inc covid hosp,quantile,0.95,329.16683686905935
51,2026-08-15,2,2026-08-29,wk inc covid hosp,quantile,0.95,503.9181015870651
53,2026-08-15,2,2026-08-29,wk inc covid hosp,quantile,0.95,189.27344670926325
54,2026-08-15,2,2026-08-29,wk inc covid hosp,quantile,0.95,342.61499198087245
55,2026-08-15,2,2026-08-29,wk inc covid hosp,quantile,0.95,331.40249407222814
56,2026-08-15,2,2026-08-29,wk inc covid hosp,quantile,0.95,165.63702165387423
72,2026-08-15,2,2026-08-29,wk inc covid hosp,quantile,0.95,11405.281414073761
US,2026-08-15,2,2026-08-29,wk inc covid hosp,quantile,0.95,4737.08213416405
01,2026-08-15,3,2026-09-05,wk inc covid hosp,quantile,0.95,282.16547120556044
02,2026-08-15,3,2026-09-05,wk inc covid hosp,quantile,0.95,271.588494732818
04,2026-08-15,3,2026-09-05,wk inc covid hosp,quantile,0.95,433.78314933700534
05,2026-08-15,3,2026-09-05,wk inc covid hosp,quantile,0.95,1546.977109944209
06,2026-08-15,3,2026-09-05,wk inc covid hosp,quantile,0.95,1236.642832815405
08,2026-08-15,3,2026-09-05,wk inc covid hosp,quantile,0.95,372.0435754910638
09,2026-08-15,3,2026-09-05,wk inc covid hosp,quantile,0.95,331.60692902200907
10,2026-08-15,3,2026-09-05,wk inc covid hosp,quantile,0.95,102.92273604194136
11,2026-08-15,3,2026-09-05,wk inc covid hosp,quantile,0.95,2111.146645465842
12,2026-08-15,3,2026-09-05,wk inc covid hosp,quantile,0.95,2291.0319474724106
13,2026-08-15,3,2026-09-05,wk inc covid hosp,quantile,0.95,514.6489198271058
15,2026-08-15,3,2026-09-05,wk inc covid hosp,quantile,0.95,150.579910692154
16,2026-08-15,3,2026-09-05,wk inc covid hosp,quantile,0.95,409.7794448575215
17,2026-08-15,3,2026-09-05,wk inc covid hosp,quantile,0.95,579.8112738685953
18,2026-08-15,3,2026-09-05,wk inc covid hosp,quantile,0.95,458.30050778951363
19,2026-08-15,3,2026-09-05,wk inc covid hosp,quantile,0.95,230.88495196631547
20,2026-08-15,3,2026-09-05,wk inc covid hosp,quantile,0.95,388.9101489155108
21,2026-08-15,3,2026-09-05,wk inc covid hosp,quantile,0.95,420.74314021488505
22,2026-08-15,3,2026-09-05,wk inc covid hosp,quantile,0.95,302.32917407852744
23,2026-08-15,3,2026-09-05,wk inc covid hosp,quantile,0.95,319.58872032832795
24,2026-08-15,3,2026-09-05,wk inc covid hosp,quantile,0.95,417.98030536524715
25,2026-08-15,3,2026-09-05,wk inc covid hosp,quantile,0.95,855.4105403855626
26,2026-08-15,3,2026-09-05,wk inc covid hosp,quantile,0.95,771.5155665883168
27,2026-08-15,3,2026-09-05,wk inc covid hosp,quantile,0.95,271.7831024331548
28,2026-08-15,3,2026-09-05,wk inc covid hosp,quantile,0.95,380.19091498646685
29,2026-08-15,3,2026-09-05,wk inc covid hosp,quantile,0.95,405.8889485128726
30,2026-08-15,3,2026-09-05,wk inc covid hosp,quantile,0.95,205.4342269212995
31,2026-08-15,3,2026-09-05,wk inc covid hosp,quantile,0.95,217.57121687591476
32,2026-08-15,3,2026-09-05,wk inc covid hosp,quantile,0.95,159.0545508473308
33,2026-08-15,3,2026-09-05,wk inc covid hosp,quantile,0.95,594.8181275260405
34,2026-08-15,3,2026-09-05,wk inc covid hosp,quantile,0.95,454.094574563897
35,2026-08-15,3,2026-09-05,wk inc covid hosp,quantile,0.95,1022.1053087024571
36,2026-08-15,3,2026-09-05,wk inc covid hosp,quantile,0.95,1518.2008446674865
37,2026-08-15,3,2026-09-05,wk inc covid hosp,quantile,0.95,504.00492199100705
38,2026-08-15,3,2026-09-05,wk inc covid hosp,quantile,0.95,643.983020734004
39,2026-08-15,3,2026-09-05,wk inc covid hosp,quantile,0.95,648.0806333882256
40,2026-08-15,3,2026-09-05,wk inc covid hosp,quantile,0.95,364.98600427714734
41,2026-08-15,3,2026-09-05,wk inc covid hosp,quantile,0.95,490.8418094367329
42,2026-08-15,3,2026-09-05,wk inc covid hosp,quantile,0.95,797.8041309692444
44,2026-08-15,3,2026-09-05,wk inc covid hosp,quantile,0.95,325.07382992592915
45,2026-08-15,3,2026-09-05,wk inc covid hosp,quantile,0.95,229.21827848312975
46,2026-08-15,3,2026-09-05,wk inc covid hosp,quantile,0.95,502.69257172749144
47,2026-08-15,3,2026-09-05,wk inc covid hosp,quantile,0.95,1314.6601592995087
48,2026-08-15,3,2026-09-05,wk inc covid hosp,quantile,0.95,1145.5190686700712
49,2026-08-15,3,2026-09-05,wk inc covid hosp,quantile,0.95,112.80965397287424
50,2026-08-15,3,2026-09-05,wk inc covid hosp,quantile,0.95,429.00562966020993
51,2026-08-15,3,2026-09-05,wk inc covid hosp,quantile,0.95,603.921657875109
53,2026-08-15,3,2026-09-05,wk inc covid hosp,quantile,0.95,221.02409685355036
54,2026-08-15,3,2026-09-05,wk inc covid hosp,quantile,0.95,426.8202718579341
55,2026-08-15,3,2026-09-05,wk inc covid hosp,quantile,0.95,403.07796881232525
56,2026-08-15,3,2026-09-05,wk inc covid hosp,quantile,0.95,208.1122569073759
72,2026-08-15,3,2026-09-05,wk inc covid hosp,quantile,0.95,13862.175217431259
US,2026-08-15,3,2026-09-05,wk inc covid hosp,quantile,0.95,5761.557263949143
01,2026-08-15,0,2026-08-15,wk inc covid hosp,quantile,0.975,163.03797622419597
02,2026-08-15,0,2026-08-15,wk inc covid hosp,quantile,0.975,120.31113265559145
04,2026-08-15,0,2026-08-15,wk inc covid hosp,quantile,0.975,228.02742688721844
05,2026-08-15,0,2026-08-15,wk inc covid hosp,quantile,0.975,734.2759012430311
06,2026-08-15,0,2026-08-15,wk inc covid hosp,quantile,0.975,760.8902957373256
08,2026-08-15,0,2026-08-15,wk inc covid hosp,quantile,0.975,188.07503124387804
09,2026-08-15,0,2026-08-15,wk inc covid hosp,quantile,0.975,153.7407865064332
10,2026-08-15,0,2026-08-15,wk inc covid hosp,quantile,0.975,46.4833315646491
11,2026-08-15,0,2026-08-15,wk inc covid hosp,quantile,0.975,945.5476436349375
12,2026-08-15,0,2026-08-15,wk inc covid hosp,quantile,0.975,1292.6369873238255
13,2026-08-15,0,2026-08-15,wk inc covid hosp,quantile,0.975,288.80521024538075
15,2026-08-15,0,2026-08-15,wk inc covid hosp,quantile,0.975,80.78181164996442
16,2026-08-15,0,2026-08-15,wk inc covid hosp,quantile,0.975,191.51891205147408
17,2026-08-15,0,2026-08-15,wk inc covid hosp,quantile,0.975,279.62626728104397
18,2026-08-15,0,2026-08-15,wk inc covid hosp,quantile,0.975,217.33469401230775
19,2026-08-15,0,2026-08-15,wk inc covid hosp,quantile,0.975,109.85135240653788
20,2026-08-15,0,2026-08-15,wk inc covid hosp,quantile,0.975,184.23660857076004
21,2026-08-15,0,2026-08-15,wk inc covid hosp,quantile,0.975,206.15283190499198
22,2026-08-15,0,2026-08-15,wk inc covid hosp,quantile,0.975,182.85897431992524
23,2026-08-15,0,2026-08-15,wk inc covid hosp,quantile,0.975,144.3305240749994
24,2026-08-15,0,2026-08-15,wk inc covid hosp,quantile,0.975,207.19438382965606
25,2026-08-15,0,2026-08-15,wk inc covid hosp,quantile,0.975,399.91656921555915
26,2026-08-15,0,2026-08-15,wk inc covid hosp,quantile,0.975,337.31067763992854
27,2026-08-15,0,2026-08-15,wk inc covid hosp,quantile,0.975,131.4248876239786
28,2026-08-15,0,2026-08-15,wk inc covid hosp,quantile,0.975,213.20549492828195
29,2026-08-15,0,2026-08-15,wk inc covid hosp,quantile,0.975,196.6097425673286
30,2026-08-15,0,2026-08-15,wk inc covid hosp,quantile,0.975,89.93498426311366
31,2026-08-15,0,2026-08-15,wk inc covid hosp,quantile,0.975,90.95140114790826
32,2026-08-15,0,2026-08-15,wk inc covid hosp,quantile,0.975,88.82976532158565
33,2026-08-15,0,2026-08-15,wk inc covid hosp,quantile,0.975,263.1174561867694
34,2026-08-15,0,2026-08-15,wk inc covid hosp,quantile,0.975,220.03481352261855
35,2026-08-15,0,2026-08-15,wk inc covid hosp,quantile,0.975,487.65229714344144
36,2026-08-15,0,2026-08-15,wk inc covid hosp,quantile,0.975,798.1195297041533
37,2026-08-15,0,2026-08-15,wk inc covid hosp,quantile,0.975,273.02424332531837
38,2026-08-15,0,2026-08-15,wk inc covid hosp,quantile,0.975,298.06611616922197
39,2026-08-15,0,2026-08-15,wk inc covid hosp,quantile,0.975,307.83743140701824
40,2026-08-15,0,2026-08-15,wk inc covid hosp,quantile,0.975,179.28755976517823
41,2026-08-15,0,2026-08-15,wk inc covid hosp,quantile,0.975,247.16757846122698
42,2026-08-15,0,2026-08-15,wk inc covid hosp,quantile,0.975,377.3580984551173
44,2026-08-15,0,2026-08-15,wk inc covid hosp,quantile,0.975,140.55473312630613
45,2026-08-15,0,2026-08-15,wk inc covid hosp,quantile,0.975,118.23849557045659
46,2026-08-15,0,2026-08-15,wk inc covid hosp,quantile,0.975,190.7733123326167
47,2026-08-15,0,2026-08-15,wk inc covid hosp,quantile,0.975,699.7672704186662
48,2026-08-15,0,2026-08-15,wk inc covid hosp,quantile,0.975,685.3779550685559
49,2026-08-15,0,2026-08-15,wk inc covid hosp,quantile,0.975,56.81030502569199
50,2026-08-15,0,2026-08-15,wk inc covid hosp,quantile,0.975,179.11688194959473
51,2026-08-15,0,2026-08-15,wk inc covid hosp,quantile,0.975,298.25834061937564
53,2026-08-15,0,2026-08-15,wk inc covid hosp,quantile,0.975,120.16382641125422
54,2026-08-15,0,2026-08-15,wk inc covid hosp,quantile,0.975,190.1659083846681
55,2026-08-15,0,2026-08-15,wk inc covid hosp,quantile,0.975,190.72580863652337
56,2026-08-15,0,2026-08-15,wk inc covid hosp,quantile,0.975,88.86448038056773
72,2026-08-15,0,2026-08-15,wk inc covid hosp,quantile,0.975,7762.194021940957
US,2026-08-15,0,2026-08-15,wk inc covid hosp,quantile,0.975,3255.785565790819
01,2026-08-15,1,2026-08-22,wk inc covid hosp,quantile,0.975,214.94636521257914
02,2026-08-15,1,2026-08-22,wk inc covid hosp,quantile,0.975,184.78859881610092
04,2026-08-15,1,2026-08-22,wk inc covid hosp,quantile,0.975,317.3839745021899
05,2026-08-15,1,2026-08-22,wk inc covid hosp,quantile,0.975,1035.24511769421
06,2026-08-15,1,2026-08-22,wk inc covid hosp,quantile,0.975,964.2609512567477
08,2026-08-15,1,2026-08-22,wk inc covid hosp,quantile,0.975,252.12624210225698
09,2026-08-15,1,2026-08-22,wk inc covid hosp,quantile,0.975,227.96621802668793
10,2026-08-15,1,2026-08-22,wk inc covid hosp,quantile,0.975,71.40807698789492
11,2026-08-15,1,2026-08-22,wk inc covid hosp,quantile,0.975,1439.999815307501
12,2026-08-15,1,2026-08-22,wk inc covid hosp,quantile,0.975,1753.3975639019075
13,2026-08-15,1,2026-08-22,wk inc covid hosp,quantile,0.975,394.1410425731312
15,2026-08-15,1,2026-08-22,wk inc covid hosp,quantile,0.975,108.1648992146255
16,2026-08-15,1,2026-08-22,wk inc covid hosp,quantile,0.975,284.20052139360786
17,2026-08-15,1,2026-08-22,wk inc covid hosp,quantile,0.975,397.7944447675865
18,2026-08-15,1,2026-08-22,wk inc covid hosp,quantile,0.975,308.27675196050785
19,2026-08-15,1,2026-08-22,wk inc covid hosp,quantile,0.975,156.5127264943357
20,2026-08-15,1,2026-08-22,wk inc covid hosp,quantile,0.975,261.88922662373744
21,2026-08-15,1,2026-08-22,wk inc covid hosp,quantile,0.975,289.17876746021693
22,2026-08-15,1,2026-08-22,wk inc covid hosp,quantile,0.975,236.58722090231248
23,2026-08-15,1,2026-08-22,wk inc covid hosp,quantile,0.975,210.52673493043883
24,2026-08-15,1,2026-08-22,wk inc covid hosp,quantile,0.975,296.07165244564413
25,2026-08-15,1,2026-08-22,wk inc covid hosp,quantile,0.975,585.2840880950429
26,2026-08-15,1,2026-08-22,wk inc covid hosp,quantile,0.975,499.3437818020029
27,2026-08-15,1,2026-08-22,wk inc covid hosp,quantile,0.975,184.7759004178953
28,2026-08-15,1,2026-08-22,wk inc covid hosp,quantile,0.975,281.88977528022065
29,2026-08-15,1,2026-08-22,wk inc covid hosp,quantile,0.975,279.0138149945068
30,2026-08-15,1,2026-08-22,wk inc covid hosp,quantile,0.975,138.7924619484904
31,2026-08-15,1,2026-08-22,wk inc covid hosp,quantile,0.975,144.630557888409
32,2026-08-15,1,2026-08-22,wk inc covid hosp,quantile,0.975,124.7886439301902
33,2026-08-15,1,2026-08-22,wk inc covid hosp,quantile,0.975,407.57318971006566
34,2026-08-15,1,2026-08-22,wk inc covid hosp,quantile,0.975,314.33755340373204
35,2026-08-15,1,2026-08-22,wk inc covid hosp,quantile,0.975,686.7063785721925
36,2026-08-15,1,2026-08-22,wk inc covid hosp,quantile,0.975,1108.1909260183545
37,2026-08-15,1,2026-08-22,wk inc covid hosp,quantile,0.975,373.9914929986261
38,2026-08-15,1,2026-08-22,wk inc covid hosp,quantile,0.975,431.5784072318617
39,2026-08-15,1,2026-08-22,wk inc covid hosp,quantile,0.975,437.32786276976645
40,2026-08-15,1,2026-08-22,wk inc covid hosp,quantile,0.975,256.0851372651211
41,2026-08-15,1,2026-08-22,wk inc covid hosp,quantile,0.975,342.4457216953229
42,2026-08-15,1,2026-08-22,wk inc covid hosp,quantile,0.975,555.8180570834547
44,2026-08-15,1,2026-08-22,wk inc covid hosp,quantile,0.975,209.59091314690878
45,2026-08-15,1,2026-08-22,wk inc covid hosp,quantile,0.975,166.95957797945488
46,2026-08-15,1,2026-08-22,wk inc covid hosp,quantile,0.975,298.9956902517972
47,2026-08-15,1,2026-08-22,wk inc covid hosp,quantile,0.975,962.1152282130947
48,2026-08-15,1,2026-08-22,wk inc covid hosp,quantile,0.975,894.4216336658069
49,2026-08-15,1,2026-08-22,wk inc covid hosp,quantile,0.975,80.68599618096789
50,2026-08-15,1,2026-08-22,wk inc covid hosp,quantile,0.975,280.66572391115596
51,2026-08-15,1,2026-08-22,wk inc covid hosp,quantile,0.975,429.386668282848
53,2026-08-15,1,2026-08-22,wk inc covid hosp,quantile,0.975,163.17415728575838
54,2026-08-15,1,2026-08-22,wk inc covid hosp,quantile,0.975,281.632028888
55,2026-08-15,1,2026-08-22,wk inc covid hosp,quantile,0.975,272.1451111130893
56,2026-08-15,1,2026-08-22,wk inc covid hosp,quantile,0.975,144.4118179958811
72,2026-08-15,1,2026-08-22,wk inc covid hosp,quantile,0.975,10377.176275465054
US,2026-08-15,1,2026-08-22,wk inc covid hosp,quantile,0.975,4077.1198451402324
01,2026-08-15,2,2026-08-29,wk inc covid hosp,quantile,0.975,265.08356287440006
02,2026-08-15,2,2026-08-29,wk inc covid hosp,quantile,0.975,246.80740067259566
04,2026-08-15,2,2026-08-29,wk inc covid hosp,quantile,0.975,403.8662161850445
05,2026-08-15,2,2026-08-29,wk inc covid hosp,quantile,0.975,1393.534737395984
06,2026-08-15,2,2026-08-29,wk inc covid hosp,quantile,0.975,1161.1254793107594
08,2026-08-15,2,2026-08-29,wk inc covid hosp,quantile,0.975,335.8350044799976
09,2026-08-15,2,2026-08-29,wk inc covid hosp,quantile,0.975,301.59279967629044
10,2026-08-15,2,2026-08-29,wk inc covid hosp,quantile,0.975,94.93513489798985
11,2026-08-15,2,2026-08-29,wk inc covid hosp,quantile,0.975,1909.5583782034143
12,2026-08-15,2,2026-08-29,wk inc covid hosp,quantile,0.975,2182.9045009506003
13,2026-08-15,2,2026-08-29,wk inc covid hosp,quantile,0.975,485.0112984474687
15,2026-08-15,2,2026-08-29,wk inc covid hosp,quantile,0.975,141.654926248237
16,2026-08-15,2,2026-08-29,wk inc covid hosp,quantile,0.975,379.02795666617374
17,2026-08-15,2,2026-08-29,wk inc covid hosp,quantile,0.975,526.7624897221128
18,2026-08-15,2,2026-08-29,wk inc covid hosp,quantile,0.975,410.85572523658277
19,2026-08-15,2,2026-08-29,wk inc covid hosp,quantile,0.975,206.1134730218276
20,2026-08-15,2,2026-08-29,wk inc covid hosp,quantile,0.975,349.17224683211407
21,2026-08-15,2,2026-08-29,wk inc covid hosp,quantile,0.975,389.1994805152839
22,2026-08-15,2,2026-08-29,wk inc covid hosp,quantile,0.975,302.4974708251294
23,2026-08-15,2,2026-08-29,wk inc covid hosp,quantile,0.975,301.4708706505741
24,2026-08-15,2,2026-08-29,wk inc covid hosp,quantile,0.975,393.24677483232364
25,2026-08-15,2,2026-08-29,wk inc covid hosp,quantile,0.975,772.4226808545534
26,2026-08-15,2,2026-08-29,wk inc covid hosp,quantile,0.975,699.4827989062617
27,2026-08-15,2,2026-08-29,wk inc covid hosp,quantile,0.975,244.37842957802255
28,2026-08-15,2,2026-08-29,wk inc covid hosp,quantile,0.975,365.1482157800237
29,2026-08-15,2,2026-08-29,wk inc covid hosp,quantile,0.975,370.040991655335
30,2026-08-15,2,2026-08-29,wk inc covid hosp,quantile,0.975,194.60178527562317
31,2026-08-15,2,2026-08-29,wk inc covid hosp,quantile,0.975,199.4496179918408
32,2026-08-15,2,2026-08-29,wk inc covid hosp,quantile,0.975,151.71026847681378
33,2026-08-15,2,2026-08-29,wk inc covid hosp,quantile,0.975,567.2948827215283
34,2026-08-15,2,2026-08-29,wk inc covid hosp,quantile,0.975,416.05835323615247
35,2026-08-15,2,2026-08-29,wk inc covid hosp,quantile,0.975,911.1802514742228
36,2026-08-15,2,2026-08-29,wk inc covid hosp,quantile,0.975,1390.0073858808646
37,2026-08-15,2,2026-08-29,wk inc covid hosp,quantile,0.975,460.44390098247476
38,2026-08-15,2,2026-08-29,wk inc covid hosp,quantile,0.975,618.8673587903232
39,2026-08-15,2,2026-08-29,wk inc covid hosp,quantile,0.975,592.2891666571986
40,2026-08-15,2,2026-08-29,wk inc covid hosp,quantile,0.975,339.5425453044672
41,2026-08-15,2,2026-08-29,wk inc covid hosp,quantile,0.975,446.1511059552515
42,2026-08-15,2,2026-08-29,wk inc covid hosp,quantile,0.975,735.7800584276737
44,2026-08-15,2,2026-08-29,wk inc covid hosp,quantile,0.975,297.6925993290786
45,2026-08-15,2,2026-08-29,wk inc covid hosp,quantile,0.975,213.74531734313297
46,2026-08-15,2,2026-08-29,wk inc covid hosp,quantile,0.975,434.2270618656961
47,2026-08-15,2,2026-08-29,wk inc covid hosp,quantile,0.975,1223.149984258459
48,2026-08-15,2,2026-08-29,wk inc covid hosp,quantile,0.975,1087.8112331633195
49,2026-08-15,2,2026-08-29,wk inc covid hosp,quantile,0.975,105.98553767019534
50,2026-08-15,2,2026-08-29,wk inc covid hosp,quantile,0.975,396.51791165492983
51,2026-08-15,2,2026-08-29,wk inc covid hosp,quantile,0.975,547.8543518020665
53,2026-08-15,2,2026-08-29,wk inc covid hosp,quantile,0.975,209.21578969602294
54,2026-08-15,2,2026-08-29,wk inc covid hosp,quantile,0.975,390.5739663082557
55,2026-08-15,2,2026-08-29,wk inc covid hosp,quantile,0.975,364.8962499614005
56,2026-08-15,2,2026-08-29,wk inc covid hosp,quantile,0.975,202.46809172257989
72,2026-08-15,2,2026-08-29,wk inc covid hosp,quantile,0.975,13285.855832991605
US,2026-08-15,2,2026-08-29,wk inc covid hosp,quantile,0.975,5124.544791839141
01,2026-08-15,3,2026-09-05,wk inc covid hosp,quantile,0.975,309.236602441719
02,2026-08-15,3,2026-09-05,wk inc covid hosp,quantile,0.975,337.15284775021024
04,2026-08-15,3,2026-09-05,wk inc covid hosp,quantile,0.975,494.62570193353554
05,2026-08-15,3,2026-09-05,wk inc covid hosp,quantile,0.975,1793.027247921788
06,2026-08-15,3,2026-09-05,wk inc covid hosp,quantile,0.975,1327.006437531022
08,2026-08-15,3,2026-09-05,wk inc covid hosp,quantile,0.975,404.9212750087551
09,2026-08-15,3,2026-09-05,wk inc covid hosp,quantile,0.975,383.5208239318712
10,2026-08-15,3,2026-09-05,wk inc covid hosp,quantile,0.975,117.50926934110056
11,2026-08-15,3,2026-09-05,wk inc covid hosp,quantile,0.975,2453.7224116301436
12,2026-08-15,3,2026-09-05,wk inc covid hosp,quantile,0.975,2587.8854157642468
13,2026-08-15,3,2026-09-05,wk inc covid hosp,quantile,0.975,564.3470641730213
15,2026-08-15,3,2026-09-05,wk inc covid hosp,quantile,0.975,171.62652226743472
16,2026-08-15,3,2026-09-05,wk inc covid hosp,quantile,0.975,465.3384160127871
17,2026-08-15,3,2026-09-05,wk inc covid hosp,quantile,0.975,642.1494005918364
18,2026-08-15,3,2026-09-05,wk inc covid hosp,quantile,0.975,506.8306413292895
19,2026-08-15,3,2026-09-05,wk inc covid hosp,quantile,0.975,260.6997216904007
20,2026-08-15,3,2026-09-05,wk inc covid hosp,quantile,0.975,442.4164839620938
21,2026-08-15,3,2026-09-05,wk inc covid hosp,quantile,0.975,475.7326788067208
22,2026-08-15,3,2026-09-05,wk inc covid hosp,quantile,0.975,334.93566655008243
23,2026-08-15,3,2026-09-05,wk inc covid hosp,quantile,0.975,368.4529789026441
24,2026-08-15,3,2026-09-05,wk inc covid hosp,quantile,0.975,488.938325459721
25,2026-08-15,3,2026-09-05,wk inc covid hosp,quantile,0.975,937.3812062376022
26,2026-08-15,3,2026-09-05,wk inc covid hosp,quantile,0.975,861.0635211261769
27,2026-08-15,3,2026-09-05,wk inc covid hosp,quantile,0.975,302.72237323649483
28,2026-08-15,3,2026-09-05,wk inc covid hosp,quantile,0.975,426.3919250992934
29,2026-08-15,3,2026-09-05,wk inc covid hosp,quantile,0.975,447.0350544460184
30,2026-08-15,3,2026-09-05,wk inc covid hosp,quantile,0.975,236.22742748557434
31,2026-08-15,3,2026-09-05,wk inc covid hosp,quantile,0.975,253.23314647644423
32,2026-08-15,3,2026-09-05,wk inc covid hosp,quantile,0.975,182.31718259763616
33,2026-08-15,3,2026-09-05,wk inc covid hosp,quantile,0.975,688.2991116274563
34,2026-08-15,3,2026-09-05,wk inc covid hosp,quantile,0.975,517.3263584434372
35,2026-08-15,3,2026-09-05,wk inc covid hosp,quantile,0.975,1165.979552008074
36,2026-08-15,3,2026-09-05,wk inc covid hosp,quantile,0.975,1642.3330372403873
37,2026-08-15,3,2026-09-05,wk inc covid hosp,quantile,0.975,547.3065567798307
38,2026-08-15,3,2026-09-05,wk inc covid hosp,quantile,0.975,784.0540081927452
39,2026-08-15,3,2026-09-05,wk inc covid hosp,quantile,0.975,724.7598021463981
40,2026-08-15,3,2026-09-05,wk inc covid hosp,quantile,0.975,405.623482504011
41,2026-08-15,3,2026-09-05,wk inc covid hosp,quantile,0.975,537.7842175263693
42,2026-08-15,3,2026-09-05,wk inc covid hosp,quantile,0.975,884.7340289171198
44,2026-08-15,3,2026-09-05,wk inc covid hosp,quantile,0.975,394.663748148412
45,2026-08-15,3,2026-09-05,wk inc covid hosp,quantile,0.975,263.4485622751632
46,2026-08-15,3,2026-09-05,wk inc covid hosp,quantile,0.975,607.7289740590217
47,2026-08-15,3,2026-09-05,wk inc covid hosp,quantile,0.975,1479.9827101349433
48,2026-08-15,3,2026-09-05,wk inc covid hosp,quantile,0.975,1265.5877162691474
49,2026-08-15,3,2026-09-05,wk inc covid hosp,quantile,0.975,132.4968541817179
50,2026-08-15,3,2026-09-05,wk inc covid hosp,quantile,0.975,548.5505923822684
51,2026-08-15,3,2026-09-05,wk inc covid hosp,quantile,0.975,666.1026597704148
53,2026-08-15,3,2026-09-05,wk inc covid hosp,quantile,0.975,245.85355895896797
54,2026-08-15,3,2026-09-05,wk inc covid hosp,quantile,0.975,486.8640484297222
55,2026-08-15,3,2026-09-05,wk inc covid hosp,quantile,0.975,454.34727176514775
56,2026-08-15,3,2026-09-05,wk inc covid hosp,quantile,0.975,266.2036605807231
72,2026-08-15,3,2026-09-05,wk inc covid hosp,quantile,0.975,15824.291813505246
US,2026-08-15,3,2026-09-05,wk inc covid hosp,quantile,0.975,6362.589645923271
01,2026-08-15,0,2026-08-15,wk inc covid hosp,quantile,0.99,173.3858684841696
02,2026-08-15,0,2026-08-15,wk inc covid hosp,quantile,0.99,133.37519884957968
04,2026-08-15,0,2026-08-15,wk inc covid hosp,quantile,0.99,243.09788885852873
05,2026-08-15,0,2026-08-15,wk inc covid hosp,quantile,0.99,811.8680654671006
06,2026-08-15,0,2026-08-15,wk inc covid hosp,quantile,0.99,791.2232395852413
08,2026-08-15,0,2026-08-15,wk inc covid hosp,quantile,0.99,203.12482725725542
09,2026-08-15,0,2026-08-15,wk inc covid hosp,quantile,0.99,168.68480824090955
10,2026-08-15,0,2026-08-15,wk inc covid hosp,quantile,0.99,51.67111771062551
11,2026-08-15,0,2026-08-15,wk inc covid hosp,quantile,0.99,1076.7690395377454
12,2026-08-15,0,2026-08-15,wk inc covid hosp,quantile,0.99,1390.5426750319546
13,2026-08-15,0,2026-08-15,wk inc covid hosp,quantile,0.99,309.2035284532264
15,2026-08-15,0,2026-08-15,wk inc covid hosp,quantile,0.99,86.19562779296331
16,2026-08-15,0,2026-08-15,wk inc covid hosp,quantile,0.99,221.556014962852
17,2026-08-15,0,2026-08-15,wk inc covid hosp,quantile,0.99,293.430496343721
18,2026-08-15,0,2026-08-15,wk inc covid hosp,quantile,0.99,233.60483671725333
19,2026-08-15,0,2026-08-15,wk inc covid hosp,quantile,0.99,119.01646024646296
20,2026-08-15,0,2026-08-15,wk inc covid hosp,quantile,0.99,198.49075713318933
21,2026-08-15,0,2026-08-15,wk inc covid hosp,quantile,0.99,222.94736461482347
22,2026-08-15,0,2026-08-15,wk inc covid hosp,quantile,0.99,195.60232408389155
23,2026-08-15,0,2026-08-15,wk inc covid hosp,quantile,0.99,158.7997600965042
24,2026-08-15,0,2026-08-15,wk inc covid hosp,quantile,0.99,215.03889402062717
25,2026-08-15,0,2026-08-15,wk inc covid hosp,quantile,0.99,434.6906769331468
26,2026-08-15,0,2026-08-15,wk inc covid hosp,quantile,0.99,373.8138456282887
27,2026-08-15,0,2026-08-15,wk inc covid hosp,quantile,0.99,143.0936711199695
28,2026-08-15,0,2026-08-15,wk inc covid hosp,quantile,0.99,228.66781992061632
29,2026-08-15,0,2026-08-15,wk inc covid hosp,quantile,0.99,211.5875135200432
30,2026-08-15,0,2026-08-15,wk inc covid hosp,quantile,0.99,105.40391825092284
31,2026-08-15,0,2026-08-15,wk inc covid hosp,quantile,0.99,101.47157422326158
32,2026-08-15,0,2026-08-15,wk inc covid hosp,quantile,0.99,98.52641289621893
33,2026-08-15,0,2026-08-15,wk inc covid hosp,quantile,0.99,297.98908265447164
34,2026-08-15,0,2026-08-15,wk inc covid hosp,quantile,0.99,237.12532120118215
35,2026-08-15,0,2026-08-15,wk inc covid hosp,quantile,0.99,511.2285200928888
36,2026-08-15,0,2026-08-15,wk inc covid hosp,quantile,0.99,839.3822509831499
37,2026-08-15,0,2026-08-15,wk inc covid hosp,quantile,0.99,290.35578396224304
38,2026-08-15,0,2026-08-15,wk inc covid hosp,quantile,0.99,332.59797418372864
39,2026-08-15,0,2026-08-15,wk inc covid hosp,quantile,0.99,336.1781946453496
40,2026-08-15,0,2026-08-15,wk inc covid hosp,quantile,0.99,187.87752915329057
41,2026-08-15,0,2026-08-15,wk inc covid hosp,quantile,0.99,272.3251124691672
42,2026-08-15,0,2026-08-15,wk inc covid hosp,quantile,0.99,416.61849231339494
44,2026-08-15,0,2026-08-15,wk inc covid hosp,quantile,0.99,150.70372066315556
45,2026-08-15,0,2026-08-15,wk inc covid hosp,quantile,0.99,126.56210182577541
46,2026-08-15,0,2026-08-15,wk inc covid hosp,quantile,0.99,215.00777152716034
47,2026-08-15,0,2026-08-15,wk inc covid hosp,quantile,0.99,748.2403983159867
48,2026-08-15,0,2026-08-15,wk inc covid hosp,quantile,0.99,741.7044453765433
49,2026-08-15,0,2026-08-15,wk inc covid hosp,quantile,0.99,62.93129725004754
50,2026-08-15,0,2026-08-15,wk inc covid hosp,quantile,0.99,211.87557198497004
51,2026-08-15,0,2026-08-15,wk inc covid hosp,quantile,0.99,320.5042689905879
53,2026-08-15,0,2026-08-15,wk inc covid hosp,quantile,0.99,125.48320233611607
54,2026-08-15,0,2026-08-15,wk inc covid hosp,quantile,0.99,206.05663747106314
55,2026-08-15,0,2026-08-15,wk inc covid hosp,quantile,0.99,203.93310604137915
56,2026-08-15,0,2026-08-15,wk inc covid hosp,quantile,0.99,108.63275278836012
72,2026-08-15,0,2026-08-15,wk inc covid hosp,quantile,0.99,8539.557129572791
US,2026-08-15,0,2026-08-15,wk inc covid hosp,quantile,0.99,3453.168246518788
01,2026-08-15,1,2026-08-22,wk inc covid hosp,quantile,0.99,232.65066452833034
02,2026-08-15,1,2026-08-22,wk inc covid hosp,quantile,0.99,214.65875592358938
04,2026-08-15,1,2026-08-22,wk inc covid hosp,quantile,0.99,348.3675258946934
05,2026-08-15,1,2026-08-22,wk inc covid hosp,quantile,0.99,1178.659276846653
06,2026-08-15,1,2026-08-22,wk inc covid hosp,quantile,0.99,1012.7658766782063
08,2026-08-15,1,2026-08-22,wk inc covid hosp,quantile,0.99,277.0600566561216
09,2026-08-15,1,2026-08-22,wk inc covid hosp,quantile,0.99,259.2448125640164
10,2026-08-15,1,2026-08-22,wk inc covid hosp,quantile,0.99,84.06219846198069
11,2026-08-15,1,2026-08-22,wk inc covid hosp,quantile,0.99,1715.1002621479809
12,2026-08-15,1,2026-08-22,wk inc covid hosp,quantile,0.99,1950.131012515355
13,2026-08-15,1,2026-08-22,wk inc covid hosp,quantile,0.99,413.20785630348445
15,2026-08-15,1,2026-08-22,wk inc covid hosp,quantile,0.99,121.3062260351895
16,2026-08-15,1,2026-08-22,wk inc covid hosp,quantile,0.99,321.59038786719276
17,2026-08-15,1,2026-08-22,wk inc covid hosp,quantile,0.99,436.7170234644542
18,2026-08-15,1,2026-08-22,wk inc covid hosp,quantile,0.99,342.7650383620393
19,2026-08-15,1,2026-08-22,wk inc covid hosp,quantile,0.99,174.56027314893672
20,2026-08-15,1,2026-08-22,wk inc covid hosp,quantile,0.99,298.48587891857943
21,2026-08-15,1,2026-08-22,wk inc covid hosp,quantile,0.99,330.01740965107683
22,2026-08-15,1,2026-08-22,wk inc covid hosp,quantile,0.99,264.0041951279327
23,2026-08-15,1,2026-08-22,wk inc covid hosp,quantile,0.99,242.6492273124012
24,2026-08-15,1,2026-08-22,wk inc covid hosp,quantile,0.99,321.54547971013335
25,2026-08-15,1,2026-08-22,wk inc covid hosp,quantile,0.99,629.7830919709813
26,2026-08-15,1,2026-08-22,wk inc covid hosp,quantile,0.99,566.1977052590374
27,2026-08-15,1,2026-08-22,wk inc covid hosp,quantile,0.99,204.40640092179018
28,2026-08-15,1,2026-08-22,wk inc covid hosp,quantile,0.99,311.6408623786331
29,2026-08-15,1,2026-08-22,wk inc covid hosp,quantile,0.99,296.0744435932366
30,2026-08-15,1,2026-08-22,wk inc covid hosp,quantile,0.99,159.36722278109735
31,2026-08-15,1,2026-08-22,wk inc covid hosp,quantile,0.99,158.98728619395564
32,2026-08-15,1,2026-08-22,wk inc covid hosp,quantile,0.99,137.47720892675954
33,2026-08-15,1,2026-08-22,wk inc covid hosp,quantile,0.99,466.2736105006392
34,2026-08-15,1,2026-08-22,wk inc covid hosp,quantile,0.99,342.24078873997564
35,2026-08-15,1,2026-08-22,wk inc covid hosp,quantile,0.99,751.6810013905509
36,2026-08-15,1,2026-08-22,wk inc covid hosp,quantile,0.99,1191.5301176585417
37,2026-08-15,1,2026-08-22,wk inc covid hosp,quantile,0.99,405.7897276776014
38,2026-08-15,1,2026-08-22,wk inc covid hosp,quantile,0.99,502.72498970017557
39,2026-08-15,1,2026-08-22,wk inc covid hosp,quantile,0.99,486.77943152420664
40,2026-08-15,1,2026-08-22,wk inc covid hosp,quantile,0.99,284.55952502073865
41,2026-08-15,1,2026-08-22,wk inc covid hosp,quantile,0.99,381.5520164565461
42,2026-08-15,1,2026-08-22,wk inc covid hosp,quantile,0.99,624.0990759897779
44,2026-08-15,1,2026-08-22,wk inc covid hosp,quantile,0.99,239.27679022156525
45,2026-08-15,1,2026-08-22,wk inc covid hosp,quantile,0.99,186.54285099692834
46,2026-08-15,1,2026-08-22,wk inc covid hosp,quantile,0.99,347.99253356218
47,2026-08-15,1,2026-08-22,wk inc covid hosp,quantile,0.99,1053.7706516892604
48,2026-08-15,1,2026-08-22,wk inc covid hosp,quantile,0.99,979.216026499096
49,2026-08-15,1,2026-08-22,wk inc covid hosp,quantile,0.99,88.71574441571263
50,2026-08-15,1,2026-08-22,wk inc covid hosp,quantile,0.99,343.2370765047461
51,2026-08-15,1,2026-08-22,wk inc covid hosp,quantile,0.99,485.7392314306108
53,2026-08-15,1,2026-08-22,wk inc covid hosp,quantile,0.99,178.92469014612522
54,2026-08-15,1,2026-08-22,wk inc covid hosp,quantile,0.99,311.50501198534494
55,2026-08-15,1,2026-08-22,wk inc covid hosp,quantile,0.99,294.2451680703874
56,2026-08-15,1,2026-08-22,wk inc covid hosp,quantile,0.99,176.37427440228205
72,2026-08-15,1,2026-08-22,wk inc covid hosp,quantile,0.99,11925.273524878785
US,2026-08-15,1,2026-08-22,wk inc covid hosp,quantile,0.99,4381.478094484374
01,2026-08-15,2,2026-08-29,wk inc covid hosp,quantile,0.99,289.1715502751347
02,2026-08-15,2,2026-08-29,wk inc covid hosp,quantile,0.99,313.1620794732011
04,2026-08-15,2,2026-08-29,wk inc covid hosp,quantile,0.99,447.98457834547884
05,2026-08-15,2,2026-08-29,wk inc covid hosp,quantile,0.99,1578.8527611099053
06,2026-08-15,2,2026-08-29,wk inc covid hosp,quantile,0.99,1279.5546887552375
08,2026-08-15,2,2026-08-29,wk inc covid hosp,quantile,0.99,372.6803160437697
09,2026-08-15,2,2026-08-29,wk inc covid hosp,quantile,0.99,338.8063721774565
10,2026-08-15,2,2026-08-29,wk inc covid hosp,quantile,0.99,104.16054559719403
11,2026-08-15,2,2026-08-29,wk inc covid hosp,quantile,0.99,2225.8659308374354
12,2026-08-15,2,2026-08-29,wk inc covid hosp,quantile,0.99,2528.620070888592
13,2026-08-15,2,2026-08-29,wk inc covid hosp,quantile,0.99,516.3607809880542
15,2026-08-15,2,2026-08-29,wk inc covid hosp,quantile,0.99,158.69127422766388
16,2026-08-15,2,2026-08-29,wk inc covid hosp,quantile,0.99,441.834885172935
17,2026-08-15,2,2026-08-29,wk inc covid hosp,quantile,0.99,588.6269923149646
18,2026-08-15,2,2026-08-29,wk inc covid hosp,quantile,0.99,456.46080667350986
19,2026-08-15,2,2026-08-29,wk inc covid hosp,quantile,0.99,236.37038051603272
20,2026-08-15,2,2026-08-29,wk inc covid hosp,quantile,0.99,380.024005960888
21,2026-08-15,2,2026-08-29,wk inc covid hosp,quantile,0.99,448.16693208924727
22,2026-08-15,2,2026-08-29,wk inc covid hosp,quantile,0.99,336.76371628766077
23,2026-08-15,2,2026-08-29,wk inc covid hosp,quantile,0.99,338.31185490387344
24,2026-08-15,2,2026-08-29,wk inc covid hosp,quantile,0.99,434.17764660068474
25,2026-08-15,2,2026-08-29,wk inc covid hosp,quantile,0.99,827.8418063001371
26,2026-08-15,2,2026-08-29,wk inc covid hosp,quantile,0.99,781.5299614090229
27,2026-08-15,2,2026-08-29,wk inc covid hosp,quantile,0.99,271.8582700332035
28,2026-08-15,2,2026-08-29,wk inc covid hosp,quantile,0.99,404.66775417191116
29,2026-08-15,2,2026-08-29,wk inc covid hosp,quantile,0.99,409.88960084718974
30,2026-08-15,2,2026-08-29,wk inc covid hosp,quantile,0.99,226.15377235369792
31,2026-08-15,2,2026-08-29,wk inc covid hosp,quantile,0.99,229.26689618042596
32,2026-08-15,2,2026-08-29,wk inc covid hosp,quantile,0.99,171.75913344164573
33,2026-08-15,2,2026-08-29,wk inc covid hosp,quantile,0.99,647.3322979940118
34,2026-08-15,2,2026-08-29,wk inc covid hosp,quantile,0.99,469.8688735815785
35,2026-08-15,2,2026-08-29,wk inc covid hosp,quantile,0.99,1048.015398017099
36,2026-08-15,2,2026-08-29,wk inc covid hosp,quantile,0.99,1527.687898279234
37,2026-08-15,2,2026-08-29,wk inc covid hosp,quantile,0.99,502.6568260096092
38,2026-08-15,2,2026-08-29,wk inc covid hosp,quantile,0.99,728.6341127405119
39,2026-08-15,2,2026-08-29,wk inc covid hosp,quantile,0.99,653.2246148292837
40,2026-08-15,2,2026-08-29,wk inc covid hosp,quantile,0.99,382.83056075732276
41,2026-08-15,2,2026-08-29,wk inc covid hosp,quantile,0.99,497.9897574222732
42,2026-08-15,2,2026-08-29,wk inc covid hosp,quantile,0.99,805.5398862234013
44,2026-08-15,2,2026-08-29,wk inc covid hosp,quantile,0.99,335.14308209640427
45,2026-08-15,2,2026-08-29,wk inc covid hosp,quantile,0.99,246.0364741248609
46,2026-08-15,2,2026-08-29,wk inc covid hosp,quantile,0.99,517.8017683264941
47,2026-08-15,2,2026-08-29,wk inc covid hosp,quantile,0.99,1366.4230789141948
48,2026-08-15,2,2026-08-29,wk inc covid hosp,quantile,0.99,1200.7935519239309
49,2026-08-15,2,2026-08-29,wk inc covid hosp,quantile,0.99,118.08518619517633
50,2026-08-15,2,2026-08-29,wk inc covid hosp,quantile,0.99,518.0891152741285
51,2026-08-15,2,2026-08-29,wk inc covid hosp,quantile,0.99,610.9048375457335
53,2026-08-15,2,2026-08-29,wk inc covid hosp,quantile,0.99,232.42941455526548
54,2026-08-15,2,2026-08-29,wk inc covid hosp,quantile,0.99,433.6955684124898
55,2026-08-15,2,2026-08-29,wk inc covid hosp,quantile,0.99,405.9288414939712
56,2026-08-15,2,2026-08-29,wk inc covid hosp,quantile,0.99,268.5757797276301
72,2026-08-15,2,2026-08-29,wk inc covid hosp,quantile,0.99,14968.32114042587
US,2026-08-15,2,2026-08-29,wk inc covid hosp,quantile,0.99,5679.255139098815
01,2026-08-15,3,2026-09-05,wk inc covid hosp,quantile,0.99,346.2412072875376
02,2026-08-15,3,2026-09-05,wk inc covid hosp,quantile,0.99,406.24539080354674
04,2026-08-15,3,2026-09-05,wk inc covid hosp,quantile,0.99,554.8946049769124
05,2026-08-15,3,2026-09-05,wk inc covid hosp,quantile,0.99,2015.0872869208542
06,2026-08-15,3,2026-09-05,wk inc covid hosp,quantile,0.99,1476.2048683095697
08,2026-08-15,3,2026-09-05,wk inc covid hosp,quantile,0.99,456.50690401349664
09,2026-08-15,3,2026-09-05,wk inc covid hosp,quantile,0.99,436.2156457709507
10,2026-08-15,3,2026-09-05,wk inc covid hosp,quantile,0.99,139.39782597102058
11,2026-08-15,3,2026-09-05,wk inc covid hosp,quantile,0.99,2943.513647643728
12,2026-08-15,3,2026-09-05,wk inc covid hosp,quantile,0.99,2900.921937216275
13,2026-08-15,3,2026-09-05,wk inc covid hosp,quantile,0.99,617.4694483834048
15,2026-08-15,3,2026-09-05,wk inc covid hosp,quantile,0.99,209.8865662349351
16,2026-08-15,3,2026-09-05,wk inc covid hosp,quantile,0.99,556.0246111981653
17,2026-08-15,3,2026-09-05,wk inc covid hosp,quantile,0.99,718.9105037010305
18,2026-08-15,3,2026-09-05,wk inc covid hosp,quantile,0.99,579.6728510897598
19,2026-08-15,3,2026-09-05,wk inc covid hosp,quantile,0.99,299.39743515229566
20,2026-08-15,3,2026-09-05,wk inc covid hosp,quantile,0.99,523.829526543911
21,2026-08-15,3,2026-09-05,wk inc covid hosp,quantile,0.99,538.9040884380576
22,2026-08-15,3,2026-09-05,wk inc covid hosp,quantile,0.99,385.866527600914
23,2026-08-15,3,2026-09-05,wk inc covid hosp,quantile,0.99,436.50221850648603
24,2026-08-15,3,2026-09-05,wk inc covid hosp,quantile,0.99,553.7961731116558
25,2026-08-15,3,2026-09-05,wk inc covid hosp,quantile,0.99,1077.4487137140466
26,2026-08-15,3,2026-09-05,wk inc covid hosp,quantile,0.99,997.6796928631013
27,2026-08-15,3,2026-09-05,wk inc covid hosp,quantile,0.99,343.9104143266638
28,2026-08-15,3,2026-09-05,wk inc covid hosp,quantile,0.99,472.22354634494656
29,2026-08-15,3,2026-09-05,wk inc covid hosp,quantile,0.99,494.4528186078865
30,2026-08-15,3,2026-09-05,wk inc covid hosp,quantile,0.99,287.0853356159833
31,2026-08-15,3,2026-09-05,wk inc covid hosp,quantile,0.99,295.7992196490303
32,2026-08-15,3,2026-09-05,wk inc covid hosp,quantile,0.99,208.5266043318718
33,2026-08-15,3,2026-09-05,wk inc covid hosp,quantile,0.99,825.4132580622517
34,2026-08-15,3,2026-09-05,wk inc covid hosp,quantile,0.99,578.6998750207013
35,2026-08-15,3,2026-09-05,wk inc covid hosp,quantile,0.99,1365.8510560708685
36,2026-08-15,3,2026-09-05,wk inc covid hosp,quantile,0.99,1808.7912677603445
37,2026-08-15,3,2026-09-05,wk inc covid hosp,quantile,0.99,604.4763809513942
38,2026-08-15,3,2026-09-05,wk inc covid hosp,quantile,0.99,922.0283208958967
39,2026-08-15,3,2026-09-05,wk inc covid hosp,quantile,0.99,804.7058742169016
40,2026-08-15,3,2026-09-05,wk inc covid hosp,quantile,0.99,468.4384110147259
41,2026-08-15,3,2026-09-05,wk inc covid hosp,quantile,0.99,625.1626823725608
42,2026-08-15,3,2026-09-05,wk inc covid hosp,quantile,0.99,1062.5761424038153
44,2026-08-15,3,2026-09-05,wk inc covid hosp,quantile,0.99,454.6861469293621
45,2026-08-15,3,2026-09-05,wk inc covid hosp,quantile,0.99,284.49750454372617
46,2026-08-15,3,2026-09-05,wk inc covid hosp,quantile,0.99,761.3379900987034
47,2026-08-15,3,2026-09-05,wk inc covid hosp,quantile,0.99,1708.5256152292927
48,2026-08-15,3,2026-09-05,wk inc covid hosp,quantile,0.99,1428.5523924882498
49,2026-08-15,3,2026-09-05,wk inc covid hosp,quantile,0.99,151.08563420989557
50,2026-08-15,3,2026-09-05,wk inc covid hosp,quantile,0.99,727.2125123796015
51,2026-08-15,3,2026-09-05,wk inc covid hosp,quantile,0.99,755.9030220860369
53,2026-08-15,3,2026-09-05,wk inc covid hosp,quantile,0.99,273.6827607261403
54,2026-08-15,3,2026-09-05,wk inc covid hosp,quantile,0.99,560.6268777518018
55,2026-08-15,3,2026-09-05,wk inc covid hosp,quantile,0.99,497.0509853367371
56,2026-08-15,3,2026-09-05,wk inc covid hosp,quantile,0.99,335.0275466574842
72,2026-08-15,3,2026-09-05,wk inc covid hosp,quantile,0.99,18663.162368655852
US,2026-08-15,3,2026-09-05,wk inc covid hosp,quantile,0.99,6968.351554854929
