location,reference_date,horizon,target_end_date,target,output_type,output_type_id,value
01,2026-08-22,0,2026-08-22,wk inc covid hosp,quantile,0.01,88.83326787299015
02,2026-08-22,0,2026-08-22,wk inc covid hosp,quantile,0.01,22.111582055390944
04,2026-08-22,0,2026-08-22,wk inc covid hosp,quantile,0.01,137.60245525980318
05,2026-08-22,0,2026-08-22,wk inc covid hosp,quantile,0.01,518.0735179385638
06,2026-08-22,0,2026-08-22,wk inc covid hosp,quantile,0.01,457.12676429727765
08,2026-08-22,0,2026-08-22,wk inc covid hosp,quantile,0.01,131.13159444488167
09,2026-08-22,0,2026-08-22,wk inc covid hosp,quantile,0.01,74.97872076873631
10,2026-08-22,0,2026-08-22,wk inc covid hosp,quantile,0.01,23.947864444107054
11,2026-08-22,0,2026-08-22,wk inc covid hosp,quantile,0.01,486.18672001957947
12,2026-08-22,0,2026-08-22,wk inc covid hosp,quantile,0.01,651.1915802404837
13,2026-08-22,0,2026-08-22,wk inc covid hosp,quantile,0.01,182.584959846178
15,2026-08-22,0,2026-08-22,wk inc covid hosp,quantile,0.01,41.76080210982002
16,2026-08-22,0,2026-08-22,wk inc covid hosp,quantile,0.01,115.80948560285285
17,2026-08-22,0,2026-08-22,wk inc covid hosp,quantile,0.01,191.5003406765815
18,2026-08-22,0,2026-08-22,wk inc covid hosp,quantile,0.01,145.93704895169665
19,2026-08-22,0,2026-08-22,wk inc covid hosp,quantile,0.01,60.464248819933374
20,2026-08-22,0,2026-08-22,wk inc covid hosp,quantile,0.01,120.17172357337296
21,2026-08-22,0,2026-08-22,wk inc covid hosp,quantile,0.01,131.0256119284907
22,2026-08-22,0,2026-08-22,wk inc covid hosp,quantile,0.01,101.69963831090391
23,2026-08-22,0,2026-08-22,wk inc covid hosp,quantile,0.01,81.21448954492467
24,2026-08-22,0,2026-08-22,wk inc covid hosp,quantile,0.01,163.8068176748557
25,2026-08-22,0,2026-08-22,wk inc covid hosp,quantile,0.01,337.19268454094225
26,2026-08-22,0,2026-08-22,wk inc covid hosp,quantile,0.01,207.07351998579918
27,2026-08-22,0,2026-08-22,wk inc covid hosp,quantile,0.01,74.64342905820656
28,2026-08-22,0,2026-08-22,wk inc covid hosp,quantile,0.01,117.52654172140984
29,2026-08-22,0,2026-08-22,wk inc covid hosp,quantile,0.01,129.14245340867407
30,2026-08-22,0,2026-08-22,wk inc covid hosp,quantile,0.01,32.06324539071086
31,2026-08-22,0,2026-08-22,wk inc covid hosp,quantile,0.01,57.39409731890898
32,2026-08-22,0,2026-08-22,wk inc covid hosp,quantile,0.01,50.80634242395834
33,2026-08-22,0,2026-08-22,wk inc covid hosp,quantile,0.01,160.83248427145253
34,2026-08-22,0,2026-08-22,wk inc covid hosp,quantile,0.01,103.6802271395277
35,2026-08-22,0,2026-08-22,wk inc covid hosp,quantile,0.01,336.1713361259229
36,2026-08-22,0,2026-08-22,wk inc covid hosp,quantile,0.01,658.0373838180021
37,2026-08-22,0,2026-08-22,wk inc covid hosp,quantile,0.01,150.6447899449353
38,2026-08-22,0,2026-08-22,wk inc covid hosp,quantile,0.01,151.72462688842884
39,2026-08-22,0,2026-08-22,wk inc covid hosp,quantile,0.01,188.3060088287974
40,2026-08-22,0,2026-08-22,wk inc covid hosp,quantile,0.01,126.20031522326799
41,2026-08-22,0,2026-08-22,wk inc covid hosp,quantile,0.01,203.73726326813608
42,2026-08-22,0,2026-08-22,wk inc covid hosp,quantile,0.01,178.80977303796473
44,2026-08-22,0,2026-08-22,wk inc covid hosp,quantile,0.01,63.47023719060631
45,2026-08-22,0,2026-08-22,wk inc covid hosp,quantile,0.01,59.988687551542434
46,2026-08-22,0,2026-08-22,wk inc covid hosp,quantile,0.01,73.87704103912124
47,2026-08-22,0,2026-08-22,wk inc covid hosp,quantile,0.01,525.6142008306084
48,2026-08-22,0,2026-08-22,wk inc covid hosp,quantile,0.01,293.1824287918432
49,2026-08-22,0,2026-08-22,wk inc covid hosp,quantile,0.01,25.94038253815678
50,2026-08-22,0,2026-08-22,wk inc covid hosp,quantile,0.01,51.47973151640155
51,2026-08-22,0,2026-08-22,wk inc covid hosp,quantile,0.01,236.8252516304054
53,2026-08-22,0,2026-08-22,wk inc covid hosp,quantile,0.01,71.52346792942431
54,2026-08-22,0,2026-08-22,wk inc covid hosp,quantile,0.01,134.12020154722623
55,2026-08-22,0,2026-08-22,wk inc covid hosp,quantile,0.01,101.54110942209489
56,2026-08-22,0,2026-08-22,wk inc covid hosp,quantile,0.01,14.247219947327384
72,2026-08-22,0,2026-08-22,wk inc covid hosp,quantile,0.01,3365.076034493502
US,2026-08-22,0,2026-08-22,wk inc covid hosp,quantile,0.01,1153.8416706229038
01,2026-08-22,1,2026-08-29,wk inc covid hosp,quantile,0.01,87.3120680354984
02,2026-08-22,1,2026-08-29,wk inc covid hosp,quantile,0.01,13.55827709285307
04,2026-08-22,1,2026-08-29,wk inc covid hosp,quantile,0.01,142.63114195116023
05,2026-08-22,1,2026-08-29,wk inc covid hosp,quantile,0.01,470.96733244280455
06,2026-08-22,1,2026-08-29,wk inc covid hosp,quantile,0.01,467.29070030096335
08,2026-08-22,1,2026-08-29,wk inc covid hosp,quantile,0.01,136.09955196624233
09,2026-08-22,1,2026-08-29,wk inc covid hosp,quantile,0.01,72.69661088611458
10,2026-08-22,1,2026-08-29,wk inc covid hosp,quantile,0.01,21.69760501887107
11,2026-08-22,1,2026-08-29,wk inc covid hosp,quantile,0.01,419.89956979518945
12,2026-08-22,1,2026-08-29,wk inc covid hosp,quantile,0.01,587.129907040276
13,2026-08-22,1,2026-08-29,wk inc covid hosp,quantile,0.01,182.19520308929987
15,2026-08-22,1,2026-08-29,wk inc covid hosp,quantile,0.01,40.61743797469966
16,2026-08-22,1,2026-08-29,wk inc covid hosp,quantile,0.01,103.84467325923687
17,2026-08-22,1,2026-08-29,wk inc covid hosp,quantile,0.01,194.09029066273638
18,2026-08-22,1,2026-08-29,wk inc covid hosp,quantile,0.01,144.23115653888973
19,2026-08-22,1,2026-08-29,wk inc covid hosp,quantile,0.01,62.14009818255578
20,2026-08-22,1,2026-08-29,wk inc covid hosp,quantile,0.01,115.49633966366508
21,2026-08-22,1,2026-08-29,wk inc covid hosp,quantile,0.01,134.78662124566512
22,2026-08-22,1,2026-08-29,wk inc covid hosp,quantile,0.01,98.17343961198475
23,2026-08-22,1,2026-08-29,wk inc covid hosp,quantile,0.01,66.43773682173453
24,2026-08-22,1,2026-08-29,wk inc covid hosp,quantile,0.01,159.3451683944312
25,2026-08-22,1,2026-08-29,wk inc covid hosp,quantile,0.01,363.954616021927
26,2026-08-22,1,2026-08-29,wk inc covid hosp,quantile,0.01,208.12653932152276
27,2026-08-22,1,2026-08-29,wk inc covid hosp,quantile,0.01,78.15394403364166
28,2026-08-22,1,2026-08-29,wk inc covid hosp,quantile,0.01,105.85111063810405
29,2026-08-22,1,2026-08-29,wk inc covid hosp,quantile,0.01,134.6225628270681
30,2026-08-22,1,2026-08-29,wk inc covid hosp,quantile,0.01,28.43885628413541
31,2026-08-22,1,2026-08-29,wk inc covid hosp,quantile,0.01,54.212879413229764
32,2026-08-22,1,2026-08-29,wk inc covid hosp,quantile,0.01,49.75304389852908
33,2026-08-22,1,2026-08-29,wk inc covid hosp,quantile,0.01,144.59267812578193
34,2026-08-22,1,2026-08-29,wk inc covid hosp,quantile,0.01,100.53591533562806
35,2026-08-22,1,2026-08-29,wk inc covid hosp,quantile,0.01,333.9170817743481
36,2026-08-22,1,2026-08-29,wk inc covid hosp,quantile,0.01,712.4505292477393
37,2026-08-22,1,2026-08-29,wk inc covid hosp,quantile,0.01,150.9499420578655
38,2026-08-22,1,2026-08-29,wk inc covid hosp,quantile,0.01,124.64710931819425
39,2026-08-22,1,2026-08-29,wk inc covid hosp,quantile,0.01,188.17598347193584
40,2026-08-22,1,2026-08-29,wk inc covid hosp,quantile,0.01,120.69193207579224
41,2026-08-22,1,2026-08-29,wk inc covid hosp,quantile,0.01,196.50594789648824
42,2026-08-22,1,2026-08-29,wk inc covid hosp,quantile,0.01,175.64845066361863
44,2026-08-22,1,2026-08-29,wk inc covid hosp,quantile,0.01,52.69954077062819
45,2026-08-22,1,2026-08-29,wk inc covid hosp,quantile,0.01,57.05352423217472
46,2026-08-22,1,2026-08-29,wk inc covid hosp,quantile,0.01,62.64579156574158
47,2026-08-22,1,2026-08-29,wk inc covid hosp,quantile,0.01,497.2227699788393
48,2026-08-22,1,2026-08-29,wk inc covid hosp,quantile,0.01,255.95286824672843
49,2026-08-22,1,2026-08-29,wk inc covid hosp,quantile,0.01,23.213567974766985
50,2026-08-22,1,2026-08-29,wk inc covid hosp,quantile,0.01,33.695088706818424
51,2026-08-22,1,2026-08-29,wk inc covid hosp,quantile,0.01,246.19402057609562
53,2026-08-22,1,2026-08-29,wk inc covid hosp,quantile,0.01,72.68864708424154
54,2026-08-22,1,2026-08-29,wk inc covid hosp,quantile,0.01,138.8577944673115
55,2026-08-22,1,2026-08-29,wk inc covid hosp,quantile,0.01,105.76676022081908
56,2026-08-22,1,2026-08-29,wk inc covid hosp,quantile,0.01,6.53870640777481
72,2026-08-22,1,2026-08-29,wk inc covid hosp,quantile,0.01,2580.570218884233
US,2026-08-22,1,2026-08-29,wk inc covid hosp,quantile,0.01,1036.8973466832633
01,2026-08-22,2,2026-09-05,wk inc covid hosp,quantile,0.01,83.26274740241132
02,2026-08-22,2,2026-09-05,wk inc covid hosp,quantile,0.01,4.5556593717729745
04,2026-08-22,2,2026-09-05,wk inc covid hosp,quantile,0.01,129.8673915224361
05,2026-08-22,2,2026-09-05,wk inc covid hosp,quantile,0.01,442.9635686107608
06,2026-08-22,2,2026-09-05,wk inc covid hosp,quantile,0.01,460.9152461060751
08,2026-08-22,2,2026-09-05,wk inc covid hosp,quantile,0.01,136.57916617343173
09,2026-08-22,2,2026-09-05,wk inc covid hosp,quantile,0.01,67.20240347919314
10,2026-08-22,2,2026-09-05,wk inc covid hosp,quantile,0.01,21.34628063753625
11,2026-08-22,2,2026-09-05,wk inc covid hosp,quantile,0.01,368.0583103252429
12,2026-08-22,2,2026-09-05,wk inc covid hosp,quantile,0.01,461.03105142038225
13,2026-08-22,2,2026-09-05,wk inc covid hosp,quantile,0.01,177.5983530636771
15,2026-08-22,2,2026-09-05,wk inc covid hosp,quantile,0.01,30.703808797785413
16,2026-08-22,2,2026-09-05,wk inc covid hosp,quantile,0.01,92.4214856207739
17,2026-08-22,2,2026-09-05,wk inc covid hosp,quantile,0.01,190.93626589755743
18,2026-08-22,2,2026-09-05,wk inc covid hosp,quantile,0.01,141.68238538068547
19,2026-08-22,2,2026-09-05,wk inc covid hosp,quantile,0.01,56.2418919903096
20,2026-08-22,2,2026-09-05,wk inc covid hosp,quantile,0.01,111.46704321077927
21,2026-08-22,2,2026-09-05,wk inc covid hosp,quantile,0.01,124.7316191442656
22,2026-08-22,2,2026-09-05,wk inc covid hosp,quantile,0.01,88.59657382001927
23,2026-08-22,2,2026-09-05,wk inc covid hosp,quantile,0.01,61.86581585292467
24,2026-08-22,2,2026-09-05,wk inc covid hosp,quantile,0.01,155.4056571125599
25,2026-08-22,2,2026-09-05,wk inc covid hosp,quantile,0.01,362.82676331688793
26,2026-08-22,2,2026-09-05,wk inc covid hosp,quantile,0.01,183.47793289352137
27,2026-08-22,2,2026-09-05,wk inc covid hosp,quantile,0.01,76.27333582842958
28,2026-08-22,2,2026-09-05,wk inc covid hosp,quantile,0.01,91.20965728405717
29,2026-08-22,2,2026-09-05,wk inc covid hosp,quantile,0.01,143.395246946068
30,2026-08-22,2,2026-09-05,wk inc covid hosp,quantile,0.01,22.682019135657573
31,2026-08-22,2,2026-09-05,wk inc covid hosp,quantile,0.01,49.046828958990744
32,2026-08-22,2,2026-09-05,wk inc covid hosp,quantile,0.01,44.702279153163225
33,2026-08-22,2,2026-09-05,wk inc covid hosp,quantile,0.01,133.22715673115462
34,2026-08-22,2,2026-09-05,wk inc covid hosp,quantile,0.01,83.84455459238112
35,2026-08-22,2,2026-09-05,wk inc covid hosp,quantile,0.01,287.67480355843855
36,2026-08-22,2,2026-09-05,wk inc covid hosp,quantile,0.01,709.8079037493058
37,2026-08-22,2,2026-09-05,wk inc covid hosp,quantile,0.01,143.78535341039927
38,2026-08-22,2,2026-09-05,wk inc covid hosp,quantile,0.01,93.60891061310319
39,2026-08-22,2,2026-09-05,wk inc covid hosp,quantile,0.01,191.74924589214706
40,2026-08-22,2,2026-09-05,wk inc covid hosp,quantile,0.01,117.7494263404779
41,2026-08-22,2,2026-09-05,wk inc covid hosp,quantile,0.01,185.64081238689084
42,2026-08-22,2,2026-09-05,wk inc covid hosp,quantile,0.01,173.6299756641737
44,2026-08-22,2,2026-09-05,wk inc covid hosp,quantile,0.01,42.48589061348625
45,2026-08-22,2,2026-09-05,wk inc covid hosp,quantile,0.01,55.61337955879518
46,2026-08-22,2,2026-09-05,wk inc covid hosp,quantile,0.01,45.295098527373256
47,2026-08-22,2,2026-09-05,wk inc covid hosp,quantile,0.01,447.27210658048017
48,2026-08-22,2,2026-09-05,wk inc covid hosp,quantile,0.01,217.9755433378089
49,2026-08-22,2,2026-09-05,wk inc covid hosp,quantile,0.01,20.323730240122586
50,2026-08-22,2,2026-09-05,wk inc covid hosp,quantile,0.01,20.502861220391512
51,2026-08-22,2,2026-09-05,wk inc covid hosp,quantile,0.01,247.04797326162026
53,2026-08-22,2,2026-09-05,wk inc covid hosp,quantile,0.01,70.5210359853234
54,2026-08-22,2,2026-09-05,wk inc covid hosp,quantile,0.01,123.67512149674745
55,2026-08-22,2,2026-09-05,wk inc covid hosp,quantile,0.01,107.62436989447247
56,2026-08-22,2,2026-09-05,wk inc covid hosp,quantile,0.01,2.8222491965693424
72,2026-08-22,2,2026-09-05,wk inc covid hosp,quantile,0.01,1674.8389941708651
US,2026-08-22,2,2026-09-05,wk inc covid hosp,quantile,0.01,1008.010134939263
01,2026-08-22,3,2026-09-12,wk inc covid hosp,quantile,0.01,76.26003305977396
02,2026-08-22,3,2026-09-12,wk inc covid hosp,quantile,0.01,0.0
04,2026-08-22,3,2026-09-12,wk inc covid hosp,quantile,0.01,125.10405755605068
05,2026-08-22,3,2026-09-12,wk inc covid hosp,quantile,0.01,410.19410710924393
06,2026-08-22,3,2026-09-12,wk inc covid hosp,quantile,0.01,436.90473341355136
08,2026-08-22,3,2026-09-12,wk inc covid hosp,quantile,0.01,126.50714802499822
09,2026-08-22,3,2026-09-12,wk inc covid hosp,quantile,0.01,59.85440976818941
10,2026-08-22,3,2026-09-12,wk inc covid hosp,quantile,0.01,19.633241638059932
11,2026-08-22,3,2026-09-12,wk inc covid hosp,quantile,0.01,284.4511667751293
12,2026-08-22,3,2026-09-12,wk inc covid hosp,quantile,0.01,446.0007222837914
13,2026-08-22,3,2026-09-12,wk inc covid hosp,quantile,0.01,163.71000979496276
15,2026-08-22,3,2026-09-12,wk inc covid hosp,quantile,0.01,25.900291579185197
16,2026-08-22,3,2026-09-12,wk inc covid hosp,quantile,0.01,87.35737751101883
17,2026-08-22,3,2026-09-12,wk inc covid hosp,quantile,0.01,183.55232252611876
18,2026-08-22,3,2026-09-12,wk inc covid hosp,quantile,0.01,140.27454289901226
19,2026-08-22,3,2026-09-12,wk inc covid hosp,quantile,0.01,47.76288834296818
20,2026-08-22,3,2026-09-12,wk inc covid hosp,quantile,0.01,102.66035873404236
21,2026-08-22,3,2026-09-12,wk inc covid hosp,quantile,0.01,129.19031189323422
22,2026-08-22,3,2026-09-12,wk inc covid hosp,quantile,0.01,81.37979354305497
23,2026-08-22,3,2026-09-12,wk inc covid hosp,quantile,0.01,47.238396187530476
24,2026-08-22,3,2026-09-12,wk inc covid hosp,quantile,0.01,145.6246958590782
25,2026-08-22,3,2026-09-12,wk inc covid hosp,quantile,0.01,362.2989160489046
26,2026-08-22,3,2026-09-12,wk inc covid hosp,quantile,0.01,177.60063451694532
27,2026-08-22,3,2026-09-12,wk inc covid hosp,quantile,0.01,72.09194456404158
28,2026-08-22,3,2026-09-12,wk inc covid hosp,quantile,0.01,74.4735645593746
29,2026-08-22,3,2026-09-12,wk inc covid hosp,quantile,0.01,136.21618681262316
30,2026-08-22,3,2026-09-12,wk inc covid hosp,quantile,0.01,15.698516371448436
31,2026-08-22,3,2026-09-12,wk inc covid hosp,quantile,0.01,43.25548739909921
32,2026-08-22,3,2026-09-12,wk inc covid hosp,quantile,0.01,43.340032894451305
33,2026-08-22,3,2026-09-12,wk inc covid hosp,quantile,0.01,113.15067414778095
34,2026-08-22,3,2026-09-12,wk inc covid hosp,quantile,0.01,81.18250815121034
35,2026-08-22,3,2026-09-12,wk inc covid hosp,quantile,0.01,272.87807146470027
36,2026-08-22,3,2026-09-12,wk inc covid hosp,quantile,0.01,718.4299386596905
37,2026-08-22,3,2026-09-12,wk inc covid hosp,quantile,0.01,134.69143326488194
38,2026-08-22,3,2026-09-12,wk inc covid hosp,quantile,0.01,82.07572094296577
39,2026-08-22,3,2026-09-12,wk inc covid hosp,quantile,0.01,192.27870870426327
40,2026-08-22,3,2026-09-12,wk inc covid hosp,quantile,0.01,112.23751931538285
41,2026-08-22,3,2026-09-12,wk inc covid hosp,quantile,0.01,183.4164197736562
42,2026-08-22,3,2026-09-12,wk inc covid hosp,quantile,0.01,159.79328707993983
44,2026-08-22,3,2026-09-12,wk inc covid hosp,quantile,0.01,31.392246758296555
45,2026-08-22,3,2026-09-12,wk inc covid hosp,quantile,0.01,52.22969770204917
46,2026-08-22,3,2026-09-12,wk inc covid hosp,quantile,0.01,35.569933452996665
47,2026-08-22,3,2026-09-12,wk inc covid hosp,quantile,0.01,421.7427754392583
48,2026-08-22,3,2026-09-12,wk inc covid hosp,quantile,0.01,198.60402061317384
49,2026-08-22,3,2026-09-12,wk inc covid hosp,quantile,0.01,17.80063601355127
50,2026-08-22,3,2026-09-12,wk inc covid hosp,quantile,0.01,8.042541759924882
51,2026-08-22,3,2026-09-12,wk inc covid hosp,quantile,0.01,233.37409128921357
53,2026-08-22,3,2026-09-12,wk inc covid hosp,quantile,0.01,66.80374445443708
54,2026-08-22,3,2026-09-12,wk inc covid hosp,quantile,0.01,113.72518313608508
55,2026-08-22,3,2026-09-12,wk inc covid hosp,quantile,0.01,103.94382705254854
56,2026-08-22,3,2026-09-12,wk inc covid hosp,quantile,0.01,0.0
72,2026-08-22,3,2026-09-12,wk inc covid hosp,quantile,0.01,1125.7008437694212
US,2026-08-22,3,2026-09-12,wk inc covid hosp,quantile,0.01,990.0874161468186
01,2026-08-22,0,2026-08-22,wk inc covid hosp,quantile,0.025,94.65855644618243
02,2026-08-22,0,2026-08-22,wk inc covid hosp,quantile,0.025,30.755367314170673
04,2026-08-22,0,2026-08-22,wk inc covid hosp,quantile,0.025,148.25615173388422
05,2026-08-22,0,2026-08-22,wk inc covid hosp,quantile,0.025,571.5421800158535
06,2026-08-22,0,2026-08-22,wk inc covid hosp,quantile,0.025,480.1497414045518
08,2026-08-22,0,2026-08-22,wk inc covid hosp,quantile,0.025,143.13043506891097
09,2026-08-22,0,2026-08-22,wk inc covid hosp,quantile,0.025,83.6005874427549
10,2026-08-22,0,2026-08-22,wk inc covid hosp,quantile,0.025,27.457082792302923
11,2026-08-22,0,2026-08-22,wk inc covid hosp,quantile,0.025,584.4935341655855
12,2026-08-22,0,2026-08-22,wk inc covid hosp,quantile,0.025,701.8134551392296
13,2026-08-22,0,2026-08-22,wk inc covid hosp,quantile,0.025,190.2977616335257
15,2026-08-22,0,2026-08-22,wk inc covid hosp,quantile,0.025,46.327836980968456
16,2026-08-22,0,2026-08-22,wk inc covid hosp,quantile,0.025,133.72815041610946
17,2026-08-22,0,2026-08-22,wk inc covid hosp,quantile,0.025,202.1746776300987
18,2026-08-22,0,2026-08-22,wk inc covid hosp,quantile,0.025,153.50592895968117
19,2026-08-22,0,2026-08-22,wk inc covid hosp,quantile,0.025,67.7240615864829
20,2026-08-22,0,2026-08-22,wk inc covid hosp,quantile,0.025,132.37315826295895
21,2026-08-22,0,2026-08-22,wk inc covid hosp,quantile,0.025,149.7396018042465
22,2026-08-22,0,2026-08-22,wk inc covid hosp,quantile,0.025,111.1042903783359
23,2026-08-22,0,2026-08-22,wk inc covid hosp,quantile,0.025,89.83199864096866
24,2026-08-22,0,2026-08-22,wk inc covid hosp,quantile,0.025,175.67423634732359
25,2026-08-22,0,2026-08-22,wk inc covid hosp,quantile,0.025,357.0560510504785
26,2026-08-22,0,2026-08-22,wk inc covid hosp,quantile,0.025,228.179788041076
27,2026-08-22,0,2026-08-22,wk inc covid hosp,quantile,0.025,81.54644097046145
28,2026-08-22,0,2026-08-22,wk inc covid hosp,quantile,0.025,134.39380469903443
29,2026-08-22,0,2026-08-22,wk inc covid hosp,quantile,0.025,139.23313539466665
30,2026-08-22,0,2026-08-22,wk inc covid hosp,quantile,0.025,38.89520652580189
31,2026-08-22,0,2026-08-22,wk inc covid hosp,quantile,0.025,65.30938399697636
32,2026-08-22,0,2026-08-22,wk inc covid hosp,quantile,0.025,56.27412153295054
33,2026-08-22,0,2026-08-22,wk inc covid hosp,quantile,0.025,180.653726608825
34,2026-08-22,0,2026-08-22,wk inc covid hosp,quantile,0.025,111.61080367702839
35,2026-08-22,0,2026-08-22,wk inc covid hosp,quantile,0.025,388.5277716486964
36,2026-08-22,0,2026-08-22,wk inc covid hosp,quantile,0.025,692.5520444176658
37,2026-08-22,0,2026-08-22,wk inc covid hosp,quantile,0.025,160.21610844806605
38,2026-08-22,0,2026-08-22,wk inc covid hosp,quantile,0.025,172.2747020444617
39,2026-08-22,0,2026-08-22,wk inc covid hosp,quantile,0.025,197.5041160883958
40,2026-08-22,0,2026-08-22,wk inc covid hosp,quantile,0.025,136.4699601381192
41,2026-08-22,0,2026-08-22,wk inc covid hosp,quantile,0.025,225.41700847053033
42,2026-08-22,0,2026-08-22,wk inc covid hosp,quantile,0.025,192.63468380780662
44,2026-08-22,0,2026-08-22,wk inc covid hosp,quantile,0.025,75.1708051341468
45,2026-08-22,0,2026-08-22,wk inc covid hosp,quantile,0.025,66.04234656179047
46,2026-08-22,0,2026-08-22,wk inc covid hosp,quantile,0.025,86.74326262724016
47,2026-08-22,0,2026-08-22,wk inc covid hosp,quantile,0.025,573.6216447182829
48,2026-08-22,0,2026-08-22,wk inc covid hosp,quantile,0.025,315.004556969971
49,2026-08-22,0,2026-08-22,wk inc covid hosp,quantile,0.025,29.11883838075868
50,2026-08-22,0,2026-08-22,wk inc covid hosp,quantile,0.025,64.84069210728667
51,2026-08-22,0,2026-08-22,wk inc covid hosp,quantile,0.025,252.85037613496752
53,2026-08-22,0,2026-08-22,wk inc covid hosp,quantile,0.025,76.10163992463981
54,2026-08-22,0,2026-08-22,wk inc covid hosp,quantile,0.025,147.73901013451862
55,2026-08-22,0,2026-08-22,wk inc covid hosp,quantile,0.025,110.12501619891785
56,2026-08-22,0,2026-08-22,wk inc covid hosp,quantile,0.025,18.520045677610504
72,2026-08-22,0,2026-08-22,wk inc covid hosp,quantile,0.025,3982.725924212041
US,2026-08-22,0,2026-08-22,wk inc covid hosp,quantile,0.025,1276.104688334442
01,2026-08-22,1,2026-08-29,wk inc covid hosp,quantile,0.025,98.61708023988936
02,2026-08-22,1,2026-08-29,wk inc covid hosp,quantile,0.025,21.71650817088946
04,2026-08-22,1,2026-08-29,wk inc covid hosp,quantile,0.025,156.87863014180235
05,2026-08-22,1,2026-08-29,wk inc covid hosp,quantile,0.025,563.4516654457535
06,2026-08-22,1,2026-08-29,wk inc covid hosp,quantile,0.025,495.64502817199906
08,2026-08-22,1,2026-08-29,wk inc covid hosp,quantile,0.025,151.1802573112534
09,2026-08-22,1,2026-08-29,wk inc covid hosp,quantile,0.025,82.06819766253724
10,2026-08-22,1,2026-08-29,wk inc covid hosp,quantile,0.025,26.697168237954138
11,2026-08-22,1,2026-08-29,wk inc covid hosp,quantile,0.025,554.2670919331764
12,2026-08-22,1,2026-08-29,wk inc covid hosp,quantile,0.025,654.1919406391107
13,2026-08-22,1,2026-08-29,wk inc covid hosp,quantile,0.025,200.03796179789856
15,2026-08-22,1,2026-08-29,wk inc covid hosp,quantile,0.025,45.64324439755217
16,2026-08-22,1,2026-08-29,wk inc covid hosp,quantile,0.025,128.43315207305892
17,2026-08-22,1,2026-08-29,wk inc covid hosp,quantile,0.025,209.82804226400955
18,2026-08-22,1,2026-08-29,wk inc covid hosp,quantile,0.025,164.71572912642225
19,2026-08-22,1,2026-08-29,wk inc covid hosp,quantile,0.025,70.6626235614325
20,2026-08-22,1,2026-08-29,wk inc covid hosp,quantile,0.025,133.4888718870803
21,2026-08-22,1,2026-08-29,wk inc covid hosp,quantile,0.025,155.1016557757408
22,2026-08-22,1,2026-08-29,wk inc covid hosp,quantile,0.025,109.19055139100753
23,2026-08-22,1,2026-08-29,wk inc covid hosp,quantile,0.025,85.28169946796245
24,2026-08-22,1,2026-08-29,wk inc covid hosp,quantile,0.025,180.23946418590836
25,2026-08-22,1,2026-08-29,wk inc covid hosp,quantile,0.025,392.3757850385916
26,2026-08-22,1,2026-08-29,wk inc covid hosp,quantile,0.025,239.1622135340428
27,2026-08-22,1,2026-08-29,wk inc covid hosp,quantile,0.025,85.3634748541483
28,2026-08-22,1,2026-08-29,wk inc covid hosp,quantile,0.025,124.1548713624576
29,2026-08-22,1,2026-08-29,wk inc covid hosp,quantile,0.025,150.00260975374087
30,2026-08-22,1,2026-08-29,wk inc covid hosp,quantile,0.025,34.93455471544637
31,2026-08-22,1,2026-08-29,wk inc covid hosp,quantile,0.025,63.928222830211844
32,2026-08-22,1,2026-08-29,wk inc covid hosp,quantile,0.025,56.069972594448885
33,2026-08-22,1,2026-08-29,wk inc covid hosp,quantile,0.025,175.13623245381172
34,2026-08-22,1,2026-08-29,wk inc covid hosp,quantile,0.025,112.91106178424513
35,2026-08-22,1,2026-08-29,wk inc covid hosp,quantile,0.025,389.3400333727486
36,2026-08-22,1,2026-08-29,wk inc covid hosp,quantile,0.025,778.6988851119174
37,2026-08-22,1,2026-08-29,wk inc covid hosp,quantile,0.025,165.5284117579697
38,2026-08-22,1,2026-08-29,wk inc covid hosp,quantile,0.025,160.7846235366133
39,2026-08-22,1,2026-08-29,wk inc covid hosp,quantile,0.025,211.52036788463525
40,2026-08-22,1,2026-08-29,wk inc covid hosp,quantile,0.025,144.4670242032741
41,2026-08-22,1,2026-08-29,wk inc covid hosp,quantile,0.025,227.7388569377429
42,2026-08-22,1,2026-08-29,wk inc covid hosp,quantile,0.025,204.26088442483217
44,2026-08-22,1,2026-08-29,wk inc covid hosp,quantile,0.025,65.67411922690192
45,2026-08-22,1,2026-08-29,wk inc covid hosp,quantile,0.025,65.89571023202757
46,2026-08-22,1,2026-08-29,wk inc covid hosp,quantile,0.025,78.92845441436695
47,2026-08-22,1,2026-08-29,wk inc covid hosp,quantile,0.025,583.0065155502982
48,2026-08-22,1,2026-08-29,wk inc covid hosp,quantile,0.025,297.7055547245493
49,2026-08-22,1,2026-08-29,wk inc covid hosp,quantile,0.025,27.482075417696546
50,2026-08-22,1,2026-08-29,wk inc covid hosp,quantile,0.025,48.248817109587314
51,2026-08-22,1,2026-08-29,wk inc covid hosp,quantile,0.025,275.0255685196032
53,2026-08-22,1,2026-08-29,wk inc covid hosp,quantile,0.025,79.438998103514
54,2026-08-22,1,2026-08-29,wk inc covid hosp,quantile,0.025,159.9689499681987
55,2026-08-22,1,2026-08-29,wk inc covid hosp,quantile,0.025,118.60116212568325
56,2026-08-22,1,2026-08-29,wk inc covid hosp,quantile,0.025,14.236927956820496
72,2026-08-22,1,2026-08-29,wk inc covid hosp,quantile,0.025,2961.644177463964
US,2026-08-22,1,2026-08-29,wk inc covid hosp,quantile,0.025,1236.4774586895826
01,2026-08-22,2,2026-09-05,wk inc covid hosp,quantile,0.025,93.14613172009963
02,2026-08-22,2,2026-09-05,wk inc covid hosp,quantile,0.025,14.501674736560272
04,2026-08-22,2,2026-09-05,wk inc covid hosp,quantile,0.025,153.15232142051207
05,2026-08-22,2,2026-09-05,wk inc covid hosp,quantile,0.025,534.4127639229516
06,2026-08-22,2,2026-09-05,wk inc covid hosp,quantile,0.025,502.0151060991985
08,2026-08-22,2,2026-09-05,wk inc covid hosp,quantile,0.025,150.50892400756646
09,2026-08-22,2,2026-09-05,wk inc covid hosp,quantile,0.025,81.99350692949419
10,2026-08-22,2,2026-09-05,wk inc covid hosp,quantile,0.025,26.165396387050745
11,2026-08-22,2,2026-09-05,wk inc covid hosp,quantile,0.025,515.8104521864694
12,2026-08-22,2,2026-09-05,wk inc covid hosp,quantile,0.025,595.8647606671394
13,2026-08-22,2,2026-09-05,wk inc covid hosp,quantile,0.025,198.28880265095216
15,2026-08-22,2,2026-09-05,wk inc covid hosp,quantile,0.025,40.334973979363184
16,2026-08-22,2,2026-09-05,wk inc covid hosp,quantile,0.025,120.25220901698502
17,2026-08-22,2,2026-09-05,wk inc covid hosp,quantile,0.025,218.214262163283
18,2026-08-22,2,2026-09-05,wk inc covid hosp,quantile,0.025,160.28673927945914
19,2026-08-22,2,2026-09-05,wk inc covid hosp,quantile,0.025,66.42646143912319
20,2026-08-22,2,2026-09-05,wk inc covid hosp,quantile,0.025,131.19287574359322
21,2026-08-22,2,2026-09-05,wk inc covid hosp,quantile,0.025,151.55493520684226
22,2026-08-22,2,2026-09-05,wk inc covid hosp,quantile,0.025,100.135878017236
23,2026-08-22,2,2026-09-05,wk inc covid hosp,quantile,0.025,77.69518249063721
24,2026-08-22,2,2026-09-05,wk inc covid hosp,quantile,0.025,181.15477112269707
25,2026-08-22,2,2026-09-05,wk inc covid hosp,quantile,0.025,395.59639511521794
26,2026-08-22,2,2026-09-05,wk inc covid hosp,quantile,0.025,230.8347997741266
27,2026-08-22,2,2026-09-05,wk inc covid hosp,quantile,0.025,85.15772826716533
28,2026-08-22,2,2026-09-05,wk inc covid hosp,quantile,0.025,117.11522446601845
29,2026-08-22,2,2026-09-05,wk inc covid hosp,quantile,0.025,162.15721777406736
30,2026-08-22,2,2026-09-05,wk inc covid hosp,quantile,0.025,28.484394032075613
31,2026-08-22,2,2026-09-05,wk inc covid hosp,quantile,0.025,62.14133142441165
32,2026-08-22,2,2026-09-05,wk inc covid hosp,quantile,0.025,52.47464290421462
33,2026-08-22,2,2026-09-05,wk inc covid hosp,quantile,0.025,161.6858797606444
34,2026-08-22,2,2026-09-05,wk inc covid hosp,quantile,0.025,109.50478339467357
35,2026-08-22,2,2026-09-05,wk inc covid hosp,quantile,0.025,361.3182142988491
36,2026-08-22,2,2026-09-05,wk inc covid hosp,quantile,0.025,798.7650164963133
37,2026-08-22,2,2026-09-05,wk inc covid hosp,quantile,0.025,161.22953337784116
38,2026-08-22,2,2026-09-05,wk inc covid hosp,quantile,0.025,132.5292643786586
39,2026-08-22,2,2026-09-05,wk inc covid hosp,quantile,0.025,214.01076176496028
40,2026-08-22,2,2026-09-05,wk inc covid hosp,quantile,0.025,141.70457907700646
41,2026-08-22,2,2026-09-05,wk inc covid hosp,quantile,0.025,232.04603927017308
42,2026-08-22,2,2026-09-05,wk inc covid hosp,quantile,0.025,201.70196944845213
44,2026-08-22,2,2026-09-05,wk inc covid hosp,quantile,0.025,56.59484000240494
45,2026-08-22,2,2026-09-05,wk inc covid hosp,quantile,0.025,63.55025478911329
46,2026-08-22,2,2026-09-05,wk inc covid hosp,quantile,0.025,72.26806021525357
47,2026-08-22,2,2026-09-05,wk inc covid hosp,quantile,0.025,537.9290267420221
48,2026-08-22,2,2026-09-05,wk inc covid hosp,quantile,0.025,274.14984846693625
49,2026-08-22,2,2026-09-05,wk inc covid hosp,quantile,0.025,25.94478956245362
50,2026-08-22,2,2026-09-05,wk inc covid hosp,quantile,0.025,38.938322280392505
51,2026-08-22,2,2026-09-05,wk inc covid hosp,quantile,0.025,279.48579065135425
53,2026-08-22,2,2026-09-05,wk inc covid hosp,quantile,0.025,79.34921148829872
54,2026-08-22,2,2026-09-05,wk inc covid hosp,quantile,0.025,144.45177225046308
55,2026-08-22,2,2026-09-05,wk inc covid hosp,quantile,0.025,120.91846351190217
56,2026-08-22,2,2026-09-05,wk inc covid hosp,quantile,0.025,7.803027318455811
72,2026-08-22,2,2026-09-05,wk inc covid hosp,quantile,0.025,2603.90320306982
US,2026-08-22,2,2026-09-05,wk inc covid hosp,quantile,0.025,1264.3697220755266
01,2026-08-22,3,2026-09-12,wk inc covid hosp,quantile,0.025,89.2903916645901
02,2026-08-22,3,2026-09-12,wk inc covid hosp,quantile,0.025,7.168567248904034
04,2026-08-22,3,2026-09-12,wk inc covid hosp,quantile,0.025,151.99719440456235
05,2026-08-22,3,2026-09-12,wk inc covid hosp,quantile,0.025,523.9050685112375
06,2026-08-22,3,2026-09-12,wk inc covid hosp,quantile,0.025,492.60355649631026
08,2026-08-22,3,2026-09-12,wk inc covid hosp,quantile,0.025,149.5333334944024
09,2026-08-22,3,2026-09-12,wk inc covid hosp,quantile,0.025,74.68379890020444
10,2026-08-22,3,2026-09-12,wk inc covid hosp,quantile,0.025,24.64925260979226
11,2026-08-22,3,2026-09-12,wk inc covid hosp,quantile,0.025,442.9004001652423
12,2026-08-22,3,2026-09-12,wk inc covid hosp,quantile,0.025,527.1563649511896
13,2026-08-22,3,2026-09-12,wk inc covid hosp,quantile,0.025,195.6168662470679
15,2026-08-22,3,2026-09-12,wk inc covid hosp,quantile,0.025,33.47696785945037
16,2026-08-22,3,2026-09-12,wk inc covid hosp,quantile,0.025,116.66092757374899
17,2026-08-22,3,2026-09-12,wk inc covid hosp,quantile,0.025,218.61177830276054
18,2026-08-22,3,2026-09-12,wk inc covid hosp,quantile,0.025,161.3674566372509
19,2026-08-22,3,2026-09-12,wk inc covid hosp,quantile,0.025,63.64197391231469
20,2026-08-22,3,2026-09-12,wk inc covid hosp,quantile,0.025,121.96081228140538
21,2026-08-22,3,2026-09-12,wk inc covid hosp,quantile,0.025,152.40704995740117
22,2026-08-22,3,2026-09-12,wk inc covid hosp,quantile,0.025,92.65601053253762
23,2026-08-22,3,2026-09-12,wk inc covid hosp,quantile,0.025,73.40760524940775
24,2026-08-22,3,2026-09-12,wk inc covid hosp,quantile,0.025,179.09619797878582
25,2026-08-22,3,2026-09-12,wk inc covid hosp,quantile,0.025,400.8063312723254
26,2026-08-22,3,2026-09-12,wk inc covid hosp,quantile,0.025,224.20662882098492
27,2026-08-22,3,2026-09-12,wk inc covid hosp,quantile,0.025,83.27402084153987
28,2026-08-22,3,2026-09-12,wk inc covid hosp,quantile,0.025,103.65419333296629
29,2026-08-22,3,2026-09-12,wk inc covid hosp,quantile,0.025,158.6437010231767
30,2026-08-22,3,2026-09-12,wk inc covid hosp,quantile,0.025,24.67567384092114
31,2026-08-22,3,2026-09-12,wk inc covid hosp,quantile,0.025,57.53987894851096
32,2026-08-22,3,2026-09-12,wk inc covid hosp,quantile,0.025,49.546583585761965
33,2026-08-22,3,2026-09-12,wk inc covid hosp,quantile,0.025,155.0195046029274
34,2026-08-22,3,2026-09-12,wk inc covid hosp,quantile,0.025,107.30077444291187
35,2026-08-22,3,2026-09-12,wk inc covid hosp,quantile,0.025,332.70483628822046
36,2026-08-22,3,2026-09-12,wk inc covid hosp,quantile,0.025,799.0408272538606
37,2026-08-22,3,2026-09-12,wk inc covid hosp,quantile,0.025,159.6569804203876
38,2026-08-22,3,2026-09-12,wk inc covid hosp,quantile,0.025,122.77556515659897
39,2026-08-22,3,2026-09-12,wk inc covid hosp,quantile,0.025,224.138452614085
40,2026-08-22,3,2026-09-12,wk inc covid hosp,quantile,0.025,141.25356365587524
41,2026-08-22,3,2026-09-12,wk inc covid hosp,quantile,0.025,222.9957966019116
42,2026-08-22,3,2026-09-12,wk inc covid hosp,quantile,0.025,200.62353538170106
44,2026-08-22,3,2026-09-12,wk inc covid hosp,quantile,0.025,50.67736916573235
45,2026-08-22,3,2026-09-12,wk inc covid hosp,quantile,0.025,61.22554059489132
46,2026-08-22,3,2026-09-12,wk inc covid hosp,quantile,0.025,59.49480753567384
47,2026-08-22,3,2026-09-12,wk inc covid hosp,quantile,0.025,501.57008947249034
48,2026-08-22,3,2026-09-12,wk inc covid hosp,quantile,0.025,259.345419687538
49,2026-08-22,3,2026-09-12,wk inc covid hosp,quantile,0.025,23.626427333266108
50,2026-08-22,3,2026-09-12,wk inc covid hosp,quantile,0.025,27.04761164166049
51,2026-08-22,3,2026-09-12,wk inc covid hosp,quantile,0.025,268.98312728331194
53,2026-08-22,3,2026-09-12,wk inc covid hosp,quantile,0.025,77.34673981842639
54,2026-08-22,3,2026-09-12,wk inc covid hosp,quantile,0.025,144.63292689783387
55,2026-08-22,3,2026-09-12,wk inc covid hosp,quantile,0.025,122.43473656141585
56,2026-08-22,3,2026-09-12,wk inc covid hosp,quantile,0.025,3.74599228068902
72,2026-08-22,3,2026-09-12,wk inc covid hosp,quantile,0.025,1800.8259843679205
US,2026-08-22,3,2026-09-12,wk inc covid hosp,quantile,0.025,1215.0040753031635
01,2026-08-22,0,2026-08-22,wk inc covid hosp,quantile,0.05,100.26519211853328
02,2026-08-22,0,2026-08-22,wk inc covid hosp,quantile,0.05,39.3188051051303
04,2026-08-22,0,2026-08-22,wk inc covid hosp,quantile,0.05,156.22603714187514
05,2026-08-22,0,2026-08-22,wk inc covid hosp,quantile,0.05,631.2323586323939
06,2026-08-22,0,2026-08-22,wk inc covid hosp,quantile,0.05,500.7404775177774
08,2026-08-22,0,2026-08-22,wk inc covid hosp,quantile,0.05,151.56215223667948
09,2026-08-22,0,2026-08-22,wk inc covid hosp,quantile,0.05,91.84786548719036
10,2026-08-22,0,2026-08-22,wk inc covid hosp,quantile,0.05,30.452884778595212
11,2026-08-22,0,2026-08-22,wk inc covid hosp,quantile,0.05,658.895501267618
12,2026-08-22,0,2026-08-22,wk inc covid hosp,quantile,0.05,754.7890353724129
13,2026-08-22,0,2026-08-22,wk inc covid hosp,quantile,0.05,199.83283273969707
15,2026-08-22,0,2026-08-22,wk inc covid hosp,quantile,0.05,51.3453999116068
16,2026-08-22,0,2026-08-22,wk inc covid hosp,quantile,0.05,146.62907070936959
17,2026-08-22,0,2026-08-22,wk inc covid hosp,quantile,0.05,215.8964015532204
18,2026-08-22,0,2026-08-22,wk inc covid hosp,quantile,0.05,164.1038599732258
19,2026-08-22,0,2026-08-22,wk inc covid hosp,quantile,0.05,73.34264001311246
20,2026-08-22,0,2026-08-22,wk inc covid hosp,quantile,0.05,142.6269398300698
21,2026-08-22,0,2026-08-22,wk inc covid hosp,quantile,0.05,161.73581304294402
22,2026-08-22,0,2026-08-22,wk inc covid hosp,quantile,0.05,118.10127099014491
23,2026-08-22,0,2026-08-22,wk inc covid hosp,quantile,0.05,99.24163666412424
24,2026-08-22,0,2026-08-22,wk inc covid hosp,quantile,0.05,186.70429536343653
25,2026-08-22,0,2026-08-22,wk inc covid hosp,quantile,0.05,382.9783547724142
26,2026-08-22,0,2026-08-22,wk inc covid hosp,quantile,0.05,241.90719552349117
27,2026-08-22,0,2026-08-22,wk inc covid hosp,quantile,0.05,87.16052468361197
28,2026-08-22,0,2026-08-22,wk inc covid hosp,quantile,0.05,145.88157405567796
29,2026-08-22,0,2026-08-22,wk inc covid hosp,quantile,0.05,147.26712147715276
30,2026-08-22,0,2026-08-22,wk inc covid hosp,quantile,0.05,43.41210689509494
31,2026-08-22,0,2026-08-22,wk inc covid hosp,quantile,0.05,71.05421853350359
32,2026-08-22,0,2026-08-22,wk inc covid hosp,quantile,0.05,60.06810612574838
33,2026-08-22,0,2026-08-22,wk inc covid hosp,quantile,0.05,199.0094336698823
34,2026-08-22,0,2026-08-22,wk inc covid hosp,quantile,0.05,122.26300975101915
35,2026-08-22,0,2026-08-22,wk inc covid hosp,quantile,0.05,421.985952855812
36,2026-08-22,0,2026-08-22,wk inc covid hosp,quantile,0.05,724.7203795672898
37,2026-08-22,0,2026-08-22,wk inc covid hosp,quantile,0.05,168.3454427013006
38,2026-08-22,0,2026-08-22,wk inc covid hosp,quantile,0.05,189.51496867707405
39,2026-08-22,0,2026-08-22,wk inc covid hosp,quantile,0.05,211.5002522471023
40,2026-08-22,0,2026-08-22,wk inc covid hosp,quantile,0.05,147.49501773159346
41,2026-08-22,0,2026-08-22,wk inc covid hosp,quantile,0.05,246.10885804365677
42,2026-08-22,0,2026-08-22,wk inc covid hosp,quantile,0.05,210.53714164263315
44,2026-08-22,0,2026-08-22,wk inc covid hosp,quantile,0.05,86.37305271059047
45,2026-08-22,0,2026-08-22,wk inc covid hosp,quantile,0.05,71.90763540607628
46,2026-08-22,0,2026-08-22,wk inc covid hosp,quantile,0.05,103.09005371621326
47,2026-08-22,0,2026-08-22,wk inc covid hosp,quantile,0.05,618.0840034590984
48,2026-08-22,0,2026-08-22,wk inc covid hosp,quantile,0.05,335.9323412100236
49,2026-08-22,0,2026-08-22,wk inc covid hosp,quantile,0.05,31.345951336385887
50,2026-08-22,0,2026-08-22,wk inc covid hosp,quantile,0.05,79.4033294789512
51,2026-08-22,0,2026-08-22,wk inc covid hosp,quantile,0.05,269.51926402931355
53,2026-08-22,0,2026-08-22,wk inc covid hosp,quantile,0.05,82.70872368222223
54,2026-08-22,0,2026-08-22,wk inc covid hosp,quantile,0.05,161.35759687182653
55,2026-08-22,0,2026-08-22,wk inc covid hosp,quantile,0.05,120.13394166587273
56,2026-08-22,0,2026-08-22,wk inc covid hosp,quantile,0.05,25.25890416911307
72,2026-08-22,0,2026-08-22,wk inc covid hosp,quantile,0.05,4513.611459107962
US,2026-08-22,0,2026-08-22,wk inc covid hosp,quantile,0.05,1410.623571556305
01,2026-08-22,1,2026-08-29,wk inc covid hosp,quantile,0.05,105.75319332865152
02,2026-08-22,1,2026-08-29,wk inc covid hosp,quantile,0.05,31.58229634737853
04,2026-08-22,1,2026-08-29,wk inc covid hosp,quantile,0.05,169.3685668790474
05,2026-08-22,1,2026-08-29,wk inc covid hosp,quantile,0.05,630.8832905649961
06,2026-08-22,1,2026-08-29,wk inc covid hosp,quantile,0.05,525.3754683590489
08,2026-08-22,1,2026-08-29,wk inc covid hosp,quantile,0.05,164.4929415106254
09,2026-08-22,1,2026-08-29,wk inc covid hosp,quantile,0.05,95.12175343955826
10,2026-08-22,1,2026-08-29,wk inc covid hosp,quantile,0.05,30.830950965484575
11,2026-08-22,1,2026-08-29,wk inc covid hosp,quantile,0.05,651.7294660808153
12,2026-08-22,1,2026-08-29,wk inc covid hosp,quantile,0.05,734.77236661867
13,2026-08-22,1,2026-08-29,wk inc covid hosp,quantile,0.05,214.06074206103497
15,2026-08-22,1,2026-08-29,wk inc covid hosp,quantile,0.05,50.91942898687185
16,2026-08-22,1,2026-08-29,wk inc covid hosp,quantile,0.05,149.5191063472777
17,2026-08-22,1,2026-08-29,wk inc covid hosp,quantile,0.05,236.7181554867755
18,2026-08-22,1,2026-08-29,wk inc covid hosp,quantile,0.05,180.92017804659255
19,2026-08-22,1,2026-08-29,wk inc covid hosp,quantile,0.05,78.42257915076287
20,2026-08-22,1,2026-08-29,wk inc covid hosp,quantile,0.05,149.41336407081553
21,2026-08-22,1,2026-08-29,wk inc covid hosp,quantile,0.05,174.63146280841588
22,2026-08-22,1,2026-08-29,wk inc covid hosp,quantile,0.05,119.44413272826347
23,2026-08-22,1,2026-08-29,wk inc covid hosp,quantile,0.05,101.97055427137883
24,2026-08-22,1,2026-08-29,wk inc covid hosp,quantile,0.05,200.80205902100386
25,2026-08-22,1,2026-08-29,wk inc covid hosp,quantile,0.05,431.1381179715732
26,2026-08-22,1,2026-08-29,wk inc covid hosp,quantile,0.05,267.8960335161968
27,2026-08-22,1,2026-08-29,wk inc covid hosp,quantile,0.05,93.70657008082195
28,2026-08-22,1,2026-08-29,wk inc covid hosp,quantile,0.05,142.8244370338725
29,2026-08-22,1,2026-08-29,wk inc covid hosp,quantile,0.05,163.84328436589578
30,2026-08-22,1,2026-08-29,wk inc covid hosp,quantile,0.05,41.6867215535132
31,2026-08-22,1,2026-08-29,wk inc covid hosp,quantile,0.05,73.69239529581104
32,2026-08-22,1,2026-08-29,wk inc covid hosp,quantile,0.05,61.23290093965087
33,2026-08-22,1,2026-08-29,wk inc covid hosp,quantile,0.05,199.52124184325245
34,2026-08-22,1,2026-08-29,wk inc covid hosp,quantile,0.05,125.36135151516741
35,2026-08-22,1,2026-08-29,wk inc covid hosp,quantile,0.05,444.07616393940873
36,2026-08-22,1,2026-08-29,wk inc covid hosp,quantile,0.05,820.1234993453687
37,2026-08-22,1,2026-08-29,wk inc covid hosp,quantile,0.05,178.45108246577166
38,2026-08-22,1,2026-08-29,wk inc covid hosp,quantile,0.05,186.2542249478475
39,2026-08-22,1,2026-08-29,wk inc covid hosp,quantile,0.05,229.84452572760492
40,2026-08-22,1,2026-08-29,wk inc covid hosp,quantile,0.05,160.25520740286285
41,2026-08-22,1,2026-08-29,wk inc covid hosp,quantile,0.05,256.51107525608955
42,2026-08-22,1,2026-08-29,wk inc covid hosp,quantile,0.05,227.18805238883772
44,2026-08-22,1,2026-08-29,wk inc covid hosp,quantile,0.05,80.25175165561133
45,2026-08-22,1,2026-08-29,wk inc covid hosp,quantile,0.05,73.98321060209652
46,2026-08-22,1,2026-08-29,wk inc covid hosp,quantile,0.05,103.13792198852377
47,2026-08-22,1,2026-08-29,wk inc covid hosp,quantile,0.05,644.635775165581
48,2026-08-22,1,2026-08-29,wk inc covid hosp,quantile,0.05,334.86328593729473
49,2026-08-22,1,2026-08-29,wk inc covid hosp,quantile,0.05,31.178400557001712
50,2026-08-22,1,2026-08-29,wk inc covid hosp,quantile,0.05,68.48501138179135
51,2026-08-22,1,2026-08-29,wk inc covid hosp,quantile,0.05,297.12213506393033
53,2026-08-22,1,2026-08-29,wk inc covid hosp,quantile,0.05,87.27011926028972
54,2026-08-22,1,2026-08-29,wk inc covid hosp,quantile,0.05,174.49067001019557
55,2026-08-22,1,2026-08-29,wk inc covid hosp,quantile,0.05,129.59489753834228
56,2026-08-22,1,2026-08-29,wk inc covid hosp,quantile,0.05,22.043346409649864
72,2026-08-22,1,2026-08-29,wk inc covid hosp,quantile,0.05,3833.116797867887
US,2026-08-22,1,2026-08-29,wk inc covid hosp,quantile,0.05,1440.2215252048204
01,2026-08-22,2,2026-09-05,wk inc covid hosp,quantile,0.05,102.70206861644887
02,2026-08-22,2,2026-09-05,wk inc covid hosp,quantile,0.05,23.122155264008637
04,2026-08-22,2,2026-09-05,wk inc covid hosp,quantile,0.05,174.10805684662063
05,2026-08-22,2,2026-09-05,wk inc covid hosp,quantile,0.05,628.3240515200671
06,2026-08-22,2,2026-09-05,wk inc covid hosp,quantile,0.05,546.1561592833723
08,2026-08-22,2,2026-09-05,wk inc covid hosp,quantile,0.05,168.9252857847017
09,2026-08-22,2,2026-09-05,wk inc covid hosp,quantile,0.05,95.95310891805474
10,2026-08-22,2,2026-09-05,wk inc covid hosp,quantile,0.05,30.796021196457673
11,2026-08-22,2,2026-09-05,wk inc covid hosp,quantile,0.05,617.7283567851917
12,2026-08-22,2,2026-09-05,wk inc covid hosp,quantile,0.05,689.8869989420932
13,2026-08-22,2,2026-09-05,wk inc covid hosp,quantile,0.05,223.3065390597843
15,2026-08-22,2,2026-09-05,wk inc covid hosp,quantile,0.05,45.452402857680994
16,2026-08-22,2,2026-09-05,wk inc covid hosp,quantile,0.05,145.6808193425654
17,2026-08-22,2,2026-09-05,wk inc covid hosp,quantile,0.05,246.6458431420491
18,2026-08-22,2,2026-09-05,wk inc covid hosp,quantile,0.05,186.79297011743137
19,2026-08-22,2,2026-09-05,wk inc covid hosp,quantile,0.05,77.37732060113441
20,2026-08-22,2,2026-09-05,wk inc covid hosp,quantile,0.05,150.5475324649176
21,2026-08-22,2,2026-09-05,wk inc covid hosp,quantile,0.05,175.96433049659785
22,2026-08-22,2,2026-09-05,wk inc covid hosp,quantile,0.05,112.13846404881481
23,2026-08-22,2,2026-09-05,wk inc covid hosp,quantile,0.05,100.2885617140118
24,2026-08-22,2,2026-09-05,wk inc covid hosp,quantile,0.05,204.47783746907677
25,2026-08-22,2,2026-09-05,wk inc covid hosp,quantile,0.05,454.26611591381857
26,2026-08-22,2,2026-09-05,wk inc covid hosp,quantile,0.05,268.4458266121795
27,2026-08-22,2,2026-09-05,wk inc covid hosp,quantile,0.05,97.66877279375518
28,2026-08-22,2,2026-09-05,wk inc covid hosp,quantile,0.05,134.20871700789849
29,2026-08-22,2,2026-09-05,wk inc covid hosp,quantile,0.05,174.49758344334177
30,2026-08-22,2,2026-09-05,wk inc covid hosp,quantile,0.05,38.2121505150215
31,2026-08-22,2,2026-09-05,wk inc covid hosp,quantile,0.05,74.91007436957298
32,2026-08-22,2,2026-09-05,wk inc covid hosp,quantile,0.05,59.81283742949814
33,2026-08-22,2,2026-09-05,wk inc covid hosp,quantile,0.05,202.70971676842663
34,2026-08-22,2,2026-09-05,wk inc covid hosp,quantile,0.05,129.02236188617985
35,2026-08-22,2,2026-09-05,wk inc covid hosp,quantile,0.05,430.09853487180874
36,2026-08-22,2,2026-09-05,wk inc covid hosp,quantile,0.05,873.9122925528842
37,2026-08-22,2,2026-09-05,wk inc covid hosp,quantile,0.05,180.50966482022275
38,2026-08-22,2,2026-09-05,wk inc covid hosp,quantile,0.05,177.3116142244719
39,2026-08-22,2,2026-09-05,wk inc covid hosp,quantile,0.05,242.9643483389322
40,2026-08-22,2,2026-09-05,wk inc covid hosp,quantile,0.05,162.38186872604697
41,2026-08-22,2,2026-09-05,wk inc covid hosp,quantile,0.05,265.53048867192484
42,2026-08-22,2,2026-09-05,wk inc covid hosp,quantile,0.05,234.01783303553466
44,2026-08-22,2,2026-09-05,wk inc covid hosp,quantile,0.05,76.32841442018116
45,2026-08-22,2,2026-09-05,wk inc covid hosp,quantile,0.05,71.64180143379751
46,2026-08-22,2,2026-09-05,wk inc covid hosp,quantile,0.05,95.63348654514147
47,2026-08-22,2,2026-09-05,wk inc covid hosp,quantile,0.05,627.0257297209364
48,2026-08-22,2,2026-09-05,wk inc covid hosp,quantile,0.05,318.34390231820635
49,2026-08-22,2,2026-09-05,wk inc covid hosp,quantile,0.05,31.28738811568952
50,2026-08-22,2,2026-09-05,wk inc covid hosp,quantile,0.05,58.764328355326185
51,2026-08-22,2,2026-09-05,wk inc covid hosp,quantile,0.05,305.51158695254827
53,2026-08-22,2,2026-09-05,wk inc covid hosp,quantile,0.05,87.84111914845671
54,2026-08-22,2,2026-09-05,wk inc covid hosp,quantile,0.05,169.35098102900096
55,2026-08-22,2,2026-09-05,wk inc covid hosp,quantile,0.05,134.53369544729443
56,2026-08-22,2,2026-09-05,wk inc covid hosp,quantile,0.05,16.088265450584412
72,2026-08-22,2,2026-09-05,wk inc covid hosp,quantile,0.05,3393.9805271123582
US,2026-08-22,2,2026-09-05,wk inc covid hosp,quantile,0.05,1471.930341252607
01,2026-08-22,3,2026-09-12,wk inc covid hosp,quantile,0.05,101.7851288889453
02,2026-08-22,3,2026-09-12,wk inc covid hosp,quantile,0.05,18.813375024084475
04,2026-08-22,3,2026-09-12,wk inc covid hosp,quantile,0.05,175.728963304723
05,2026-08-22,3,2026-09-12,wk inc covid hosp,quantile,0.05,644.0662644385408
06,2026-08-22,3,2026-09-12,wk inc covid hosp,quantile,0.05,541.9612592524286
08,2026-08-22,3,2026-09-12,wk inc covid hosp,quantile,0.05,168.57885428272945
09,2026-08-22,3,2026-09-12,wk inc covid hosp,quantile,0.05,91.72442854616294
10,2026-08-22,3,2026-09-12,wk inc covid hosp,quantile,0.05,29.842684653661657
11,2026-08-22,3,2026-09-12,wk inc covid hosp,quantile,0.05,592.766985796097
12,2026-08-22,3,2026-09-12,wk inc covid hosp,quantile,0.05,627.544053519228
13,2026-08-22,3,2026-09-12,wk inc covid hosp,quantile,0.05,222.8218286753184
15,2026-08-22,3,2026-09-12,wk inc covid hosp,quantile,0.05,42.20810335199167
16,2026-08-22,3,2026-09-12,wk inc covid hosp,quantile,0.05,142.42995900849644
17,2026-08-22,3,2026-09-12,wk inc covid hosp,quantile,0.05,249.50827258883814
18,2026-08-22,3,2026-09-12,wk inc covid hosp,quantile,0.05,187.15671205013723
19,2026-08-22,3,2026-09-12,wk inc covid hosp,quantile,0.05,77.08626970433485
20,2026-08-22,3,2026-09-12,wk inc covid hosp,quantile,0.05,146.89125824965936
21,2026-08-22,3,2026-09-12,wk inc covid hosp,quantile,0.05,175.40489660458348
22,2026-08-22,3,2026-09-12,wk inc covid hosp,quantile,0.05,108.0013394774022
23,2026-08-22,3,2026-09-12,wk inc covid hosp,quantile,0.05,92.6756117924944
24,2026-08-22,3,2026-09-12,wk inc covid hosp,quantile,0.05,209.14899144356576
25,2026-08-22,3,2026-09-12,wk inc covid hosp,quantile,0.05,464.7336115723788
26,2026-08-22,3,2026-09-12,wk inc covid hosp,quantile,0.05,272.817326531595
27,2026-08-22,3,2026-09-12,wk inc covid hosp,quantile,0.05,96.81841633931708
28,2026-08-22,3,2026-09-12,wk inc covid hosp,quantile,0.05,126.6719923802815
29,2026-08-22,3,2026-09-12,wk inc covid hosp,quantile,0.05,180.82720817959856
30,2026-08-22,3,2026-09-12,wk inc covid hosp,quantile,0.05,34.590844055023
31,2026-08-22,3,2026-09-12,wk inc covid hosp,quantile,0.05,76.56604535955641
32,2026-08-22,3,2026-09-12,wk inc covid hosp,quantile,0.05,57.62709948915799
33,2026-08-22,3,2026-09-12,wk inc covid hosp,quantile,0.05,188.43889487621735
34,2026-08-22,3,2026-09-12,wk inc covid hosp,quantile,0.05,127.34453082197307
35,2026-08-22,3,2026-09-12,wk inc covid hosp,quantile,0.05,424.5389893454846
36,2026-08-22,3,2026-09-12,wk inc covid hosp,quantile,0.05,894.9113039490848
37,2026-08-22,3,2026-09-12,wk inc covid hosp,quantile,0.05,180.101718502074
38,2026-08-22,3,2026-09-12,wk inc covid hosp,quantile,0.05,163.9566431092268
39,2026-08-22,3,2026-09-12,wk inc covid hosp,quantile,0.05,251.75114911976812
40,2026-08-22,3,2026-09-12,wk inc covid hosp,quantile,0.05,163.60487641423802
41,2026-08-22,3,2026-09-12,wk inc covid hosp,quantile,0.05,261.099657532009
42,2026-08-22,3,2026-09-12,wk inc covid hosp,quantile,0.05,237.31692818506144
44,2026-08-22,3,2026-09-12,wk inc covid hosp,quantile,0.05,68.46208604085982
45,2026-08-22,3,2026-09-12,wk inc covid hosp,quantile,0.05,70.65969721984453
46,2026-08-22,3,2026-09-12,wk inc covid hosp,quantile,0.05,81.80844560114836
47,2026-08-22,3,2026-09-12,wk inc covid hosp,quantile,0.05,618.9000052963517
48,2026-08-22,3,2026-09-12,wk inc covid hosp,quantile,0.05,305.297752996025
49,2026-08-22,3,2026-09-12,wk inc covid hosp,quantile,0.05,30.707975677865797
50,2026-08-22,3,2026-09-12,wk inc covid hosp,quantile,0.05,51.56036551193747
51,2026-08-22,3,2026-09-12,wk inc covid hosp,quantile,0.05,312.6099199591954
53,2026-08-22,3,2026-09-12,wk inc covid hosp,quantile,0.05,86.27808105298499
54,2026-08-22,3,2026-09-12,wk inc covid hosp,quantile,0.05,176.0802620734486
55,2026-08-22,3,2026-09-12,wk inc covid hosp,quantile,0.05,139.4674087471618
56,2026-08-22,3,2026-09-12,wk inc covid hosp,quantile,0.05,10.991024294499022
72,2026-08-22,3,2026-09-12,wk inc covid hosp,quantile,0.05,2801.3347645603894
US,2026-08-22,3,2026-09-12,wk inc covid hosp,quantile,0.05,1502.7451759896398
01,2026-08-22,0,2026-08-22,wk inc covid hosp,quantile,0.1,107.86883447230097
02,2026-08-22,0,2026-08-22,wk inc covid hosp,quantile,0.1,51.14807325215217
04,2026-08-22,0,2026-08-22,wk inc covid hosp,quantile,0.1,171.07677559973615
05,2026-08-22,0,2026-08-22,wk inc covid hosp,quantile,0.1,694.7966578568886
06,2026-08-22,0,2026-08-22,wk inc covid hosp,quantile,0.1,522.9503844342149
08,2026-08-22,0,2026-08-22,wk inc covid hosp,quantile,0.1,163.5656678196368
09,2026-08-22,0,2026-08-22,wk inc covid hosp,quantile,0.1,101.90451026347492
10,2026-08-22,0,2026-08-22,wk inc covid hosp,quantile,0.1,33.48809192410584
11,2026-08-22,0,2026-08-22,wk inc covid hosp,quantile,0.1,753.0274676043994
12,2026-08-22,0,2026-08-22,wk inc covid hosp,quantile,0.1,825.0729158584252
13,2026-08-22,0,2026-08-22,wk inc covid hosp,quantile,0.1,213.1385535002246
15,2026-08-22,0,2026-08-22,wk inc covid hosp,quantile,0.1,57.0152449188816
16,2026-08-22,0,2026-08-22,wk inc covid hosp,quantile,0.1,165.8625315592183
17,2026-08-22,0,2026-08-22,wk inc covid hosp,quantile,0.1,231.12592402920598
18,2026-08-22,0,2026-08-22,wk inc covid hosp,quantile,0.1,177.62247614976556
19,2026-08-22,0,2026-08-22,wk inc covid hosp,quantile,0.1,80.85045162294251
20,2026-08-22,0,2026-08-22,wk inc covid hosp,quantile,0.1,157.67002068215368
21,2026-08-22,0,2026-08-22,wk inc covid hosp,quantile,0.1,176.95109946162324
22,2026-08-22,0,2026-08-22,wk inc covid hosp,quantile,0.1,126.11506196064474
23,2026-08-22,0,2026-08-22,wk inc covid hosp,quantile,0.1,114.8329006437912
24,2026-08-22,0,2026-08-22,wk inc covid hosp,quantile,0.1,202.60861341637016
25,2026-08-22,0,2026-08-22,wk inc covid hosp,quantile,0.1,410.42111684750193
26,2026-08-22,0,2026-08-22,wk inc covid hosp,quantile,0.1,264.7441448665258
27,2026-08-22,0,2026-08-22,wk inc covid hosp,quantile,0.1,94.33859590655607
28,2026-08-22,0,2026-08-22,wk inc covid hosp,quantile,0.1,160.6928825220914
29,2026-08-22,0,2026-08-22,wk inc covid hosp,quantile,0.1,157.06526530902917
30,2026-08-22,0,2026-08-22,wk inc covid hosp,quantile,0.1,49.839316623347074
31,2026-08-22,0,2026-08-22,wk inc covid hosp,quantile,0.1,79.72464836304933
32,2026-08-22,0,2026-08-22,wk inc covid hosp,quantile,0.1,64.91725215976325
33,2026-08-22,0,2026-08-22,wk inc covid hosp,quantile,0.1,222.95088411892445
34,2026-08-22,0,2026-08-22,wk inc covid hosp,quantile,0.1,133.6431345410218
35,2026-08-22,0,2026-08-22,wk inc covid hosp,quantile,0.1,466.6113635289807
36,2026-08-22,0,2026-08-22,wk inc covid hosp,quantile,0.1,770.7555495004272
37,2026-08-22,0,2026-08-22,wk inc covid hosp,quantile,0.1,179.60420782121219
38,2026-08-22,0,2026-08-22,wk inc covid hosp,quantile,0.1,223.45386759254254
39,2026-08-22,0,2026-08-22,wk inc covid hosp,quantile,0.1,230.01727344171155
40,2026-08-22,0,2026-08-22,wk inc covid hosp,quantile,0.1,160.9068720779574
41,2026-08-22,0,2026-08-22,wk inc covid hosp,quantile,0.1,265.5150228695423
42,2026-08-22,0,2026-08-22,wk inc covid hosp,quantile,0.1,228.0084325874009
44,2026-08-22,0,2026-08-22,wk inc covid hosp,quantile,0.1,98.73375020084579
45,2026-08-22,0,2026-08-22,wk inc covid hosp,quantile,0.1,77.4240876053404
46,2026-08-22,0,2026-08-22,wk inc covid hosp,quantile,0.1,120.69862282134955
47,2026-08-22,0,2026-08-22,wk inc covid hosp,quantile,0.1,672.3110557357145
48,2026-08-22,0,2026-08-22,wk inc covid hosp,quantile,0.1,365.5002168961079
49,2026-08-22,0,2026-08-22,wk inc covid hosp,quantile,0.1,34.56818982739691
50,2026-08-22,0,2026-08-22,wk inc covid hosp,quantile,0.1,97.91895988918901
51,2026-08-22,0,2026-08-22,wk inc covid hosp,quantile,0.1,287.23024769341026
53,2026-08-22,0,2026-08-22,wk inc covid hosp,quantile,0.1,88.26078527006243
54,2026-08-22,0,2026-08-22,wk inc covid hosp,quantile,0.1,178.99541814901903
55,2026-08-22,0,2026-08-22,wk inc covid hosp,quantile,0.1,128.19969202975446
56,2026-08-22,0,2026-08-22,wk inc covid hosp,quantile,0.1,33.14024753787522
72,2026-08-22,0,2026-08-22,wk inc covid hosp,quantile,0.1,5173.5080187372405
US,2026-08-22,0,2026-08-22,wk inc covid hosp,quantile,0.1,1585.925549584986
01,2026-08-22,1,2026-08-29,wk inc covid hosp,quantile,0.1,115.54052030954188
02,2026-08-22,1,2026-08-29,wk inc covid hosp,quantile,0.1,45.61513547573993
04,2026-08-22,1,2026-08-29,wk inc covid hosp,quantile,0.1,189.15938531804338
05,2026-08-22,1,2026-08-29,wk inc covid hosp,quantile,0.1,734.6102521430277
06,2026-08-22,1,2026-08-29,wk inc covid hosp,quantile,0.1,564.0451904817172
08,2026-08-22,1,2026-08-29,wk inc covid hosp,quantile,0.1,183.1864245472508
09,2026-08-22,1,2026-08-29,wk inc covid hosp,quantile,0.1,110.9127100977504
10,2026-08-22,1,2026-08-29,wk inc covid hosp,quantile,0.1,36.370042449659145
11,2026-08-22,1,2026-08-29,wk inc covid hosp,quantile,0.1,787.4511899321033
12,2026-08-22,1,2026-08-29,wk inc covid hosp,quantile,0.1,830.4569938436778
13,2026-08-22,1,2026-08-29,wk inc covid hosp,quantile,0.1,233.38254948764
15,2026-08-22,1,2026-08-29,wk inc covid hosp,quantile,0.1,58.235808085712435
16,2026-08-22,1,2026-08-29,wk inc covid hosp,quantile,0.1,173.89331507952693
17,2026-08-22,1,2026-08-29,wk inc covid hosp,quantile,0.1,263.49775017795497
18,2026-08-22,1,2026-08-29,wk inc covid hosp,quantile,0.1,204.044514071077
19,2026-08-22,1,2026-08-29,wk inc covid hosp,quantile,0.1,89.38711649936735
20,2026-08-22,1,2026-08-29,wk inc covid hosp,quantile,0.1,169.6151386787072
21,2026-08-22,1,2026-08-29,wk inc covid hosp,quantile,0.1,198.3881044248928
22,2026-08-22,1,2026-08-29,wk inc covid hosp,quantile,0.1,133.441682915608
23,2026-08-22,1,2026-08-29,wk inc covid hosp,quantile,0.1,123.88210477519266
24,2026-08-22,1,2026-08-29,wk inc covid hosp,quantile,0.1,226.31772572217574
25,2026-08-22,1,2026-08-29,wk inc covid hosp,quantile,0.1,469.6959279340258
26,2026-08-22,1,2026-08-29,wk inc covid hosp,quantile,0.1,301.9600049801197
27,2026-08-22,1,2026-08-29,wk inc covid hosp,quantile,0.1,103.11618385654839
28,2026-08-22,1,2026-08-29,wk inc covid hosp,quantile,0.1,162.77301674720974
29,2026-08-22,1,2026-08-29,wk inc covid hosp,quantile,0.1,181.66051124092442
30,2026-08-22,1,2026-08-29,wk inc covid hosp,quantile,0.1,49.404559595207424
31,2026-08-22,1,2026-08-29,wk inc covid hosp,quantile,0.1,86.2970420907399
32,2026-08-22,1,2026-08-29,wk inc covid hosp,quantile,0.1,67.94961539023258
33,2026-08-22,1,2026-08-29,wk inc covid hosp,quantile,0.1,239.54319506469608
34,2026-08-22,1,2026-08-29,wk inc covid hosp,quantile,0.1,144.3069424372277
35,2026-08-22,1,2026-08-29,wk inc covid hosp,quantile,0.1,510.71020780881196
36,2026-08-22,1,2026-08-29,wk inc covid hosp,quantile,0.1,884.1304233517401
37,2026-08-22,1,2026-08-29,wk inc covid hosp,quantile,0.1,195.89183204976567
38,2026-08-22,1,2026-08-29,wk inc covid hosp,quantile,0.1,233.45060942661684
39,2026-08-22,1,2026-08-29,wk inc covid hosp,quantile,0.1,259.11342163701875
40,2026-08-22,1,2026-08-29,wk inc covid hosp,quantile,0.1,179.00713468301655
41,2026-08-22,1,2026-08-29,wk inc covid hosp,quantile,0.1,293.57961568500417
42,2026-08-22,1,2026-08-29,wk inc covid hosp,quantile,0.1,254.7425474859894
44,2026-08-22,1,2026-08-29,wk inc covid hosp,quantile,0.1,96.7917326258509
45,2026-08-22,1,2026-08-29,wk inc covid hosp,quantile,0.1,83.12602102758582
46,2026-08-22,1,2026-08-29,wk inc covid hosp,quantile,0.1,127.86136023120407
47,2026-08-22,1,2026-08-29,wk inc covid hosp,quantile,0.1,707.663582323851
48,2026-08-22,1,2026-08-29,wk inc covid hosp,quantile,0.1,373.81341394672984
49,2026-08-22,1,2026-08-29,wk inc covid hosp,quantile,0.1,36.62704248022404
50,2026-08-22,1,2026-08-29,wk inc covid hosp,quantile,0.1,93.36664877062624
51,2026-08-22,1,2026-08-29,wk inc covid hosp,quantile,0.1,324.451687818755
53,2026-08-22,1,2026-08-29,wk inc covid hosp,quantile,0.1,95.22087075982742
54,2026-08-22,1,2026-08-29,wk inc covid hosp,quantile,0.1,198.59524616065195
55,2026-08-22,1,2026-08-29,wk inc covid hosp,quantile,0.1,143.8064738278836
56,2026-08-22,1,2026-08-29,wk inc covid hosp,quantile,0.1,32.73177661688152
72,2026-08-22,1,2026-08-29,wk inc covid hosp,quantile,0.1,4795.283956150519
US,2026-08-22,1,2026-08-29,wk inc covid hosp,quantile,0.1,1662.655187699407
01,2026-08-22,2,2026-09-05,wk inc covid hosp,quantile,0.1,118.33309135876739
02,2026-08-22,2,2026-09-05,wk inc covid hosp,quantile,0.1,38.19523786436977
04,2026-08-22,2,2026-09-05,wk inc covid hosp,quantile,0.1,198.19912669849091
05,2026-08-22,2,2026-09-05,wk inc covid hosp,quantile,0.1,770.8219505516661
06,2026-08-22,2,2026-09-05,wk inc covid hosp,quantile,0.1,590.8652539663672
08,2026-08-22,2,2026-09-05,wk inc covid hosp,quantile,0.1,191.3320883648765
09,2026-08-22,2,2026-09-05,wk inc covid hosp,quantile,0.1,114.76008856006062
10,2026-08-22,2,2026-09-05,wk inc covid hosp,quantile,0.1,37.90868859977015
11,2026-08-22,2,2026-09-05,wk inc covid hosp,quantile,0.1,793.3810003289497
12,2026-08-22,2,2026-09-05,wk inc covid hosp,quantile,0.1,819.1826406364224
13,2026-08-22,2,2026-09-05,wk inc covid hosp,quantile,0.1,247.2765306843496
15,2026-08-22,2,2026-09-05,wk inc covid hosp,quantile,0.1,55.389370252707536
16,2026-08-22,2,2026-09-05,wk inc covid hosp,quantile,0.1,178.61529060134762
17,2026-08-22,2,2026-09-05,wk inc covid hosp,quantile,0.1,279.76679475290683
18,2026-08-22,2,2026-09-05,wk inc covid hosp,quantile,0.1,211.30589648685188
19,2026-08-22,2,2026-09-05,wk inc covid hosp,quantile,0.1,92.04305960548255
20,2026-08-22,2,2026-09-05,wk inc covid hosp,quantile,0.1,175.55232229246678
21,2026-08-22,2,2026-09-05,wk inc covid hosp,quantile,0.1,209.30709512300248
22,2026-08-22,2,2026-09-05,wk inc covid hosp,quantile,0.1,130.0433784507422
23,2026-08-22,2,2026-09-05,wk inc covid hosp,quantile,0.1,124.90429350710478
24,2026-08-22,2,2026-09-05,wk inc covid hosp,quantile,0.1,238.58067857889802
25,2026-08-22,2,2026-09-05,wk inc covid hosp,quantile,0.1,507.30973232748875
26,2026-08-22,2,2026-09-05,wk inc covid hosp,quantile,0.1,315.39971386762073
27,2026-08-22,2,2026-09-05,wk inc covid hosp,quantile,0.1,111.93171085345132
28,2026-08-22,2,2026-09-05,wk inc covid hosp,quantile,0.1,159.3155272507076
29,2026-08-22,2,2026-09-05,wk inc covid hosp,quantile,0.1,195.94756694021584
30,2026-08-22,2,2026-09-05,wk inc covid hosp,quantile,0.1,50.7677168626917
31,2026-08-22,2,2026-09-05,wk inc covid hosp,quantile,0.1,92.25919405130608
32,2026-08-22,2,2026-09-05,wk inc covid hosp,quantile,0.1,67.41609997497825
33,2026-08-22,2,2026-09-05,wk inc covid hosp,quantile,0.1,247.58211251637942
34,2026-08-22,2,2026-09-05,wk inc covid hosp,quantile,0.1,152.11837930188224
35,2026-08-22,2,2026-09-05,wk inc covid hosp,quantile,0.1,512.8556386958778
36,2026-08-22,2,2026-09-05,wk inc covid hosp,quantile,0.1,951.7333016909407
37,2026-08-22,2,2026-09-05,wk inc covid hosp,quantile,0.1,201.89469509310626
38,2026-08-22,2,2026-09-05,wk inc covid hosp,quantile,0.1,237.86878340003975
39,2026-08-22,2,2026-09-05,wk inc covid hosp,quantile,0.1,275.3589406298591
40,2026-08-22,2,2026-09-05,wk inc covid hosp,quantile,0.1,189.45013972807058
41,2026-08-22,2,2026-09-05,wk inc covid hosp,quantile,0.1,298.6670944129592
42,2026-08-22,2,2026-09-05,wk inc covid hosp,quantile,0.1,270.78591965584076
44,2026-08-22,2,2026-09-05,wk inc covid hosp,quantile,0.1,97.51724542761065
45,2026-08-22,2,2026-09-05,wk inc covid hosp,quantile,0.1,83.35870209302679
46,2026-08-22,2,2026-09-05,wk inc covid hosp,quantile,0.1,127.00221283534492
47,2026-08-22,2,2026-09-05,wk inc covid hosp,quantile,0.1,730.4176591280317
48,2026-08-22,2,2026-09-05,wk inc covid hosp,quantile,0.1,375.6268893842196
49,2026-08-22,2,2026-09-05,wk inc covid hosp,quantile,0.1,38.419953132297856
50,2026-08-22,2,2026-09-05,wk inc covid hosp,quantile,0.1,90.72870932550354
51,2026-08-22,2,2026-09-05,wk inc covid hosp,quantile,0.1,342.75618758214915
53,2026-08-22,2,2026-09-05,wk inc covid hosp,quantile,0.1,98.7625794398319
54,2026-08-22,2,2026-09-05,wk inc covid hosp,quantile,0.1,205.29469568934223
55,2026-08-22,2,2026-09-05,wk inc covid hosp,quantile,0.1,154.72456769887984
56,2026-08-22,2,2026-09-05,wk inc covid hosp,quantile,0.1,28.820174505412254
72,2026-08-22,2,2026-09-05,wk inc covid hosp,quantile,0.1,4397.412111794727
US,2026-08-22,2,2026-09-05,wk inc covid hosp,quantile,0.1,1759.1618306690189
01,2026-08-22,3,2026-09-12,wk inc covid hosp,quantile,0.1,117.72979519801389
02,2026-08-22,3,2026-09-12,wk inc covid hosp,quantile,0.1,34.98107926323062
04,2026-08-22,3,2026-09-12,wk inc covid hosp,quantile,0.1,201.62411440579
05,2026-08-22,3,2026-09-12,wk inc covid hosp,quantile,0.1,785.1557981498437
06,2026-08-22,3,2026-09-12,wk inc covid hosp,quantile,0.1,598.5563317822063
08,2026-08-22,3,2026-09-12,wk inc covid hosp,quantile,0.1,197.67084800435197
09,2026-08-22,3,2026-09-12,wk inc covid hosp,quantile,0.1,112.25849929039676
10,2026-08-22,3,2026-09-12,wk inc covid hosp,quantile,0.1,38.1601506966141
11,2026-08-22,3,2026-09-12,wk inc covid hosp,quantile,0.1,768.637213023426
12,2026-08-22,3,2026-09-12,wk inc covid hosp,quantile,0.1,769.4562544785971
13,2026-08-22,3,2026-09-12,wk inc covid hosp,quantile,0.1,250.8727237729814
15,2026-08-22,3,2026-09-12,wk inc covid hosp,quantile,0.1,53.589081296800366
16,2026-08-22,3,2026-09-12,wk inc covid hosp,quantile,0.1,184.8661319352532
17,2026-08-22,3,2026-09-12,wk inc covid hosp,quantile,0.1,293.69418800226777
18,2026-08-22,3,2026-09-12,wk inc covid hosp,quantile,0.1,219.45635151342876
19,2026-08-22,3,2026-09-12,wk inc covid hosp,quantile,0.1,95.0202174995544
20,2026-08-22,3,2026-09-12,wk inc covid hosp,quantile,0.1,179.57122163061265
21,2026-08-22,3,2026-09-12,wk inc covid hosp,quantile,0.1,212.47950247630698
22,2026-08-22,3,2026-09-12,wk inc covid hosp,quantile,0.1,126.95534877458441
23,2026-08-22,3,2026-09-12,wk inc covid hosp,quantile,0.1,120.36997865671057
24,2026-08-22,3,2026-09-12,wk inc covid hosp,quantile,0.1,247.95316740273114
25,2026-08-22,3,2026-09-12,wk inc covid hosp,quantile,0.1,532.7135804828964
26,2026-08-22,3,2026-09-12,wk inc covid hosp,quantile,0.1,332.57558706029323
27,2026-08-22,3,2026-09-12,wk inc covid hosp,quantile,0.1,115.22989475863824
28,2026-08-22,3,2026-09-12,wk inc covid hosp,quantile,0.1,154.98125236666465
29,2026-08-22,3,2026-09-12,wk inc covid hosp,quantile,0.1,206.89830995804508
30,2026-08-22,3,2026-09-12,wk inc covid hosp,quantile,0.1,48.119244572045716
31,2026-08-22,3,2026-09-12,wk inc covid hosp,quantile,0.1,94.89710465678729
32,2026-08-22,3,2026-09-12,wk inc covid hosp,quantile,0.1,68.23741232917824
33,2026-08-22,3,2026-09-12,wk inc covid hosp,quantile,0.1,235.63266565327092
34,2026-08-22,3,2026-09-12,wk inc covid hosp,quantile,0.1,152.31738791864916
35,2026-08-22,3,2026-09-12,wk inc covid hosp,quantile,0.1,506.8963264622531
36,2026-08-22,3,2026-09-12,wk inc covid hosp,quantile,0.1,1002.678204251976
37,2026-08-22,3,2026-09-12,wk inc covid hosp,quantile,0.1,206.2779915278696
38,2026-08-22,3,2026-09-12,wk inc covid hosp,quantile,0.1,219.7992949492126
39,2026-08-22,3,2026-09-12,wk inc covid hosp,quantile,0.1,292.1426253556237
40,2026-08-22,3,2026-09-12,wk inc covid hosp,quantile,0.1,197.10822815088392
41,2026-08-22,3,2026-09-12,wk inc covid hosp,quantile,0.1,311.4322728694998
42,2026-08-22,3,2026-09-12,wk inc covid hosp,quantile,0.1,281.48935786038
44,2026-08-22,3,2026-09-12,wk inc covid hosp,quantile,0.1,95.10952011546274
45,2026-08-22,3,2026-09-12,wk inc covid hosp,quantile,0.1,86.0774078669424
46,2026-08-22,3,2026-09-12,wk inc covid hosp,quantile,0.1,120.31024515961289
47,2026-08-22,3,2026-09-12,wk inc covid hosp,quantile,0.1,733.1848040352106
48,2026-08-22,3,2026-09-12,wk inc covid hosp,quantile,0.1,363.03379323644486
49,2026-08-22,3,2026-09-12,wk inc covid hosp,quantile,0.1,37.66477998806823
50,2026-08-22,3,2026-09-12,wk inc covid hosp,quantile,0.1,85.37589272273318
51,2026-08-22,3,2026-09-12,wk inc covid hosp,quantile,0.1,356.5484396566298
53,2026-08-22,3,2026-09-12,wk inc covid hosp,quantile,0.1,99.7423513733895
54,2026-08-22,3,2026-09-12,wk inc covid hosp,quantile,0.1,218.93238268472064
55,2026-08-22,3,2026-09-12,wk inc covid hosp,quantile,0.1,159.96147313487134
56,2026-08-22,3,2026-09-12,wk inc covid hosp,quantile,0.1,25.417677810767515
72,2026-08-22,3,2026-09-12,wk inc covid hosp,quantile,0.1,3963.021413125357
US,2026-08-22,3,2026-09-12,wk inc covid hosp,quantile,0.1,1831.7364585288108
01,2026-08-22,0,2026-08-22,wk inc covid hosp,quantile,0.15,113.30858656097838
02,2026-08-22,0,2026-08-22,wk inc covid hosp,quantile,0.15,58.732204274882626
04,2026-08-22,0,2026-08-22,wk inc covid hosp,quantile,0.15,181.56098049610026
05,2026-08-22,0,2026-08-22,wk inc covid hosp,quantile,0.15,733.4985375734617
06,2026-08-22,0,2026-08-22,wk inc covid hosp,quantile,0.15,537.6742900770615
08,2026-08-22,0,2026-08-22,wk inc covid hosp,quantile,0.15,170.7209276015327
09,2026-08-22,0,2026-08-22,wk inc covid hosp,quantile,0.15,109.27143155610071
10,2026-08-22,0,2026-08-22,wk inc covid hosp,quantile,0.15,35.83751257091281
11,2026-08-22,0,2026-08-22,wk inc covid hosp,quantile,0.15,820.0763598758322
12,2026-08-22,0,2026-08-22,wk inc covid hosp,quantile,0.15,869.1891260206697
13,2026-08-22,0,2026-08-22,wk inc covid hosp,quantile,0.15,220.1268466609366
15,2026-08-22,0,2026-08-22,wk inc covid hosp,quantile,0.15,61.04048584394828
16,2026-08-22,0,2026-08-22,wk inc covid hosp,quantile,0.15,180.18202282503586
17,2026-08-22,0,2026-08-22,wk inc covid hosp,quantile,0.15,241.15214149201603
18,2026-08-22,0,2026-08-22,wk inc covid hosp,quantile,0.15,187.39654189429223
19,2026-08-22,0,2026-08-22,wk inc covid hosp,quantile,0.15,86.395541905007
20,2026-08-22,0,2026-08-22,wk inc covid hosp,quantile,0.15,167.71860067493307
21,2026-08-22,0,2026-08-22,wk inc covid hosp,quantile,0.15,186.54285404276487
22,2026-08-22,0,2026-08-22,wk inc covid hosp,quantile,0.15,132.10312500608373
23,2026-08-22,0,2026-08-22,wk inc covid hosp,quantile,0.15,123.64870782634048
24,2026-08-22,0,2026-08-22,wk inc covid hosp,quantile,0.15,212.66008488179273
25,2026-08-22,0,2026-08-22,wk inc covid hosp,quantile,0.15,429.8810443697867
26,2026-08-22,0,2026-08-22,wk inc covid hosp,quantile,0.15,283.88518810190754
27,2026-08-22,0,2026-08-22,wk inc covid hosp,quantile,0.15,99.15712751168616
28,2026-08-22,0,2026-08-22,wk inc covid hosp,quantile,0.15,171.43584958657735
29,2026-08-22,0,2026-08-22,wk inc covid hosp,quantile,0.15,164.61009390199237
30,2026-08-22,0,2026-08-22,wk inc covid hosp,quantile,0.15,54.76860242385712
31,2026-08-22,0,2026-08-22,wk inc covid hosp,quantile,0.15,86.22496913211015
32,2026-08-22,0,2026-08-22,wk inc covid hosp,quantile,0.15,68.07903589032422
33,2026-08-22,0,2026-08-22,wk inc covid hosp,quantile,0.15,239.44965354669947
34,2026-08-22,0,2026-08-22,wk inc covid hosp,quantile,0.15,141.29397476831704
35,2026-08-22,0,2026-08-22,wk inc covid hosp,quantile,0.15,498.123243374258
36,2026-08-22,0,2026-08-22,wk inc covid hosp,quantile,0.15,797.3580379518565
37,2026-08-22,0,2026-08-22,wk inc covid hosp,quantile,0.15,186.8146387327257
38,2026-08-22,0,2026-08-22,wk inc covid hosp,quantile,0.15,244.87101465734955
39,2026-08-22,0,2026-08-22,wk inc covid hosp,quantile,0.15,239.3713165263347
40,2026-08-22,0,2026-08-22,wk inc covid hosp,quantile,0.15,169.12909914003234
41,2026-08-22,0,2026-08-22,wk inc covid hosp,quantile,0.15,279.6688795895661
42,2026-08-22,0,2026-08-22,wk inc covid hosp,quantile,0.15,240.84103687683287
44,2026-08-22,0,2026-08-22,wk inc covid hosp,quantile,0.15,107.49175729385996
45,2026-08-22,0,2026-08-22,wk inc covid hosp,quantile,0.15,81.43032093774384
46,2026-08-22,0,2026-08-22,wk inc covid hosp,quantile,0.15,134.53039082561574
47,2026-08-22,0,2026-08-22,wk inc covid hosp,quantile,0.15,706.8875799782239
48,2026-08-22,0,2026-08-22,wk inc covid hosp,quantile,0.15,383.56681895928136
49,2026-08-22,0,2026-08-22,wk inc covid hosp,quantile,0.15,36.8630382781434
50,2026-08-22,0,2026-08-22,wk inc covid hosp,quantile,0.15,113.87737420047745
51,2026-08-22,0,2026-08-22,wk inc covid hosp,quantile,0.15,300.87235177708254
53,2026-08-22,0,2026-08-22,wk inc covid hosp,quantile,0.15,92.34946763873559
54,2026-08-22,0,2026-08-22,wk inc covid hosp,quantile,0.15,189.09147087668254
55,2026-08-22,0,2026-08-22,wk inc covid hosp,quantile,0.15,133.9583467144119
56,2026-08-22,0,2026-08-22,wk inc covid hosp,quantile,0.15,39.82324301732894
72,2026-08-22,0,2026-08-22,wk inc covid hosp,quantile,0.15,5627.511142455507
US,2026-08-22,0,2026-08-22,wk inc covid hosp,quantile,0.15,1700.718372645969
01,2026-08-22,1,2026-08-29,wk inc covid hosp,quantile,0.15,122.46386909223222
02,2026-08-22,1,2026-08-29,wk inc covid hosp,quantile,0.15,57.95326958667175
04,2026-08-22,1,2026-08-29,wk inc covid hosp,quantile,0.15,205.4725613019462
05,2026-08-22,1,2026-08-29,wk inc covid hosp,quantile,0.15,809.5205530106807
06,2026-08-22,1,2026-08-29,wk inc covid hosp,quantile,0.15,589.71246850288
08,2026-08-22,1,2026-08-29,wk inc covid hosp,quantile,0.15,195.65600203203817
09,2026-08-22,1,2026-08-29,wk inc covid hosp,quantile,0.15,121.07940252825351
10,2026-08-22,1,2026-08-29,wk inc covid hosp,quantile,0.15,39.83885014434082
11,2026-08-22,1,2026-08-29,wk inc covid hosp,quantile,0.15,883.3418955350506
12,2026-08-22,1,2026-08-29,wk inc covid hosp,quantile,0.15,905.0366333242048
13,2026-08-22,1,2026-08-29,wk inc covid hosp,quantile,0.15,247.94442281457756
15,2026-08-22,1,2026-08-29,wk inc covid hosp,quantile,0.15,65.32895222381843
16,2026-08-22,1,2026-08-29,wk inc covid hosp,quantile,0.15,194.65407413343138
17,2026-08-22,1,2026-08-29,wk inc covid hosp,quantile,0.15,277.7058918215071
18,2026-08-22,1,2026-08-29,wk inc covid hosp,quantile,0.15,217.25105296649625
19,2026-08-22,1,2026-08-29,wk inc covid hosp,quantile,0.15,97.47657013947646
20,2026-08-22,1,2026-08-29,wk inc covid hosp,quantile,0.15,185.82645951983534
21,2026-08-22,1,2026-08-29,wk inc covid hosp,quantile,0.15,213.79053393112835
22,2026-08-22,1,2026-08-29,wk inc covid hosp,quantile,0.15,144.09732033616442
23,2026-08-22,1,2026-08-29,wk inc covid hosp,quantile,0.15,137.3356107083841
24,2026-08-22,1,2026-08-29,wk inc covid hosp,quantile,0.15,243.66124220254812
25,2026-08-22,1,2026-08-29,wk inc covid hosp,quantile,0.15,498.1940000251503
26,2026-08-22,1,2026-08-29,wk inc covid hosp,quantile,0.15,332.3175726846673
27,2026-08-22,1,2026-08-29,wk inc covid hosp,quantile,0.15,110.92516766209035
28,2026-08-22,1,2026-08-29,wk inc covid hosp,quantile,0.15,179.30639975001202
29,2026-08-22,1,2026-08-29,wk inc covid hosp,quantile,0.15,193.53328316030365
30,2026-08-22,1,2026-08-29,wk inc covid hosp,quantile,0.15,56.10787745077266
31,2026-08-22,1,2026-08-29,wk inc covid hosp,quantile,0.15,94.97801023246055
32,2026-08-22,1,2026-08-29,wk inc covid hosp,quantile,0.15,72.47367532450713
33,2026-08-22,1,2026-08-29,wk inc covid hosp,quantile,0.15,265.1336220456257
34,2026-08-22,1,2026-08-29,wk inc covid hosp,quantile,0.15,158.0837482477773
35,2026-08-22,1,2026-08-29,wk inc covid hosp,quantile,0.15,553.1611984641214
36,2026-08-22,1,2026-08-29,wk inc covid hosp,quantile,0.15,925.4124576449983
37,2026-08-22,1,2026-08-29,wk inc covid hosp,quantile,0.15,205.56282176701205
38,2026-08-22,1,2026-08-29,wk inc covid hosp,quantile,0.15,267.3916826160881
39,2026-08-22,1,2026-08-29,wk inc covid hosp,quantile,0.15,274.22604113521174
40,2026-08-22,1,2026-08-29,wk inc covid hosp,quantile,0.15,191.9797470155571
41,2026-08-22,1,2026-08-29,wk inc covid hosp,quantile,0.15,314.6505759346523
42,2026-08-22,1,2026-08-29,wk inc covid hosp,quantile,0.15,275.0696876908028
44,2026-08-22,1,2026-08-29,wk inc covid hosp,quantile,0.15,109.98819953357163
45,2026-08-22,1,2026-08-29,wk inc covid hosp,quantile,0.15,88.87490472694564
46,2026-08-22,1,2026-08-29,wk inc covid hosp,quantile,0.15,148.10183000463655
47,2026-08-22,1,2026-08-29,wk inc covid hosp,quantile,0.15,776.8489187797852
48,2026-08-22,1,2026-08-29,wk inc covid hosp,quantile,0.15,401.02227648094924
49,2026-08-22,1,2026-08-29,wk inc covid hosp,quantile,0.15,40.06661524630323
50,2026-08-22,1,2026-08-29,wk inc covid hosp,quantile,0.15,114.78993899392182
51,2026-08-22,1,2026-08-29,wk inc covid hosp,quantile,0.15,345.5632434013445
53,2026-08-22,1,2026-08-29,wk inc covid hosp,quantile,0.15,101.63530628598599
54,2026-08-22,1,2026-08-29,wk inc covid hosp,quantile,0.15,215.15172294543905
55,2026-08-22,1,2026-08-29,wk inc covid hosp,quantile,0.15,153.6102499545002
56,2026-08-22,1,2026-08-29,wk inc covid hosp,quantile,0.15,40.9372933985409
72,2026-08-22,1,2026-08-29,wk inc covid hosp,quantile,0.15,5434.348319213363
US,2026-08-22,1,2026-08-29,wk inc covid hosp,quantile,0.15,1785.355445307762
01,2026-08-22,2,2026-09-05,wk inc covid hosp,quantile,0.15,127.05973992399771
02,2026-08-22,2,2026-09-05,wk inc covid hosp,quantile,0.15,51.369102362374065
04,2026-08-22,2,2026-09-05,wk inc covid hosp,quantile,0.15,214.76067169359786
05,2026-08-22,2,2026-09-05,wk inc covid hosp,quantile,0.15,871.6596293873096
06,2026-08-22,2,2026-09-05,wk inc covid hosp,quantile,0.15,626.4254164525344
08,2026-08-22,2,2026-09-05,wk inc covid hosp,quantile,0.15,210.16730883164243
09,2026-08-22,2,2026-09-05,wk inc covid hosp,quantile,0.15,127.272643774847
10,2026-08-22,2,2026-09-05,wk inc covid hosp,quantile,0.15,42.34282777630071
11,2026-08-22,2,2026-09-05,wk inc covid hosp,quantile,0.15,929.7182282152247
12,2026-08-22,2,2026-09-05,wk inc covid hosp,quantile,0.15,908.6712748939368
13,2026-08-22,2,2026-09-05,wk inc covid hosp,quantile,0.15,262.8748638792441
15,2026-08-22,2,2026-09-05,wk inc covid hosp,quantile,0.15,64.23440273206191
16,2026-08-22,2,2026-09-05,wk inc covid hosp,quantile,0.15,204.44759539937027
17,2026-08-22,2,2026-09-05,wk inc covid hosp,quantile,0.15,303.53988228454864
18,2026-08-22,2,2026-09-05,wk inc covid hosp,quantile,0.15,231.43644910609726
19,2026-08-22,2,2026-09-05,wk inc covid hosp,quantile,0.15,102.77552888122798
20,2026-08-22,2,2026-09-05,wk inc covid hosp,quantile,0.15,193.11078610584065
21,2026-08-22,2,2026-09-05,wk inc covid hosp,quantile,0.15,230.51646581536028
22,2026-08-22,2,2026-09-05,wk inc covid hosp,quantile,0.15,141.59855338004758
23,2026-08-22,2,2026-09-05,wk inc covid hosp,quantile,0.15,143.29797874789347
24,2026-08-22,2,2026-09-05,wk inc covid hosp,quantile,0.15,262.0687910692429
25,2026-08-22,2,2026-09-05,wk inc covid hosp,quantile,0.15,547.8869829438835
26,2026-08-22,2,2026-09-05,wk inc covid hosp,quantile,0.15,358.21777440489643
27,2026-08-22,2,2026-09-05,wk inc covid hosp,quantile,0.15,120.95936930614032
28,2026-08-22,2,2026-09-05,wk inc covid hosp,quantile,0.15,179.1420942711272
29,2026-08-22,2,2026-09-05,wk inc covid hosp,quantile,0.15,212.48113006935827
30,2026-08-22,2,2026-09-05,wk inc covid hosp,quantile,0.15,58.66979513051085
31,2026-08-22,2,2026-09-05,wk inc covid hosp,quantile,0.15,102.27592601264277
32,2026-08-22,2,2026-09-05,wk inc covid hosp,quantile,0.15,74.80905283261833
33,2026-08-22,2,2026-09-05,wk inc covid hosp,quantile,0.15,275.6539824094893
34,2026-08-22,2,2026-09-05,wk inc covid hosp,quantile,0.15,167.39929272001555
35,2026-08-22,2,2026-09-05,wk inc covid hosp,quantile,0.15,567.7650150563547
36,2026-08-22,2,2026-09-05,wk inc covid hosp,quantile,0.15,1017.557390006378
37,2026-08-22,2,2026-09-05,wk inc covid hosp,quantile,0.15,220.76019318700594
38,2026-08-22,2,2026-09-05,wk inc covid hosp,quantile,0.15,275.6673588050819
39,2026-08-22,2,2026-09-05,wk inc covid hosp,quantile,0.15,300.2761410644661
40,2026-08-22,2,2026-09-05,wk inc covid hosp,quantile,0.15,208.83718586327763
41,2026-08-22,2,2026-09-05,wk inc covid hosp,quantile,0.15,328.8489991501213
42,2026-08-22,2,2026-09-05,wk inc covid hosp,quantile,0.15,300.11944470992296
44,2026-08-22,2,2026-09-05,wk inc covid hosp,quantile,0.15,114.75783702296404
45,2026-08-22,2,2026-09-05,wk inc covid hosp,quantile,0.15,93.07821304711733
46,2026-08-22,2,2026-09-05,wk inc covid hosp,quantile,0.15,151.49572705556358
47,2026-08-22,2,2026-09-05,wk inc covid hosp,quantile,0.15,802.9698729259438
48,2026-08-22,2,2026-09-05,wk inc covid hosp,quantile,0.15,407.08720390887515
49,2026-08-22,2,2026-09-05,wk inc covid hosp,quantile,0.15,42.57955551545485
50,2026-08-22,2,2026-09-05,wk inc covid hosp,quantile,0.15,116.62060110258977
51,2026-08-22,2,2026-09-05,wk inc covid hosp,quantile,0.15,372.2876957579824
53,2026-08-22,2,2026-09-05,wk inc covid hosp,quantile,0.15,106.67324040531476
54,2026-08-22,2,2026-09-05,wk inc covid hosp,quantile,0.15,230.39165506893676
55,2026-08-22,2,2026-09-05,wk inc covid hosp,quantile,0.15,170.00742028149926
56,2026-08-22,2,2026-09-05,wk inc covid hosp,quantile,0.15,38.47357332091575
72,2026-08-22,2,2026-09-05,wk inc covid hosp,quantile,0.15,5167.583531807764
US,2026-08-22,2,2026-09-05,wk inc covid hosp,quantile,0.15,1933.0092018247801
01,2026-08-22,3,2026-09-12,wk inc covid hosp,quantile,0.15,130.24523571100286
02,2026-08-22,3,2026-09-12,wk inc covid hosp,quantile,0.15,45.61736659595572
04,2026-08-22,3,2026-09-12,wk inc covid hosp,quantile,0.15,222.20443713877083
05,2026-08-22,3,2026-09-12,wk inc covid hosp,quantile,0.15,893.7842654948781
06,2026-08-22,3,2026-09-12,wk inc covid hosp,quantile,0.15,651.6828790819443
08,2026-08-22,3,2026-09-12,wk inc covid hosp,quantile,0.15,220.09931398107148
09,2026-08-22,3,2026-09-12,wk inc covid hosp,quantile,0.15,129.41993381507586
10,2026-08-22,3,2026-09-12,wk inc covid hosp,quantile,0.15,43.54146227604338
11,2026-08-22,3,2026-09-12,wk inc covid hosp,quantile,0.15,924.8584653802478
12,2026-08-22,3,2026-09-12,wk inc covid hosp,quantile,0.15,865.5020891475831
13,2026-08-22,3,2026-09-12,wk inc covid hosp,quantile,0.15,272.67289046607857
15,2026-08-22,3,2026-09-12,wk inc covid hosp,quantile,0.15,62.07887053736301
16,2026-08-22,3,2026-09-12,wk inc covid hosp,quantile,0.15,215.17234097568132
17,2026-08-22,3,2026-09-12,wk inc covid hosp,quantile,0.15,324.9606804726313
18,2026-08-22,3,2026-09-12,wk inc covid hosp,quantile,0.15,245.52363271333073
19,2026-08-22,3,2026-09-12,wk inc covid hosp,quantile,0.15,108.6083492804347
20,2026-08-22,3,2026-09-12,wk inc covid hosp,quantile,0.15,202.0698481935717
21,2026-08-22,3,2026-09-12,wk inc covid hosp,quantile,0.15,238.58509506497052
22,2026-08-22,3,2026-09-12,wk inc covid hosp,quantile,0.15,142.1675488200217
23,2026-08-22,3,2026-09-12,wk inc covid hosp,quantile,0.15,145.46169353049197
24,2026-08-22,3,2026-09-12,wk inc covid hosp,quantile,0.15,277.1411787664542
25,2026-08-22,3,2026-09-12,wk inc covid hosp,quantile,0.15,584.5362884982382
26,2026-08-22,3,2026-09-12,wk inc covid hosp,quantile,0.15,383.286634702923
27,2026-08-22,3,2026-09-12,wk inc covid hosp,quantile,0.15,126.28475862565809
28,2026-08-22,3,2026-09-12,wk inc covid hosp,quantile,0.15,173.86815749325302
29,2026-08-22,3,2026-09-12,wk inc covid hosp,quantile,0.15,224.99891814629652
30,2026-08-22,3,2026-09-12,wk inc covid hosp,quantile,0.15,59.24375795348584
31,2026-08-22,3,2026-09-12,wk inc covid hosp,quantile,0.15,110.42143237775758
32,2026-08-22,3,2026-09-12,wk inc covid hosp,quantile,0.15,75.50994521295688
33,2026-08-22,3,2026-09-12,wk inc covid hosp,quantile,0.15,275.669252467768
34,2026-08-22,3,2026-09-12,wk inc covid hosp,quantile,0.15,173.88460701509413
35,2026-08-22,3,2026-09-12,wk inc covid hosp,quantile,0.15,589.5322802309821
36,2026-08-22,3,2026-09-12,wk inc covid hosp,quantile,0.15,1074.7153565843666
37,2026-08-22,3,2026-09-12,wk inc covid hosp,quantile,0.15,226.08410393861283
38,2026-08-22,3,2026-09-12,wk inc covid hosp,quantile,0.15,272.2760919132918
39,2026-08-22,3,2026-09-12,wk inc covid hosp,quantile,0.15,319.07149205395376
40,2026-08-22,3,2026-09-12,wk inc covid hosp,quantile,0.15,220.22253304605033
41,2026-08-22,3,2026-09-12,wk inc covid hosp,quantile,0.15,343.77801925239885
42,2026-08-22,3,2026-09-12,wk inc covid hosp,quantile,0.15,320.6244412224418
44,2026-08-22,3,2026-09-12,wk inc covid hosp,quantile,0.15,115.52124343000465
45,2026-08-22,3,2026-09-12,wk inc covid hosp,quantile,0.15,95.94726057859735
46,2026-08-22,3,2026-09-12,wk inc covid hosp,quantile,0.15,151.14576038764486
47,2026-08-22,3,2026-09-12,wk inc covid hosp,quantile,0.15,837.7868661480469
48,2026-08-22,3,2026-09-12,wk inc covid hosp,quantile,0.15,414.50907107282296
49,2026-08-22,3,2026-09-12,wk inc covid hosp,quantile,0.15,42.55553975406295
50,2026-08-22,3,2026-09-12,wk inc covid hosp,quantile,0.15,115.09327104204117
51,2026-08-22,3,2026-09-12,wk inc covid hosp,quantile,0.15,386.21041943215994
53,2026-08-22,3,2026-09-12,wk inc covid hosp,quantile,0.15,109.83442023834638
54,2026-08-22,3,2026-09-12,wk inc covid hosp,quantile,0.15,249.41436544178129
55,2026-08-22,3,2026-09-12,wk inc covid hosp,quantile,0.15,176.46941947116406
56,2026-08-22,3,2026-09-12,wk inc covid hosp,quantile,0.15,37.66768971836958
72,2026-08-22,3,2026-09-12,wk inc covid hosp,quantile,0.15,4908.167122659317
US,2026-08-22,3,2026-09-12,wk inc covid hosp,quantile,0.15,2113.9319913574855
01,2026-08-22,0,2026-08-22,wk inc covid hosp,quantile,0.2,116.96965994162518
02,2026-08-22,0,2026-08-22,wk inc covid hosp,quantile,0.2,64.92868885408409
04,2026-08-22,0,2026-08-22,wk inc covid hosp,quantile,0.2,189.64259239469862
05,2026-08-22,0,2026-08-22,wk inc covid hosp,quantile,0.2,768.6673358312744
06,2026-08-22,0,2026-08-22,wk inc covid hosp,quantile,0.2,553.6062713009376
08,2026-08-22,0,2026-08-22,wk inc covid hosp,quantile,0.2,178.01553986789446
09,2026-08-22,0,2026-08-22,wk inc covid hosp,quantile,0.2,115.95543496745232
10,2026-08-22,0,2026-08-22,wk inc covid hosp,quantile,0.2,37.74375470967738
11,2026-08-22,0,2026-08-22,wk inc covid hosp,quantile,0.2,876.5187073900772
12,2026-08-22,0,2026-08-22,wk inc covid hosp,quantile,0.2,909.2881958191466
13,2026-08-22,0,2026-08-22,wk inc covid hosp,quantile,0.2,226.58533571966342
15,2026-08-22,0,2026-08-22,wk inc covid hosp,quantile,0.2,64.29501168671825
16,2026-08-22,0,2026-08-22,wk inc covid hosp,quantile,0.2,190.43753800673633
17,2026-08-22,0,2026-08-22,wk inc covid hosp,quantile,0.2,250.02173581988353
18,2026-08-22,0,2026-08-22,wk inc covid hosp,quantile,0.2,194.17208134349906
19,2026-08-22,0,2026-08-22,wk inc covid hosp,quantile,0.2,90.84315619036077
20,2026-08-22,0,2026-08-22,wk inc covid hosp,quantile,0.2,176.10734103377794
21,2026-08-22,0,2026-08-22,wk inc covid hosp,quantile,0.2,196.39299913808478
22,2026-08-22,0,2026-08-22,wk inc covid hosp,quantile,0.2,137.56993403031288
23,2026-08-22,0,2026-08-22,wk inc covid hosp,quantile,0.2,131.466382026418
24,2026-08-22,0,2026-08-22,wk inc covid hosp,quantile,0.2,220.84685305273865
25,2026-08-22,0,2026-08-22,wk inc covid hosp,quantile,0.2,445.93072038877943
26,2026-08-22,0,2026-08-22,wk inc covid hosp,quantile,0.2,297.0027872974442
27,2026-08-22,0,2026-08-22,wk inc covid hosp,quantile,0.2,104.19867595553568
28,2026-08-22,0,2026-08-22,wk inc covid hosp,quantile,0.2,180.62344636768321
29,2026-08-22,0,2026-08-22,wk inc covid hosp,quantile,0.2,170.3355656932143
30,2026-08-22,0,2026-08-22,wk inc covid hosp,quantile,0.2,58.726098311890794
31,2026-08-22,0,2026-08-22,wk inc covid hosp,quantile,0.2,90.94047056280108
32,2026-08-22,0,2026-08-22,wk inc covid hosp,quantile,0.2,70.59705463876323
33,2026-08-22,0,2026-08-22,wk inc covid hosp,quantile,0.2,255.37851120823134
34,2026-08-22,0,2026-08-22,wk inc covid hosp,quantile,0.2,149.4505030324261
35,2026-08-22,0,2026-08-22,wk inc covid hosp,quantile,0.2,524.8115649529108
36,2026-08-22,0,2026-08-22,wk inc covid hosp,quantile,0.2,820.9517450948465
37,2026-08-22,0,2026-08-22,wk inc covid hosp,quantile,0.2,193.09526981956094
38,2026-08-22,0,2026-08-22,wk inc covid hosp,quantile,0.2,260.9232160019707
39,2026-08-22,0,2026-08-22,wk inc covid hosp,quantile,0.2,249.36443315171107
40,2026-08-22,0,2026-08-22,wk inc covid hosp,quantile,0.2,175.39640630745444
41,2026-08-22,0,2026-08-22,wk inc covid hosp,quantile,0.2,290.3480423191671
42,2026-08-22,0,2026-08-22,wk inc covid hosp,quantile,0.2,251.71944238080218
44,2026-08-22,0,2026-08-22,wk inc covid hosp,quantile,0.2,115.3387162860628
45,2026-08-22,0,2026-08-22,wk inc covid hosp,quantile,0.2,84.66700720838948
46,2026-08-22,0,2026-08-22,wk inc covid hosp,quantile,0.2,145.23923882801242
47,2026-08-22,0,2026-08-22,wk inc covid hosp,quantile,0.2,734.9295806286206
48,2026-08-22,0,2026-08-22,wk inc covid hosp,quantile,0.2,401.67116206830514
49,2026-08-22,0,2026-08-22,wk inc covid hosp,quantile,0.2,38.72219127139115
50,2026-08-22,0,2026-08-22,wk inc covid hosp,quantile,0.2,127.28958249683927
51,2026-08-22,0,2026-08-22,wk inc covid hosp,quantile,0.2,310.7064792599113
53,2026-08-22,0,2026-08-22,wk inc covid hosp,quantile,0.2,95.1220831211074
54,2026-08-22,0,2026-08-22,wk inc covid hosp,quantile,0.2,197.5668157292725
55,2026-08-22,0,2026-08-22,wk inc covid hosp,quantile,0.2,139.24827953091537
56,2026-08-22,0,2026-08-22,wk inc covid hosp,quantile,0.2,46.09168993782946
72,2026-08-22,0,2026-08-22,wk inc covid hosp,quantile,0.2,6000.254220384239
US,2026-08-22,0,2026-08-22,wk inc covid hosp,quantile,0.2,1765.3180497586418
01,2026-08-22,1,2026-08-29,wk inc covid hosp,quantile,0.2,127.8329315026553
02,2026-08-22,1,2026-08-29,wk inc covid hosp,quantile,0.2,66.36009552920274
04,2026-08-22,1,2026-08-29,wk inc covid hosp,quantile,0.2,217.55119376061566
05,2026-08-22,1,2026-08-29,wk inc covid hosp,quantile,0.2,858.0587670309427
06,2026-08-22,1,2026-08-29,wk inc covid hosp,quantile,0.2,610.2311146462146
08,2026-08-22,1,2026-08-29,wk inc covid hosp,quantile,0.2,206.0333689756201
09,2026-08-22,1,2026-08-29,wk inc covid hosp,quantile,0.2,129.8938997069922
10,2026-08-22,1,2026-08-29,wk inc covid hosp,quantile,0.2,43.25058826041216
11,2026-08-22,1,2026-08-29,wk inc covid hosp,quantile,0.2,984.0136061906425
12,2026-08-22,1,2026-08-29,wk inc covid hosp,quantile,0.2,957.492816011917
13,2026-08-22,1,2026-08-29,wk inc covid hosp,quantile,0.2,257.3904989558774
15,2026-08-22,1,2026-08-29,wk inc covid hosp,quantile,0.2,70.14182133592178
16,2026-08-22,1,2026-08-29,wk inc covid hosp,quantile,0.2,211.30188058568345
17,2026-08-22,1,2026-08-29,wk inc covid hosp,quantile,0.2,290.9243586877728
18,2026-08-22,1,2026-08-29,wk inc covid hosp,quantile,0.2,228.5351709123424
19,2026-08-22,1,2026-08-29,wk inc covid hosp,quantile,0.2,104.83622861563735
20,2026-08-22,1,2026-08-29,wk inc covid hosp,quantile,0.2,199.26563425704126
21,2026-08-22,1,2026-08-29,wk inc covid hosp,quantile,0.2,227.6979736634679
22,2026-08-22,1,2026-08-29,wk inc covid hosp,quantile,0.2,153.02494509694395
23,2026-08-22,1,2026-08-29,wk inc covid hosp,quantile,0.2,149.31666526369338
24,2026-08-22,1,2026-08-29,wk inc covid hosp,quantile,0.2,256.8634919093952
25,2026-08-22,1,2026-08-29,wk inc covid hosp,quantile,0.2,525.4668288979615
26,2026-08-22,1,2026-08-29,wk inc covid hosp,quantile,0.2,352.6875318406429
27,2026-08-22,1,2026-08-29,wk inc covid hosp,quantile,0.2,118.03545706505304
28,2026-08-22,1,2026-08-29,wk inc covid hosp,quantile,0.2,191.15752708256397
29,2026-08-22,1,2026-08-29,wk inc covid hosp,quantile,0.2,202.9637967468726
30,2026-08-22,1,2026-08-29,wk inc covid hosp,quantile,0.2,63.15166772197884
31,2026-08-22,1,2026-08-29,wk inc covid hosp,quantile,0.2,103.39319980695353
32,2026-08-22,1,2026-08-29,wk inc covid hosp,quantile,0.2,77.20699462227022
33,2026-08-22,1,2026-08-29,wk inc covid hosp,quantile,0.2,286.92686022055557
34,2026-08-22,1,2026-08-29,wk inc covid hosp,quantile,0.2,168.08589463596974
35,2026-08-22,1,2026-08-29,wk inc covid hosp,quantile,0.2,586.5515008925415
36,2026-08-22,1,2026-08-29,wk inc covid hosp,quantile,0.2,963.9208663560144
37,2026-08-22,1,2026-08-29,wk inc covid hosp,quantile,0.2,215.13169839703974
38,2026-08-22,1,2026-08-29,wk inc covid hosp,quantile,0.2,299.1560466245588
39,2026-08-22,1,2026-08-29,wk inc covid hosp,quantile,0.2,289.54774336186944
40,2026-08-22,1,2026-08-29,wk inc covid hosp,quantile,0.2,202.57617186983316
41,2026-08-22,1,2026-08-29,wk inc covid hosp,quantile,0.2,332.51531159401435
42,2026-08-22,1,2026-08-29,wk inc covid hosp,quantile,0.2,292.5727341062183
44,2026-08-22,1,2026-08-29,wk inc covid hosp,quantile,0.2,123.63954367234294
45,2026-08-22,1,2026-08-29,wk inc covid hosp,quantile,0.2,95.07974619117302
46,2026-08-22,1,2026-08-29,wk inc covid hosp,quantile,0.2,161.52874481114884
47,2026-08-22,1,2026-08-29,wk inc covid hosp,quantile,0.2,823.1563380617032
48,2026-08-22,1,2026-08-29,wk inc covid hosp,quantile,0.2,427.3487894360015
49,2026-08-22,1,2026-08-29,wk inc covid hosp,quantile,0.2,42.65704112390487
50,2026-08-22,1,2026-08-29,wk inc covid hosp,quantile,0.2,128.55019007091195
51,2026-08-22,1,2026-08-29,wk inc covid hosp,quantile,0.2,361.52336573024326
53,2026-08-22,1,2026-08-29,wk inc covid hosp,quantile,0.2,106.64962109112889
54,2026-08-22,1,2026-08-29,wk inc covid hosp,quantile,0.2,230.57307207411992
55,2026-08-22,1,2026-08-29,wk inc covid hosp,quantile,0.2,163.01232855524685
56,2026-08-22,1,2026-08-29,wk inc covid hosp,quantile,0.2,48.558532432346965
72,2026-08-22,1,2026-08-29,wk inc covid hosp,quantile,0.2,5916.38747202034
US,2026-08-22,1,2026-08-29,wk inc covid hosp,quantile,0.2,1893.4025064782893
01,2026-08-22,2,2026-09-05,wk inc covid hosp,quantile,0.2,134.8028506309618
02,2026-08-22,2,2026-09-05,wk inc covid hosp,quantile,0.2,63.66870975381404
04,2026-08-22,2,2026-09-05,wk inc covid hosp,quantile,0.2,230.30771054925404
05,2026-08-22,2,2026-09-05,wk inc covid hosp,quantile,0.2,941.2534360333522
06,2026-08-22,2,2026-09-05,wk inc covid hosp,quantile,0.2,654.2947068039714
08,2026-08-22,2,2026-09-05,wk inc covid hosp,quantile,0.2,223.84266729321095
09,2026-08-22,2,2026-09-05,wk inc covid hosp,quantile,0.2,140.12315345554612
10,2026-08-22,2,2026-09-05,wk inc covid hosp,quantile,0.2,46.42672532955923
11,2026-08-22,2,2026-09-05,wk inc covid hosp,quantile,0.2,1049.897153490991
12,2026-08-22,2,2026-09-05,wk inc covid hosp,quantile,0.2,979.5170057760466
13,2026-08-22,2,2026-09-05,wk inc covid hosp,quantile,0.2,276.00408476612796
15,2026-08-22,2,2026-09-05,wk inc covid hosp,quantile,0.2,70.14524774098591
16,2026-08-22,2,2026-09-05,wk inc covid hosp,quantile,0.2,225.13741889612683
17,2026-08-22,2,2026-09-05,wk inc covid hosp,quantile,0.2,322.0651817727301
18,2026-08-22,2,2026-09-05,wk inc covid hosp,quantile,0.2,248.73345124927752
19,2026-08-22,2,2026-09-05,wk inc covid hosp,quantile,0.2,111.4086170222704
20,2026-08-22,2,2026-09-05,wk inc covid hosp,quantile,0.2,211.41785232754745
21,2026-08-22,2,2026-09-05,wk inc covid hosp,quantile,0.2,248.5693288497652
22,2026-08-22,2,2026-09-05,wk inc covid hosp,quantile,0.2,150.16937188819
23,2026-08-22,2,2026-09-05,wk inc covid hosp,quantile,0.2,160.2454501116704
24,2026-08-22,2,2026-09-05,wk inc covid hosp,quantile,0.2,277.8060752703318
25,2026-08-22,2,2026-09-05,wk inc covid hosp,quantile,0.2,584.6536094872217
26,2026-08-22,2,2026-09-05,wk inc covid hosp,quantile,0.2,392.4408917932025
27,2026-08-22,2,2026-09-05,wk inc covid hosp,quantile,0.2,129.6577370988546
28,2026-08-22,2,2026-09-05,wk inc covid hosp,quantile,0.2,194.22679298334236
29,2026-08-22,2,2026-09-05,wk inc covid hosp,quantile,0.2,225.78701138384264
30,2026-08-22,2,2026-09-05,wk inc covid hosp,quantile,0.2,67.29282576405605
31,2026-08-22,2,2026-09-05,wk inc covid hosp,quantile,0.2,113.14667146435492
32,2026-08-22,2,2026-09-05,wk inc covid hosp,quantile,0.2,80.8313054057008
33,2026-08-22,2,2026-09-05,wk inc covid hosp,quantile,0.2,302.5285565695434
34,2026-08-22,2,2026-09-05,wk inc covid hosp,quantile,0.2,180.5661316798826
35,2026-08-22,2,2026-09-05,wk inc covid hosp,quantile,0.2,627.340245360463
36,2026-08-22,2,2026-09-05,wk inc covid hosp,quantile,0.2,1063.318170619577
37,2026-08-22,2,2026-09-05,wk inc covid hosp,quantile,0.2,230.6432087777068
38,2026-08-22,2,2026-09-05,wk inc covid hosp,quantile,0.2,312.5112044280945
39,2026-08-22,2,2026-09-05,wk inc covid hosp,quantile,0.2,318.50377672046403
40,2026-08-22,2,2026-09-05,wk inc covid hosp,quantile,0.2,224.89115091477302
41,2026-08-22,2,2026-09-05,wk inc covid hosp,quantile,0.2,356.9527365528486
42,2026-08-22,2,2026-09-05,wk inc covid hosp,quantile,0.2,322.50311737156227
44,2026-08-22,2,2026-09-05,wk inc covid hosp,quantile,0.2,128.45603355098558
45,2026-08-22,2,2026-09-05,wk inc covid hosp,quantile,0.2,98.9236894766962
46,2026-08-22,2,2026-09-05,wk inc covid hosp,quantile,0.2,172.2215314176241
47,2026-08-22,2,2026-09-05,wk inc covid hosp,quantile,0.2,868.8316725302227
48,2026-08-22,2,2026-09-05,wk inc covid hosp,quantile,0.2,438.5874992572102
49,2026-08-22,2,2026-09-05,wk inc covid hosp,quantile,0.2,46.017387669902845
50,2026-08-22,2,2026-09-05,wk inc covid hosp,quantile,0.2,137.45784581183207
51,2026-08-22,2,2026-09-05,wk inc covid hosp,quantile,0.2,395.36534867145485
53,2026-08-22,2,2026-09-05,wk inc covid hosp,quantile,0.2,112.91227934548613
54,2026-08-22,2,2026-09-05,wk inc covid hosp,quantile,0.2,253.45566381579877
55,2026-08-22,2,2026-09-05,wk inc covid hosp,quantile,0.2,181.10956833531029
56,2026-08-22,2,2026-09-05,wk inc covid hosp,quantile,0.2,47.82043182657826
72,2026-08-22,2,2026-09-05,wk inc covid hosp,quantile,0.2,5753.968216952399
US,2026-08-22,2,2026-09-05,wk inc covid hosp,quantile,0.2,2094.394451071026
01,2026-08-22,3,2026-09-12,wk inc covid hosp,quantile,0.2,139.21545635288396
02,2026-08-22,3,2026-09-12,wk inc covid hosp,quantile,0.2,58.26106872580278
04,2026-08-22,3,2026-09-12,wk inc covid hosp,quantile,0.2,244.5587848704121
05,2026-08-22,3,2026-09-12,wk inc covid hosp,quantile,0.2,992.7117390330071
06,2026-08-22,3,2026-09-12,wk inc covid hosp,quantile,0.2,680.3379525430927
08,2026-08-22,3,2026-09-12,wk inc covid hosp,quantile,0.2,236.37351696513267
09,2026-08-22,3,2026-09-12,wk inc covid hosp,quantile,0.2,148.9185998497035
10,2026-08-22,3,2026-09-12,wk inc covid hosp,quantile,0.2,48.521987469999985
11,2026-08-22,3,2026-09-12,wk inc covid hosp,quantile,0.2,1062.8936146870667
12,2026-08-22,3,2026-09-12,wk inc covid hosp,quantile,0.2,981.5966395852184
13,2026-08-22,3,2026-09-12,wk inc covid hosp,quantile,0.2,291.3867375190789
15,2026-08-22,3,2026-09-12,wk inc covid hosp,quantile,0.2,69.16600281796165
16,2026-08-22,3,2026-09-12,wk inc covid hosp,quantile,0.2,241.35822647617923
17,2026-08-22,3,2026-09-12,wk inc covid hosp,quantile,0.2,349.6459753150333
18,2026-08-22,3,2026-09-12,wk inc covid hosp,quantile,0.2,264.20448522860585
19,2026-08-22,3,2026-09-12,wk inc covid hosp,quantile,0.2,120.98289672031005
20,2026-08-22,3,2026-09-12,wk inc covid hosp,quantile,0.2,225.39175929323682
21,2026-08-22,3,2026-09-12,wk inc covid hosp,quantile,0.2,260.59047900950105
22,2026-08-22,3,2026-09-12,wk inc covid hosp,quantile,0.2,153.3113642370284
23,2026-08-22,3,2026-09-12,wk inc covid hosp,quantile,0.2,166.11362886534843
24,2026-08-22,3,2026-09-12,wk inc covid hosp,quantile,0.2,298.8693216278146
25,2026-08-22,3,2026-09-12,wk inc covid hosp,quantile,0.2,625.9201933338961
26,2026-08-22,3,2026-09-12,wk inc covid hosp,quantile,0.2,418.6094885733981
27,2026-08-22,3,2026-09-12,wk inc covid hosp,quantile,0.2,137.7994560062147
28,2026-08-22,3,2026-09-12,wk inc covid hosp,quantile,0.2,193.72616464527928
29,2026-08-22,3,2026-09-12,wk inc covid hosp,quantile,0.2,242.60757108447447
30,2026-08-22,3,2026-09-12,wk inc covid hosp,quantile,0.2,67.42011163404635
31,2026-08-22,3,2026-09-12,wk inc covid hosp,quantile,0.2,120.67310171915686
32,2026-08-22,3,2026-09-12,wk inc covid hosp,quantile,0.2,81.84678905284791
33,2026-08-22,3,2026-09-12,wk inc covid hosp,quantile,0.2,316.34716236212296
34,2026-08-22,3,2026-09-12,wk inc covid hosp,quantile,0.2,191.6839013033624
35,2026-08-22,3,2026-09-12,wk inc covid hosp,quantile,0.2,650.9856663152453
36,2026-08-22,3,2026-09-12,wk inc covid hosp,quantile,0.2,1138.6942282244188
37,2026-08-22,3,2026-09-12,wk inc covid hosp,quantile,0.2,239.83640213808968
38,2026-08-22,3,2026-09-12,wk inc covid hosp,quantile,0.2,316.8140092747038
39,2026-08-22,3,2026-09-12,wk inc covid hosp,quantile,0.2,341.7386805256448
40,2026-08-22,3,2026-09-12,wk inc covid hosp,quantile,0.2,238.80966064020765
41,2026-08-22,3,2026-09-12,wk inc covid hosp,quantile,0.2,375.757304146415
42,2026-08-22,3,2026-09-12,wk inc covid hosp,quantile,0.2,349.1725395882083
44,2026-08-22,3,2026-09-12,wk inc covid hosp,quantile,0.2,133.10089554338248
45,2026-08-22,3,2026-09-12,wk inc covid hosp,quantile,0.2,104.49223125840624
46,2026-08-22,3,2026-09-12,wk inc covid hosp,quantile,0.2,181.01578370656074
47,2026-08-22,3,2026-09-12,wk inc covid hosp,quantile,0.2,913.9264038297301
48,2026-08-22,3,2026-09-12,wk inc covid hosp,quantile,0.2,449.2549249708538
49,2026-08-22,3,2026-09-12,wk inc covid hosp,quantile,0.2,46.769926830336146
50,2026-08-22,3,2026-09-12,wk inc covid hosp,quantile,0.2,142.47965484741724
51,2026-08-22,3,2026-09-12,wk inc covid hosp,quantile,0.2,417.48034208913555
53,2026-08-22,3,2026-09-12,wk inc covid hosp,quantile,0.2,118.1637574050439
54,2026-08-22,3,2026-09-12,wk inc covid hosp,quantile,0.2,270.45578604320355
55,2026-08-22,3,2026-09-12,wk inc covid hosp,quantile,0.2,192.68941616073002
56,2026-08-22,3,2026-09-12,wk inc covid hosp,quantile,0.2,49.13531518174133
72,2026-08-22,3,2026-09-12,wk inc covid hosp,quantile,0.2,5674.945209797629
US,2026-08-22,3,2026-09-12,wk inc covid hosp,quantile,0.2,2291.634062367343
01,2026-08-22,0,2026-08-22,wk inc covid hosp,quantile,0.25,119.89705887677869
02,2026-08-22,0,2026-08-22,wk inc covid hosp,quantile,0.25,70.376428719226
04,2026-08-22,0,2026-08-22,wk inc covid hosp,quantile,0.25,195.33072788255495
05,2026-08-22,0,2026-08-22,wk inc covid hosp,quantile,0.25,805.9563225983719
06,2026-08-22,0,2026-08-22,wk inc covid hosp,quantile,0.25,565.1296684344554
08,2026-08-22,0,2026-08-22,wk inc covid hosp,quantile,0.25,184.99729896372213
09,2026-08-22,0,2026-08-22,wk inc covid hosp,quantile,0.25,121.15815384546043
10,2026-08-22,0,2026-08-22,wk inc covid hosp,quantile,0.25,39.62923313340415
11,2026-08-22,0,2026-08-22,wk inc covid hosp,quantile,0.25,922.8028757564585
12,2026-08-22,0,2026-08-22,wk inc covid hosp,quantile,0.25,944.7638187520173
13,2026-08-22,0,2026-08-22,wk inc covid hosp,quantile,0.25,232.69168543421478
15,2026-08-22,0,2026-08-22,wk inc covid hosp,quantile,0.25,67.11132735328381
16,2026-08-22,0,2026-08-22,wk inc covid hosp,quantile,0.25,198.46778226655894
17,2026-08-22,0,2026-08-22,wk inc covid hosp,quantile,0.25,258.39078658625556
18,2026-08-22,0,2026-08-22,wk inc covid hosp,quantile,0.25,200.139104039493
19,2026-08-22,0,2026-08-22,wk inc covid hosp,quantile,0.25,94.91176477422616
20,2026-08-22,0,2026-08-22,wk inc covid hosp,quantile,0.25,182.89054982855342
21,2026-08-22,0,2026-08-22,wk inc covid hosp,quantile,0.25,203.6579686065121
22,2026-08-22,0,2026-08-22,wk inc covid hosp,quantile,0.25,141.52795523971724
23,2026-08-22,0,2026-08-22,wk inc covid hosp,quantile,0.25,139.48608555893858
24,2026-08-22,0,2026-08-22,wk inc covid hosp,quantile,0.25,228.5760504210263
25,2026-08-22,0,2026-08-22,wk inc covid hosp,quantile,0.25,461.22214517653316
26,2026-08-22,0,2026-08-22,wk inc covid hosp,quantile,0.25,311.08970673410965
27,2026-08-22,0,2026-08-22,wk inc covid hosp,quantile,0.25,107.82269490855535
28,2026-08-22,0,2026-08-22,wk inc covid hosp,quantile,0.25,188.42482263934374
29,2026-08-22,0,2026-08-22,wk inc covid hosp,quantile,0.25,175.24525023577672
30,2026-08-22,0,2026-08-22,wk inc covid hosp,quantile,0.25,62.745906050267976
31,2026-08-22,0,2026-08-22,wk inc covid hosp,quantile,0.25,95.211411542288
32,2026-08-22,0,2026-08-22,wk inc covid hosp,quantile,0.25,73.36569595687612
33,2026-08-22,0,2026-08-22,wk inc covid hosp,quantile,0.25,268.3786887591503
34,2026-08-22,0,2026-08-22,wk inc covid hosp,quantile,0.25,155.32521161164618
35,2026-08-22,0,2026-08-22,wk inc covid hosp,quantile,0.25,546.3580838736234
36,2026-08-22,0,2026-08-22,wk inc covid hosp,quantile,0.25,841.6636171972189
37,2026-08-22,0,2026-08-22,wk inc covid hosp,quantile,0.25,198.22329671265632
38,2026-08-22,0,2026-08-22,wk inc covid hosp,quantile,0.25,280.9030577696507
39,2026-08-22,0,2026-08-22,wk inc covid hosp,quantile,0.25,257.14714720645503
40,2026-08-22,0,2026-08-22,wk inc covid hosp,quantile,0.25,181.4967259757496
41,2026-08-22,0,2026-08-22,wk inc covid hosp,quantile,0.25,301.2818012134534
42,2026-08-22,0,2026-08-22,wk inc covid hosp,quantile,0.25,261.68846303098815
44,2026-08-22,0,2026-08-22,wk inc covid hosp,quantile,0.25,122.59976205489002
45,2026-08-22,0,2026-08-22,wk inc covid hosp,quantile,0.25,87.46296644207993
46,2026-08-22,0,2026-08-22,wk inc covid hosp,quantile,0.25,155.0770442317756
47,2026-08-22,0,2026-08-22,wk inc covid hosp,quantile,0.25,761.6477021384471
48,2026-08-22,0,2026-08-22,wk inc covid hosp,quantile,0.25,415.74987453005554
49,2026-08-22,0,2026-08-22,wk inc covid hosp,quantile,0.25,40.254761616776996
50,2026-08-22,0,2026-08-22,wk inc covid hosp,quantile,0.25,137.74273308229252
51,2026-08-22,0,2026-08-22,wk inc covid hosp,quantile,0.25,320.02565465850523
53,2026-08-22,0,2026-08-22,wk inc covid hosp,quantile,0.25,97.92686303212514
54,2026-08-22,0,2026-08-22,wk inc covid hosp,quantile,0.25,206.1157385205461
55,2026-08-22,0,2026-08-22,wk inc covid hosp,quantile,0.25,143.96592586441875
56,2026-08-22,0,2026-08-22,wk inc covid hosp,quantile,0.25,51.08966717967373
72,2026-08-22,0,2026-08-22,wk inc covid hosp,quantile,0.25,6331.531773012423
US,2026-08-22,0,2026-08-22,wk inc covid hosp,quantile,0.25,1828.8823251508013
01,2026-08-22,1,2026-08-29,wk inc covid hosp,quantile,0.25,132.68578378769925
02,2026-08-22,1,2026-08-29,wk inc covid hosp,quantile,0.25,73.91171952352215
04,2026-08-22,1,2026-08-29,wk inc covid hosp,quantile,0.25,228.89382322524852
05,2026-08-22,1,2026-08-29,wk inc covid hosp,quantile,0.25,920.3824909661057
06,2026-08-22,1,2026-08-29,wk inc covid hosp,quantile,0.25,627.3530794082292
08,2026-08-22,1,2026-08-29,wk inc covid hosp,quantile,0.25,215.74388953811143
09,2026-08-22,1,2026-08-29,wk inc covid hosp,quantile,0.25,138.58055463620218
10,2026-08-22,1,2026-08-29,wk inc covid hosp,quantile,0.25,46.50184852184288
11,2026-08-22,1,2026-08-29,wk inc covid hosp,quantile,0.25,1070.3984591910578
12,2026-08-22,1,2026-08-29,wk inc covid hosp,quantile,0.25,1011.057420391103
13,2026-08-22,1,2026-08-29,wk inc covid hosp,quantile,0.25,266.9222552381928
15,2026-08-22,1,2026-08-29,wk inc covid hosp,quantile,0.25,73.90438427366396
16,2026-08-22,1,2026-08-29,wk inc covid hosp,quantile,0.25,225.78891994392654
17,2026-08-22,1,2026-08-29,wk inc covid hosp,quantile,0.25,301.96069762903545
18,2026-08-22,1,2026-08-29,wk inc covid hosp,quantile,0.25,238.86525189562258
19,2026-08-22,1,2026-08-29,wk inc covid hosp,quantile,0.25,110.26796729867702
20,2026-08-22,1,2026-08-29,wk inc covid hosp,quantile,0.25,212.04999948925175
21,2026-08-22,1,2026-08-29,wk inc covid hosp,quantile,0.25,238.99883880733722
22,2026-08-22,1,2026-08-29,wk inc covid hosp,quantile,0.25,158.9575951624205
23,2026-08-22,1,2026-08-29,wk inc covid hosp,quantile,0.25,161.26214291200736
24,2026-08-22,1,2026-08-29,wk inc covid hosp,quantile,0.25,269.699598937231
25,2026-08-22,1,2026-08-29,wk inc covid hosp,quantile,0.25,550.7015020402436
26,2026-08-22,1,2026-08-29,wk inc covid hosp,quantile,0.25,372.6546102282178
27,2026-08-22,1,2026-08-29,wk inc covid hosp,quantile,0.25,124.48940449192459
28,2026-08-22,1,2026-08-29,wk inc covid hosp,quantile,0.25,200.21491128283185
29,2026-08-22,1,2026-08-29,wk inc covid hosp,quantile,0.25,211.2400987449014
30,2026-08-22,1,2026-08-29,wk inc covid hosp,quantile,0.25,68.68686819428407
31,2026-08-22,1,2026-08-29,wk inc covid hosp,quantile,0.25,112.36267721962864
32,2026-08-22,1,2026-08-29,wk inc covid hosp,quantile,0.25,80.5105970730459
33,2026-08-22,1,2026-08-29,wk inc covid hosp,quantile,0.25,306.7393422997568
34,2026-08-22,1,2026-08-29,wk inc covid hosp,quantile,0.25,175.65903835103083
35,2026-08-22,1,2026-08-29,wk inc covid hosp,quantile,0.25,624.1349364718557
36,2026-08-22,1,2026-08-29,wk inc covid hosp,quantile,0.25,990.9788818703321
37,2026-08-22,1,2026-08-29,wk inc covid hosp,quantile,0.25,222.07663231725763
38,2026-08-22,1,2026-08-29,wk inc covid hosp,quantile,0.25,325.66883014812873
39,2026-08-22,1,2026-08-29,wk inc covid hosp,quantile,0.25,302.42712677747437
40,2026-08-22,1,2026-08-29,wk inc covid hosp,quantile,0.25,212.50500012314953
41,2026-08-22,1,2026-08-29,wk inc covid hosp,quantile,0.25,350.21735324360435
42,2026-08-22,1,2026-08-29,wk inc covid hosp,quantile,0.25,307.9460788732939
44,2026-08-22,1,2026-08-29,wk inc covid hosp,quantile,0.25,135.99829757630604
45,2026-08-22,1,2026-08-29,wk inc covid hosp,quantile,0.25,99.89538631236252
46,2026-08-22,1,2026-08-29,wk inc covid hosp,quantile,0.25,179.837139462267
47,2026-08-22,1,2026-08-29,wk inc covid hosp,quantile,0.25,869.6775359296707
48,2026-08-22,1,2026-08-29,wk inc covid hosp,quantile,0.25,448.07293390195974
49,2026-08-22,1,2026-08-29,wk inc covid hosp,quantile,0.25,45.18788153183713
50,2026-08-22,1,2026-08-29,wk inc covid hosp,quantile,0.25,145.7331728922285
51,2026-08-22,1,2026-08-29,wk inc covid hosp,quantile,0.25,376.9856634797398
53,2026-08-22,1,2026-08-29,wk inc covid hosp,quantile,0.25,111.36695922195307
54,2026-08-22,1,2026-08-29,wk inc covid hosp,quantile,0.25,245.9006870569522
55,2026-08-22,1,2026-08-29,wk inc covid hosp,quantile,0.25,171.63537493431755
56,2026-08-22,1,2026-08-29,wk inc covid hosp,quantile,0.25,55.697480820408074
72,2026-08-22,1,2026-08-29,wk inc covid hosp,quantile,0.25,6429.297502249728
US,2026-08-22,1,2026-08-29,wk inc covid hosp,quantile,0.25,2003.7306786080753
01,2026-08-22,2,2026-09-05,wk inc covid hosp,quantile,0.25,141.93590992591348
02,2026-08-22,2,2026-09-05,wk inc covid hosp,quantile,0.25,73.80527863738683
04,2026-08-22,2,2026-09-05,wk inc covid hosp,quantile,0.25,245.03068897862155
05,2026-08-22,2,2026-09-05,wk inc covid hosp,quantile,0.25,1008.107061510471
06,2026-08-22,2,2026-09-05,wk inc covid hosp,quantile,0.25,679.1886283455026
08,2026-08-22,2,2026-09-05,wk inc covid hosp,quantile,0.25,236.81628547693086
09,2026-08-22,2,2026-09-05,wk inc covid hosp,quantile,0.25,150.5296322873511
10,2026-08-22,2,2026-09-05,wk inc covid hosp,quantile,0.25,49.715276654277936
11,2026-08-22,2,2026-09-05,wk inc covid hosp,quantile,0.25,1137.7871212687367
12,2026-08-22,2,2026-09-05,wk inc covid hosp,quantile,0.25,1047.7227734659775
13,2026-08-22,2,2026-09-05,wk inc covid hosp,quantile,0.25,289.31487848118076
15,2026-08-22,2,2026-09-05,wk inc covid hosp,quantile,0.25,75.80698854026332
16,2026-08-22,2,2026-09-05,wk inc covid hosp,quantile,0.25,244.9827984226562
17,2026-08-22,2,2026-09-05,wk inc covid hosp,quantile,0.25,340.73580430724974
18,2026-08-22,2,2026-09-05,wk inc covid hosp,quantile,0.25,262.61845405868905
19,2026-08-22,2,2026-09-05,wk inc covid hosp,quantile,0.25,119.8211302767626
20,2026-08-22,2,2026-09-05,wk inc covid hosp,quantile,0.25,227.97446026572868
21,2026-08-22,2,2026-09-05,wk inc covid hosp,quantile,0.25,264.69929749985806
22,2026-08-22,2,2026-09-05,wk inc covid hosp,quantile,0.25,159.0844008205445
23,2026-08-22,2,2026-09-05,wk inc covid hosp,quantile,0.25,174.94730691399877
24,2026-08-22,2,2026-09-05,wk inc covid hosp,quantile,0.25,298.2659482451189
25,2026-08-22,2,2026-09-05,wk inc covid hosp,quantile,0.25,617.0948050657896
26,2026-08-22,2,2026-09-05,wk inc covid hosp,quantile,0.25,418.9334519589744
27,2026-08-22,2,2026-09-05,wk inc covid hosp,quantile,0.25,137.91127483699395
28,2026-08-22,2,2026-09-05,wk inc covid hosp,quantile,0.25,207.7906769760818
29,2026-08-22,2,2026-09-05,wk inc covid hosp,quantile,0.25,237.37728219983012
30,2026-08-22,2,2026-09-05,wk inc covid hosp,quantile,0.25,74.47554011015878
31,2026-08-22,2,2026-09-05,wk inc covid hosp,quantile,0.25,122.65796130145453
32,2026-08-22,2,2026-09-05,wk inc covid hosp,quantile,0.25,86.34171449737156
33,2026-08-22,2,2026-09-05,wk inc covid hosp,quantile,0.25,329.1597494313483
34,2026-08-22,2,2026-09-05,wk inc covid hosp,quantile,0.25,193.2951884507557
35,2026-08-22,2,2026-09-05,wk inc covid hosp,quantile,0.25,674.5814860906431
36,2026-08-22,2,2026-09-05,wk inc covid hosp,quantile,0.25,1107.3651117584138
37,2026-08-22,2,2026-09-05,wk inc covid hosp,quantile,0.25,241.37904687119774
38,2026-08-22,2,2026-09-05,wk inc covid hosp,quantile,0.25,344.28754113829166
39,2026-08-22,2,2026-09-05,wk inc covid hosp,quantile,0.25,334.3026591964814
40,2026-08-22,2,2026-09-05,wk inc covid hosp,quantile,0.25,236.50999791993343
41,2026-08-22,2,2026-09-05,wk inc covid hosp,quantile,0.25,378.7878484124572
42,2026-08-22,2,2026-09-05,wk inc covid hosp,quantile,0.25,343.10127873553694
44,2026-08-22,2,2026-09-05,wk inc covid hosp,quantile,0.25,141.52517836433194
45,2026-08-22,2,2026-09-05,wk inc covid hosp,quantile,0.25,106.63253765904501
46,2026-08-22,2,2026-09-05,wk inc covid hosp,quantile,0.25,195.70755234301902
47,2026-08-22,2,2026-09-05,wk inc covid hosp,quantile,0.25,936.13007663272
48,2026-08-22,2,2026-09-05,wk inc covid hosp,quantile,0.25,467.3558072005996
49,2026-08-22,2,2026-09-05,wk inc covid hosp,quantile,0.25,49.33000898188663
50,2026-08-22,2,2026-09-05,wk inc covid hosp,quantile,0.25,156.837006678833
51,2026-08-22,2,2026-09-05,wk inc covid hosp,quantile,0.25,413.6447962481149
53,2026-08-22,2,2026-09-05,wk inc covid hosp,quantile,0.25,119.32201965459217
54,2026-08-22,2,2026-09-05,wk inc covid hosp,quantile,0.25,274.8266058095603
55,2026-08-22,2,2026-09-05,wk inc covid hosp,quantile,0.25,191.1111937984451
56,2026-08-22,2,2026-09-05,wk inc covid hosp,quantile,0.25,57.87850958359941
72,2026-08-22,2,2026-09-05,wk inc covid hosp,quantile,0.25,6372.033122784783
US,2026-08-22,2,2026-09-05,wk inc covid hosp,quantile,0.25,2241.2312907701153
01,2026-08-22,3,2026-09-12,wk inc covid hosp,quantile,0.25,148.10742098251012
02,2026-08-22,3,2026-09-12,wk inc covid hosp,quantile,0.25,70.2700599783526
04,2026-08-22,3,2026-09-12,wk inc covid hosp,quantile,0.25,263.4146192086397
05,2026-08-22,3,2026-09-12,wk inc covid hosp,quantile,0.25,1078.3394262850209
06,2026-08-22,3,2026-09-12,wk inc covid hosp,quantile,0.25,709.5107638921763
08,2026-08-22,3,2026-09-12,wk inc covid hosp,quantile,0.25,252.08195963002152
09,2026-08-22,3,2026-09-12,wk inc covid hosp,quantile,0.25,161.24607277792794
10,2026-08-22,3,2026-09-12,wk inc covid hosp,quantile,0.25,53.602742534247135
11,2026-08-22,3,2026-09-12,wk inc covid hosp,quantile,0.25,1189.2241081053094
12,2026-08-22,3,2026-09-12,wk inc covid hosp,quantile,0.25,1048.6454512072755
13,2026-08-22,3,2026-09-12,wk inc covid hosp,quantile,0.25,305.05528117563887
15,2026-08-22,3,2026-09-12,wk inc covid hosp,quantile,0.25,75.78139909265967
16,2026-08-22,3,2026-09-12,wk inc covid hosp,quantile,0.25,266.144414053542
17,2026-08-22,3,2026-09-12,wk inc covid hosp,quantile,0.25,372.32625182667107
18,2026-08-22,3,2026-09-12,wk inc covid hosp,quantile,0.25,282.55096959038303
19,2026-08-22,3,2026-09-12,wk inc covid hosp,quantile,0.25,131.5696782059017
20,2026-08-22,3,2026-09-12,wk inc covid hosp,quantile,0.25,242.5458221564635
21,2026-08-22,3,2026-09-12,wk inc covid hosp,quantile,0.25,281.3689435118194
22,2026-08-22,3,2026-09-12,wk inc covid hosp,quantile,0.25,164.11994951294983
23,2026-08-22,3,2026-09-12,wk inc covid hosp,quantile,0.25,185.53033398115295
24,2026-08-22,3,2026-09-12,wk inc covid hosp,quantile,0.25,321.58666620743384
25,2026-08-22,3,2026-09-12,wk inc covid hosp,quantile,0.25,669.0093935463822
26,2026-08-22,3,2026-09-12,wk inc covid hosp,quantile,0.25,453.22293492842135
27,2026-08-22,3,2026-09-12,wk inc covid hosp,quantile,0.25,149.43884665025806
28,2026-08-22,3,2026-09-12,wk inc covid hosp,quantile,0.25,207.4321313269481
29,2026-08-22,3,2026-09-12,wk inc covid hosp,quantile,0.25,257.1334654459784
30,2026-08-22,3,2026-09-12,wk inc covid hosp,quantile,0.25,76.44246188575049
31,2026-08-22,3,2026-09-12,wk inc covid hosp,quantile,0.25,133.32257940229283
32,2026-08-22,3,2026-09-12,wk inc covid hosp,quantile,0.25,86.90993658217054
33,2026-08-22,3,2026-09-12,wk inc covid hosp,quantile,0.25,352.50958532142505
34,2026-08-22,3,2026-09-12,wk inc covid hosp,quantile,0.25,208.87764922766007
35,2026-08-22,3,2026-09-12,wk inc covid hosp,quantile,0.25,716.0958887127751
36,2026-08-22,3,2026-09-12,wk inc covid hosp,quantile,0.25,1194.287475409979
37,2026-08-22,3,2026-09-12,wk inc covid hosp,quantile,0.25,252.5403638016116
38,2026-08-22,3,2026-09-12,wk inc covid hosp,quantile,0.25,361.2302964170781
39,2026-08-22,3,2026-09-12,wk inc covid hosp,quantile,0.25,363.5456059495768
40,2026-08-22,3,2026-09-12,wk inc covid hosp,quantile,0.25,252.51952352826655
41,2026-08-22,3,2026-09-12,wk inc covid hosp,quantile,0.25,399.4917121687412
42,2026-08-22,3,2026-09-12,wk inc covid hosp,quantile,0.25,373.15634152471637
44,2026-08-22,3,2026-09-12,wk inc covid hosp,quantile,0.25,150.44930650458392
45,2026-08-22,3,2026-09-12,wk inc covid hosp,quantile,0.25,111.08076610678002
46,2026-08-22,3,2026-09-12,wk inc covid hosp,quantile,0.25,204.52139692371733
47,2026-08-22,3,2026-09-12,wk inc covid hosp,quantile,0.25,983.2843427140589
48,2026-08-22,3,2026-09-12,wk inc covid hosp,quantile,0.25,484.6947470159006
49,2026-08-22,3,2026-09-12,wk inc covid hosp,quantile,0.25,50.82361732621586
50,2026-08-22,3,2026-09-12,wk inc covid hosp,quantile,0.25,162.4532080193048
51,2026-08-22,3,2026-09-12,wk inc covid hosp,quantile,0.25,442.2260870106435
53,2026-08-22,3,2026-09-12,wk inc covid hosp,quantile,0.25,126.3779163168753
54,2026-08-22,3,2026-09-12,wk inc covid hosp,quantile,0.25,296.5522662837842
55,2026-08-22,3,2026-09-12,wk inc covid hosp,quantile,0.25,205.69507984584845
56,2026-08-22,3,2026-09-12,wk inc covid hosp,quantile,0.25,59.7358997676387
72,2026-08-22,3,2026-09-12,wk inc covid hosp,quantile,0.25,6314.854725300204
US,2026-08-22,3,2026-09-12,wk inc covid hosp,quantile,0.25,2506.347068648416
01,2026-08-22,0,2026-08-22,wk inc covid hosp,quantile,0.3,122.59112993646444
02,2026-08-22,0,2026-08-22,wk inc covid hosp,quantile,0.3,75.57286860564336
04,2026-08-22,0,2026-08-22,wk inc covid hosp,quantile,0.3,201.0491047312231
05,2026-08-22,0,2026-08-22,wk inc covid hosp,quantile,0.3,836.8615347658036
06,2026-08-22,0,2026-08-22,wk inc covid hosp,quantile,0.3,574.9153932694879
08,2026-08-22,0,2026-08-22,wk inc covid hosp,quantile,0.3,189.46704661887384
09,2026-08-22,0,2026-08-22,wk inc covid hosp,quantile,0.3,124.68414084344255
10,2026-08-22,0,2026-08-22,wk inc covid hosp,quantile,0.3,41.3410691198759
11,2026-08-22,0,2026-08-22,wk inc covid hosp,quantile,0.3,970.5138842485976
12,2026-08-22,0,2026-08-22,wk inc covid hosp,quantile,0.3,977.4972935378815
13,2026-08-22,0,2026-08-22,wk inc covid hosp,quantile,0.3,238.67365993191152
15,2026-08-22,0,2026-08-22,wk inc covid hosp,quantile,0.3,69.59121125994196
16,2026-08-22,0,2026-08-22,wk inc covid hosp,quantile,0.3,206.59986218141452
17,2026-08-22,0,2026-08-22,wk inc covid hosp,quantile,0.3,266.3302483837007
18,2026-08-22,0,2026-08-22,wk inc covid hosp,quantile,0.3,206.67284024641702
19,2026-08-22,0,2026-08-22,wk inc covid hosp,quantile,0.3,98.59721534559846
20,2026-08-22,0,2026-08-22,wk inc covid hosp,quantile,0.3,190.05642751238253
21,2026-08-22,0,2026-08-22,wk inc covid hosp,quantile,0.3,211.4984054044969
22,2026-08-22,0,2026-08-22,wk inc covid hosp,quantile,0.3,146.134550710907
23,2026-08-22,0,2026-08-22,wk inc covid hosp,quantile,0.3,145.51247268105098
24,2026-08-22,0,2026-08-22,wk inc covid hosp,quantile,0.3,236.59714922062219
25,2026-08-22,0,2026-08-22,wk inc covid hosp,quantile,0.3,474.3028873090047
26,2026-08-22,0,2026-08-22,wk inc covid hosp,quantile,0.3,322.61268745706195
27,2026-08-22,0,2026-08-22,wk inc covid hosp,quantile,0.3,111.20409623464045
28,2026-08-22,0,2026-08-22,wk inc covid hosp,quantile,0.3,195.08078625091304
29,2026-08-22,0,2026-08-22,wk inc covid hosp,quantile,0.3,180.1086623099973
30,2026-08-22,0,2026-08-22,wk inc covid hosp,quantile,0.3,66.59249806886628
31,2026-08-22,0,2026-08-22,wk inc covid hosp,quantile,0.3,99.49603573909901
32,2026-08-22,0,2026-08-22,wk inc covid hosp,quantile,0.3,75.64699913271494
33,2026-08-22,0,2026-08-22,wk inc covid hosp,quantile,0.3,281.92713387181027
34,2026-08-22,0,2026-08-22,wk inc covid hosp,quantile,0.3,160.98300310562632
35,2026-08-22,0,2026-08-22,wk inc covid hosp,quantile,0.3,567.1649820238354
36,2026-08-22,0,2026-08-22,wk inc covid hosp,quantile,0.3,855.6198527453137
37,2026-08-22,0,2026-08-22,wk inc covid hosp,quantile,0.3,203.5030573470927
38,2026-08-22,0,2026-08-22,wk inc covid hosp,quantile,0.3,297.98456104056964
39,2026-08-22,0,2026-08-22,wk inc covid hosp,quantile,0.3,264.92257313363183
40,2026-08-22,0,2026-08-22,wk inc covid hosp,quantile,0.3,187.71183941550558
41,2026-08-22,0,2026-08-22,wk inc covid hosp,quantile,0.3,310.91737500670604
42,2026-08-22,0,2026-08-22,wk inc covid hosp,quantile,0.3,270.68513102077657
44,2026-08-22,0,2026-08-22,wk inc covid hosp,quantile,0.3,129.57422309536577
45,2026-08-22,0,2026-08-22,wk inc covid hosp,quantile,0.3,90.08213737937103
46,2026-08-22,0,2026-08-22,wk inc covid hosp,quantile,0.3,164.1766671100272
47,2026-08-22,0,2026-08-22,wk inc covid hosp,quantile,0.3,784.4931632482243
48,2026-08-22,0,2026-08-22,wk inc covid hosp,quantile,0.3,426.82216618040815
49,2026-08-22,0,2026-08-22,wk inc covid hosp,quantile,0.3,41.658250156368574
50,2026-08-22,0,2026-08-22,wk inc covid hosp,quantile,0.3,146.946752751676
51,2026-08-22,0,2026-08-22,wk inc covid hosp,quantile,0.3,331.00492954518717
53,2026-08-22,0,2026-08-22,wk inc covid hosp,quantile,0.3,100.86720949056148
54,2026-08-22,0,2026-08-22,wk inc covid hosp,quantile,0.3,214.18068590382953
55,2026-08-22,0,2026-08-22,wk inc covid hosp,quantile,0.3,148.72754902080885
56,2026-08-22,0,2026-08-22,wk inc covid hosp,quantile,0.3,55.339788077496536
72,2026-08-22,0,2026-08-22,wk inc covid hosp,quantile,0.3,6614.989648823298
US,2026-08-22,0,2026-08-22,wk inc covid hosp,quantile,0.3,1899.4027552781934
01,2026-08-22,1,2026-08-29,wk inc covid hosp,quantile,0.3,137.72040891895793
02,2026-08-22,1,2026-08-29,wk inc covid hosp,quantile,0.3,82.25683085607996
04,2026-08-22,1,2026-08-29,wk inc covid hosp,quantile,0.3,238.20981887108448
05,2026-08-22,1,2026-08-29,wk inc covid hosp,quantile,0.3,978.6395403485458
06,2026-08-22,1,2026-08-29,wk inc covid hosp,quantile,0.3,642.6207928668589
08,2026-08-22,1,2026-08-29,wk inc covid hosp,quantile,0.3,226.7540794835821
09,2026-08-22,1,2026-08-29,wk inc covid hosp,quantile,0.3,145.8188579602582
10,2026-08-22,1,2026-08-29,wk inc covid hosp,quantile,0.3,49.14971770630186
11,2026-08-22,1,2026-08-29,wk inc covid hosp,quantile,0.3,1137.840274864621
12,2026-08-22,1,2026-08-29,wk inc covid hosp,quantile,0.3,1065.0246152721409
13,2026-08-22,1,2026-08-29,wk inc covid hosp,quantile,0.3,275.6735596452631
15,2026-08-22,1,2026-08-29,wk inc covid hosp,quantile,0.3,77.96807841708916
16,2026-08-22,1,2026-08-29,wk inc covid hosp,quantile,0.3,239.69192856130508
17,2026-08-22,1,2026-08-29,wk inc covid hosp,quantile,0.3,315.76976542453565
18,2026-08-22,1,2026-08-29,wk inc covid hosp,quantile,0.3,248.46941626450416
19,2026-08-22,1,2026-08-29,wk inc covid hosp,quantile,0.3,115.92616330106459
20,2026-08-22,1,2026-08-29,wk inc covid hosp,quantile,0.3,222.73219132713396
21,2026-08-22,1,2026-08-29,wk inc covid hosp,quantile,0.3,248.78513356148989
22,2026-08-22,1,2026-08-29,wk inc covid hosp,quantile,0.3,165.67710814011062
23,2026-08-22,1,2026-08-29,wk inc covid hosp,quantile,0.3,170.07491960069885
24,2026-08-22,1,2026-08-29,wk inc covid hosp,quantile,0.3,280.8465090887942
25,2026-08-22,1,2026-08-29,wk inc covid hosp,quantile,0.3,573.0057066795091
26,2026-08-22,1,2026-08-29,wk inc covid hosp,quantile,0.3,391.3964664250546
27,2026-08-22,1,2026-08-29,wk inc covid hosp,quantile,0.3,129.17497491166307
28,2026-08-22,1,2026-08-29,wk inc covid hosp,quantile,0.3,211.682448633678
29,2026-08-22,1,2026-08-29,wk inc covid hosp,quantile,0.3,218.87165874223868
30,2026-08-22,1,2026-08-29,wk inc covid hosp,quantile,0.3,73.8681977500225
31,2026-08-22,1,2026-08-29,wk inc covid hosp,quantile,0.3,119.16995153173357
32,2026-08-22,1,2026-08-29,wk inc covid hosp,quantile,0.3,83.72950063596026
33,2026-08-22,1,2026-08-29,wk inc covid hosp,quantile,0.3,325.22588035125875
34,2026-08-22,1,2026-08-29,wk inc covid hosp,quantile,0.3,183.86555487420864
35,2026-08-22,1,2026-08-29,wk inc covid hosp,quantile,0.3,656.2033573883556
36,2026-08-22,1,2026-08-29,wk inc covid hosp,quantile,0.3,1020.7786498893948
37,2026-08-22,1,2026-08-29,wk inc covid hosp,quantile,0.3,228.50028951940996
38,2026-08-22,1,2026-08-29,wk inc covid hosp,quantile,0.3,351.56313391174706
39,2026-08-22,1,2026-08-29,wk inc covid hosp,quantile,0.3,314.4994673004109
40,2026-08-22,1,2026-08-29,wk inc covid hosp,quantile,0.3,221.74728306924877
41,2026-08-22,1,2026-08-29,wk inc covid hosp,quantile,0.3,365.49714912395405
42,2026-08-22,1,2026-08-29,wk inc covid hosp,quantile,0.3,323.6599124085162
44,2026-08-22,1,2026-08-29,wk inc covid hosp,quantile,0.3,146.61491846261413
45,2026-08-22,1,2026-08-29,wk inc covid hosp,quantile,0.3,103.86589051861353
46,2026-08-22,1,2026-08-29,wk inc covid hosp,quantile,0.3,193.74257284111857
47,2026-08-22,1,2026-08-29,wk inc covid hosp,quantile,0.3,910.4030662114534
48,2026-08-22,1,2026-08-29,wk inc covid hosp,quantile,0.3,467.9608347929758
49,2026-08-22,1,2026-08-29,wk inc covid hosp,quantile,0.3,47.29063736242297
50,2026-08-22,1,2026-08-29,wk inc covid hosp,quantile,0.3,160.70954813464365
51,2026-08-22,1,2026-08-29,wk inc covid hosp,quantile,0.3,387.96280989126126
53,2026-08-22,1,2026-08-29,wk inc covid hosp,quantile,0.3,115.58610157167783
54,2026-08-22,1,2026-08-29,wk inc covid hosp,quantile,0.3,258.2608222554137
55,2026-08-22,1,2026-08-29,wk inc covid hosp,quantile,0.3,178.62288866025082
56,2026-08-22,1,2026-08-29,wk inc covid hosp,quantile,0.3,63.49176704100712
72,2026-08-22,1,2026-08-29,wk inc covid hosp,quantile,0.3,6903.688412002809
US,2026-08-22,1,2026-08-29,wk inc covid hosp,quantile,0.3,2115.6307539195163
01,2026-08-22,2,2026-09-05,wk inc covid hosp,quantile,0.3,148.08915699162253
02,2026-08-22,2,2026-09-05,wk inc covid hosp,quantile,0.3,82.98800996543554
04,2026-08-22,2,2026-09-05,wk inc covid hosp,quantile,0.3,259.8775335857538
05,2026-08-22,2,2026-09-05,wk inc covid hosp,quantile,0.3,1077.8522400903398
06,2026-08-22,2,2026-09-05,wk inc covid hosp,quantile,0.3,697.4341579445731
08,2026-08-22,2,2026-09-05,wk inc covid hosp,quantile,0.3,247.07020105715515
09,2026-08-22,2,2026-09-05,wk inc covid hosp,quantile,0.3,159.77266807632725
10,2026-08-22,2,2026-09-05,wk inc covid hosp,quantile,0.3,54.2608668535002
11,2026-08-22,2,2026-09-05,wk inc covid hosp,quantile,0.3,1218.8093718601401
12,2026-08-22,2,2026-09-05,wk inc covid hosp,quantile,0.3,1112.295343881186
13,2026-08-22,2,2026-09-05,wk inc covid hosp,quantile,0.3,300.57476307706423
15,2026-08-22,2,2026-09-05,wk inc covid hosp,quantile,0.3,81.64357243898621
16,2026-08-22,2,2026-09-05,wk inc covid hosp,quantile,0.3,265.3750953759433
17,2026-08-22,2,2026-09-05,wk inc covid hosp,quantile,0.3,356.19507920514525
18,2026-08-22,2,2026-09-05,wk inc covid hosp,quantile,0.3,277.3358827469877
19,2026-08-22,2,2026-09-05,wk inc covid hosp,quantile,0.3,129.20700839993268
20,2026-08-22,2,2026-09-05,wk inc covid hosp,quantile,0.3,244.45846880865815
21,2026-08-22,2,2026-09-05,wk inc covid hosp,quantile,0.3,278.1307721952143
22,2026-08-22,2,2026-09-05,wk inc covid hosp,quantile,0.3,168.83111232622076
23,2026-08-22,2,2026-09-05,wk inc covid hosp,quantile,0.3,188.064305408471
24,2026-08-22,2,2026-09-05,wk inc covid hosp,quantile,0.3,312.75961822891435
25,2026-08-22,2,2026-09-05,wk inc covid hosp,quantile,0.3,649.2597528725274
26,2026-08-22,2,2026-09-05,wk inc covid hosp,quantile,0.3,440.6432524406023
27,2026-08-22,2,2026-09-05,wk inc covid hosp,quantile,0.3,146.70040200014355
28,2026-08-22,2,2026-09-05,wk inc covid hosp,quantile,0.3,222.31147333671504
29,2026-08-22,2,2026-09-05,wk inc covid hosp,quantile,0.3,247.6795215034723
30,2026-08-22,2,2026-09-05,wk inc covid hosp,quantile,0.3,82.26013328350516
31,2026-08-22,2,2026-09-05,wk inc covid hosp,quantile,0.3,131.84548928254597
32,2026-08-22,2,2026-09-05,wk inc covid hosp,quantile,0.3,90.34451902466377
33,2026-08-22,2,2026-09-05,wk inc covid hosp,quantile,0.3,361.51195813485623
34,2026-08-22,2,2026-09-05,wk inc covid hosp,quantile,0.3,204.09109536313042
35,2026-08-22,2,2026-09-05,wk inc covid hosp,quantile,0.3,723.894548507955
36,2026-08-22,2,2026-09-05,wk inc covid hosp,quantile,0.3,1141.6999916207299
37,2026-08-22,2,2026-09-05,wk inc covid hosp,quantile,0.3,252.34812395219163
38,2026-08-22,2,2026-09-05,wk inc covid hosp,quantile,0.3,378.9341688458284
39,2026-08-22,2,2026-09-05,wk inc covid hosp,quantile,0.3,353.34880353591575
40,2026-08-22,2,2026-09-05,wk inc covid hosp,quantile,0.3,249.54839866972037
41,2026-08-22,2,2026-09-05,wk inc covid hosp,quantile,0.3,399.37657966650323
42,2026-08-22,2,2026-09-05,wk inc covid hosp,quantile,0.3,364.53463709860375
44,2026-08-22,2,2026-09-05,wk inc covid hosp,quantile,0.3,158.7113405222293
45,2026-08-22,2,2026-09-05,wk inc covid hosp,quantile,0.3,111.91151079240221
46,2026-08-22,2,2026-09-05,wk inc covid hosp,quantile,0.3,215.0905701500413
47,2026-08-22,2,2026-09-05,wk inc covid hosp,quantile,0.3,989.1748240767189
48,2026-08-22,2,2026-09-05,wk inc covid hosp,quantile,0.3,493.901317197301
49,2026-08-22,2,2026-09-05,wk inc covid hosp,quantile,0.3,52.10870022840315
50,2026-08-22,2,2026-09-05,wk inc covid hosp,quantile,0.3,174.51030703620668
51,2026-08-22,2,2026-09-05,wk inc covid hosp,quantile,0.3,433.81918537351237
53,2026-08-22,2,2026-09-05,wk inc covid hosp,quantile,0.3,126.29209596599397
54,2026-08-22,2,2026-09-05,wk inc covid hosp,quantile,0.3,292.49110964143364
55,2026-08-22,2,2026-09-05,wk inc covid hosp,quantile,0.3,201.57978643437255
56,2026-08-22,2,2026-09-05,wk inc covid hosp,quantile,0.3,67.84357104024285
72,2026-08-22,2,2026-09-05,wk inc covid hosp,quantile,0.3,7016.596550337149
US,2026-08-22,2,2026-09-05,wk inc covid hosp,quantile,0.3,2365.9105022389526
01,2026-08-22,3,2026-09-12,wk inc covid hosp,quantile,0.3,156.21284487784774
02,2026-08-22,3,2026-09-12,wk inc covid hosp,quantile,0.3,82.2632434199343
04,2026-08-22,3,2026-09-12,wk inc covid hosp,quantile,0.3,279.6747958724129
05,2026-08-22,3,2026-09-12,wk inc covid hosp,quantile,0.3,1160.901834166112
06,2026-08-22,3,2026-09-12,wk inc covid hosp,quantile,0.3,735.1195900580091
08,2026-08-22,3,2026-09-12,wk inc covid hosp,quantile,0.3,268.2346798626492
09,2026-08-22,3,2026-09-12,wk inc covid hosp,quantile,0.3,175.79674924235076
10,2026-08-22,3,2026-09-12,wk inc covid hosp,quantile,0.3,57.974063918046184
11,2026-08-22,3,2026-09-12,wk inc covid hosp,quantile,0.3,1303.9721589065882
12,2026-08-22,3,2026-09-12,wk inc covid hosp,quantile,0.3,1122.8931716875686
13,2026-08-22,3,2026-09-12,wk inc covid hosp,quantile,0.3,318.1235124852163
15,2026-08-22,3,2026-09-12,wk inc covid hosp,quantile,0.3,83.01568406042433
16,2026-08-22,3,2026-09-12,wk inc covid hosp,quantile,0.3,290.39165979652046
17,2026-08-22,3,2026-09-12,wk inc covid hosp,quantile,0.3,394.4637483196268
18,2026-08-22,3,2026-09-12,wk inc covid hosp,quantile,0.3,298.1761759903448
19,2026-08-22,3,2026-09-12,wk inc covid hosp,quantile,0.3,140.44563805080784
20,2026-08-22,3,2026-09-12,wk inc covid hosp,quantile,0.3,258.6687689103718
21,2026-08-22,3,2026-09-12,wk inc covid hosp,quantile,0.3,303.6282795370974
22,2026-08-22,3,2026-09-12,wk inc covid hosp,quantile,0.3,174.88169217008613
23,2026-08-22,3,2026-09-12,wk inc covid hosp,quantile,0.3,205.31227911868916
24,2026-08-22,3,2026-09-12,wk inc covid hosp,quantile,0.3,344.7533384125924
25,2026-08-22,3,2026-09-12,wk inc covid hosp,quantile,0.3,705.2391983243256
26,2026-08-22,3,2026-09-12,wk inc covid hosp,quantile,0.3,490.574469230705
27,2026-08-22,3,2026-09-12,wk inc covid hosp,quantile,0.3,159.2915588253452
28,2026-08-22,3,2026-09-12,wk inc covid hosp,quantile,0.3,224.73338164521832
29,2026-08-22,3,2026-09-12,wk inc covid hosp,quantile,0.3,269.5024056799199
30,2026-08-22,3,2026-09-12,wk inc covid hosp,quantile,0.3,84.44644814683322
31,2026-08-22,3,2026-09-12,wk inc covid hosp,quantile,0.3,143.70328303693134
32,2026-08-22,3,2026-09-12,wk inc covid hosp,quantile,0.3,92.74351624797981
33,2026-08-22,3,2026-09-12,wk inc covid hosp,quantile,0.3,390.0765498614665
34,2026-08-22,3,2026-09-12,wk inc covid hosp,quantile,0.3,222.37212540321875
35,2026-08-22,3,2026-09-12,wk inc covid hosp,quantile,0.3,766.1232619459133
36,2026-08-22,3,2026-09-12,wk inc covid hosp,quantile,0.3,1240.3979305513305
37,2026-08-22,3,2026-09-12,wk inc covid hosp,quantile,0.3,263.59969345579026
38,2026-08-22,3,2026-09-12,wk inc covid hosp,quantile,0.3,393.0970851376378
39,2026-08-22,3,2026-09-12,wk inc covid hosp,quantile,0.3,382.6750255064245
40,2026-08-22,3,2026-09-12,wk inc covid hosp,quantile,0.3,268.1372247144322
41,2026-08-22,3,2026-09-12,wk inc covid hosp,quantile,0.3,428.0384714265668
42,2026-08-22,3,2026-09-12,wk inc covid hosp,quantile,0.3,394.46482342384445
44,2026-08-22,3,2026-09-12,wk inc covid hosp,quantile,0.3,168.71742430327694
45,2026-08-22,3,2026-09-12,wk inc covid hosp,quantile,0.3,118.93713893907338
46,2026-08-22,3,2026-09-12,wk inc covid hosp,quantile,0.3,229.85068424115184
47,2026-08-22,3,2026-09-12,wk inc covid hosp,quantile,0.3,1043.2696285331706
48,2026-08-22,3,2026-09-12,wk inc covid hosp,quantile,0.3,517.8491284386881
49,2026-08-22,3,2026-09-12,wk inc covid hosp,quantile,0.3,54.77000892710191
50,2026-08-22,3,2026-09-12,wk inc covid hosp,quantile,0.3,184.14493365796235
51,2026-08-22,3,2026-09-12,wk inc covid hosp,quantile,0.3,469.6436992767318
53,2026-08-22,3,2026-09-12,wk inc covid hosp,quantile,0.3,135.08487723016535
54,2026-08-22,3,2026-09-12,wk inc covid hosp,quantile,0.3,319.94179661665396
55,2026-08-22,3,2026-09-12,wk inc covid hosp,quantile,0.3,218.93524120998387
56,2026-08-22,3,2026-09-12,wk inc covid hosp,quantile,0.3,71.45722015328737
72,2026-08-22,3,2026-09-12,wk inc covid hosp,quantile,0.3,7052.39209422518
US,2026-08-22,3,2026-09-12,wk inc covid hosp,quantile,0.3,2697.9756496390273
01,2026-08-22,0,2026-08-22,wk inc covid hosp,quantile,0.35,125.56041004375265
02,2026-08-22,0,2026-08-22,wk inc covid hosp,quantile,0.35,80.39374603049662
04,2026-08-22,0,2026-08-22,wk inc covid hosp,quantile,0.35,207.13903663537297
05,2026-08-22,0,2026-08-22,wk inc covid hosp,quantile,0.35,867.5307155469154
06,2026-08-22,0,2026-08-22,wk inc covid hosp,quantile,0.35,583.385981667792
08,2026-08-22,0,2026-08-22,wk inc covid hosp,quantile,0.35,194.09458066345934
09,2026-08-22,0,2026-08-22,wk inc covid hosp,quantile,0.35,129.1990963826921
10,2026-08-22,0,2026-08-22,wk inc covid hosp,quantile,0.35,42.925238548609194
11,2026-08-22,0,2026-08-22,wk inc covid hosp,quantile,0.35,1011.2620960575674
12,2026-08-22,0,2026-08-22,wk inc covid hosp,quantile,0.35,1007.9902832433069
13,2026-08-22,0,2026-08-22,wk inc covid hosp,quantile,0.35,243.9745896977145
15,2026-08-22,0,2026-08-22,wk inc covid hosp,quantile,0.35,72.33265805690509
16,2026-08-22,0,2026-08-22,wk inc covid hosp,quantile,0.35,214.76079854694763
17,2026-08-22,0,2026-08-22,wk inc covid hosp,quantile,0.35,272.9028531302823
18,2026-08-22,0,2026-08-22,wk inc covid hosp,quantile,0.35,212.2907753677828
19,2026-08-22,0,2026-08-22,wk inc covid hosp,quantile,0.35,102.20895287369918
20,2026-08-22,0,2026-08-22,wk inc covid hosp,quantile,0.35,196.36856944616366
21,2026-08-22,0,2026-08-22,wk inc covid hosp,quantile,0.35,217.38741673940243
22,2026-08-22,0,2026-08-22,wk inc covid hosp,quantile,0.35,150.80674235946097
23,2026-08-22,0,2026-08-22,wk inc covid hosp,quantile,0.35,151.58189937898644
24,2026-08-22,0,2026-08-22,wk inc covid hosp,quantile,0.35,243.1717320361994
25,2026-08-22,0,2026-08-22,wk inc covid hosp,quantile,0.35,485.375685710987
26,2026-08-22,0,2026-08-22,wk inc covid hosp,quantile,0.35,334.39041052989757
27,2026-08-22,0,2026-08-22,wk inc covid hosp,quantile,0.35,113.97624015905987
28,2026-08-22,0,2026-08-22,wk inc covid hosp,quantile,0.35,202.1550991324177
29,2026-08-22,0,2026-08-22,wk inc covid hosp,quantile,0.35,184.85715820798947
30,2026-08-22,0,2026-08-22,wk inc covid hosp,quantile,0.35,69.71673712057735
31,2026-08-22,0,2026-08-22,wk inc covid hosp,quantile,0.35,103.58899092198915
32,2026-08-22,0,2026-08-22,wk inc covid hosp,quantile,0.35,77.62725212171537
33,2026-08-22,0,2026-08-22,wk inc covid hosp,quantile,0.35,293.91197154874254
34,2026-08-22,0,2026-08-22,wk inc covid hosp,quantile,0.35,166.20710193325183
35,2026-08-22,0,2026-08-22,wk inc covid hosp,quantile,0.35,585.9410340494333
36,2026-08-22,0,2026-08-22,wk inc covid hosp,quantile,0.35,871.9784023154357
37,2026-08-22,0,2026-08-22,wk inc covid hosp,quantile,0.35,207.91311696469324
38,2026-08-22,0,2026-08-22,wk inc covid hosp,quantile,0.35,313.70245045494994
39,2026-08-22,0,2026-08-22,wk inc covid hosp,quantile,0.35,272.0152690588498
40,2026-08-22,0,2026-08-22,wk inc covid hosp,quantile,0.35,193.51431962891434
41,2026-08-22,0,2026-08-22,wk inc covid hosp,quantile,0.35,319.016277239602
42,2026-08-22,0,2026-08-22,wk inc covid hosp,quantile,0.35,279.2043552171597
44,2026-08-22,0,2026-08-22,wk inc covid hosp,quantile,0.35,135.37099261170945
45,2026-08-22,0,2026-08-22,wk inc covid hosp,quantile,0.35,92.79766780511514
46,2026-08-22,0,2026-08-22,wk inc covid hosp,quantile,0.35,173.83716318529085
47,2026-08-22,0,2026-08-22,wk inc covid hosp,quantile,0.35,806.5092792128985
48,2026-08-22,0,2026-08-22,wk inc covid hosp,quantile,0.35,438.45900278688237
49,2026-08-22,0,2026-08-22,wk inc covid hosp,quantile,0.35,43.274895191572895
50,2026-08-22,0,2026-08-22,wk inc covid hosp,quantile,0.35,155.72074622231926
51,2026-08-22,0,2026-08-22,wk inc covid hosp,quantile,0.35,340.10446960418085
53,2026-08-22,0,2026-08-22,wk inc covid hosp,quantile,0.35,103.320541380775
54,2026-08-22,0,2026-08-22,wk inc covid hosp,quantile,0.35,221.47985837385596
55,2026-08-22,0,2026-08-22,wk inc covid hosp,quantile,0.35,152.73442878467228
56,2026-08-22,0,2026-08-22,wk inc covid hosp,quantile,0.35,60.13100934808012
72,2026-08-22,0,2026-08-22,wk inc covid hosp,quantile,0.35,6878.525073063664
US,2026-08-22,0,2026-08-22,wk inc covid hosp,quantile,0.35,1962.641032219751
01,2026-08-22,1,2026-08-29,wk inc covid hosp,quantile,0.35,142.95441864651988
02,2026-08-22,1,2026-08-29,wk inc covid hosp,quantile,0.35,89.22775587257463
04,2026-08-22,1,2026-08-29,wk inc covid hosp,quantile,0.35,246.62396771841958
05,2026-08-22,1,2026-08-29,wk inc covid hosp,quantile,0.35,1024.4714340582334
06,2026-08-22,1,2026-08-29,wk inc covid hosp,quantile,0.35,659.5607848441471
08,2026-08-22,1,2026-08-29,wk inc covid hosp,quantile,0.35,233.56283012545816
09,2026-08-22,1,2026-08-29,wk inc covid hosp,quantile,0.35,153.3103613983448
10,2026-08-22,1,2026-08-29,wk inc covid hosp,quantile,0.35,51.52918231483758
11,2026-08-22,1,2026-08-29,wk inc covid hosp,quantile,0.35,1208.1962196159598
12,2026-08-22,1,2026-08-29,wk inc covid hosp,quantile,0.35,1117.016027258859
13,2026-08-22,1,2026-08-29,wk inc covid hosp,quantile,0.35,283.8356410355901
15,2026-08-22,1,2026-08-29,wk inc covid hosp,quantile,0.35,82.12468125630929
16,2026-08-22,1,2026-08-29,wk inc covid hosp,quantile,0.35,253.2912505209169
17,2026-08-22,1,2026-08-29,wk inc covid hosp,quantile,0.35,326.56635742543455
18,2026-08-22,1,2026-08-29,wk inc covid hosp,quantile,0.35,256.64595407355074
19,2026-08-22,1,2026-08-29,wk inc covid hosp,quantile,0.35,121.1394890004509
20,2026-08-22,1,2026-08-29,wk inc covid hosp,quantile,0.35,232.91390305846858
21,2026-08-22,1,2026-08-29,wk inc covid hosp,quantile,0.35,258.31709188017453
22,2026-08-22,1,2026-08-29,wk inc covid hosp,quantile,0.35,171.61378433874106
23,2026-08-22,1,2026-08-29,wk inc covid hosp,quantile,0.35,180.00154146386743
24,2026-08-22,1,2026-08-29,wk inc covid hosp,quantile,0.35,292.95091998254424
25,2026-08-22,1,2026-08-29,wk inc covid hosp,quantile,0.35,594.2501458811194
26,2026-08-22,1,2026-08-29,wk inc covid hosp,quantile,0.35,409.35761160185126
27,2026-08-22,1,2026-08-29,wk inc covid hosp,quantile,0.35,134.54449143014946
28,2026-08-22,1,2026-08-29,wk inc covid hosp,quantile,0.35,223.85152488084702
29,2026-08-22,1,2026-08-29,wk inc covid hosp,quantile,0.35,226.35466406985466
30,2026-08-22,1,2026-08-29,wk inc covid hosp,quantile,0.35,79.30470607377552
31,2026-08-22,1,2026-08-29,wk inc covid hosp,quantile,0.35,125.5646188481673
32,2026-08-22,1,2026-08-29,wk inc covid hosp,quantile,0.35,87.6298978338076
33,2026-08-22,1,2026-08-29,wk inc covid hosp,quantile,0.35,343.0198671697914
34,2026-08-22,1,2026-08-29,wk inc covid hosp,quantile,0.35,190.81670778269583
35,2026-08-22,1,2026-08-29,wk inc covid hosp,quantile,0.35,689.5818639157939
36,2026-08-22,1,2026-08-29,wk inc covid hosp,quantile,0.35,1047.3434603842513
37,2026-08-22,1,2026-08-29,wk inc covid hosp,quantile,0.35,236.83019776068167
38,2026-08-22,1,2026-08-29,wk inc covid hosp,quantile,0.35,373.0470155315542
39,2026-08-22,1,2026-08-29,wk inc covid hosp,quantile,0.35,325.05044840947085
40,2026-08-22,1,2026-08-29,wk inc covid hosp,quantile,0.35,229.40460528658588
41,2026-08-22,1,2026-08-29,wk inc covid hosp,quantile,0.35,380.13032248352675
42,2026-08-22,1,2026-08-29,wk inc covid hosp,quantile,0.35,337.43823428585387
44,2026-08-22,1,2026-08-29,wk inc covid hosp,quantile,0.35,155.58244019592186
45,2026-08-22,1,2026-08-29,wk inc covid hosp,quantile,0.35,107.07737892528381
46,2026-08-22,1,2026-08-29,wk inc covid hosp,quantile,0.35,209.7627034383061
47,2026-08-22,1,2026-08-29,wk inc covid hosp,quantile,0.35,946.1103435335349
48,2026-08-22,1,2026-08-29,wk inc covid hosp,quantile,0.35,486.4669188342026
49,2026-08-22,1,2026-08-29,wk inc covid hosp,quantile,0.35,50.223010971901026
50,2026-08-22,1,2026-08-29,wk inc covid hosp,quantile,0.35,179.17389876267384
51,2026-08-22,1,2026-08-29,wk inc covid hosp,quantile,0.35,403.33333429931037
53,2026-08-22,1,2026-08-29,wk inc covid hosp,quantile,0.35,119.06884121279849
54,2026-08-22,1,2026-08-29,wk inc covid hosp,quantile,0.35,272.1825160712096
55,2026-08-22,1,2026-08-29,wk inc covid hosp,quantile,0.35,185.3286239365942
56,2026-08-22,1,2026-08-29,wk inc covid hosp,quantile,0.35,70.29347557143224
72,2026-08-22,1,2026-08-29,wk inc covid hosp,quantile,0.35,7345.645431298322
US,2026-08-22,1,2026-08-29,wk inc covid hosp,quantile,0.35,2211.9006489855583
01,2026-08-22,2,2026-09-05,wk inc covid hosp,quantile,0.35,152.70643884314552
02,2026-08-22,2,2026-09-05,wk inc covid hosp,quantile,0.35,93.72138732222389
04,2026-08-22,2,2026-09-05,wk inc covid hosp,quantile,0.35,271.6972062405681
05,2026-08-22,2,2026-09-05,wk inc covid hosp,quantile,0.35,1143.0486840970814
06,2026-08-22,2,2026-09-05,wk inc covid hosp,quantile,0.35,717.0256143790531
08,2026-08-22,2,2026-09-05,wk inc covid hosp,quantile,0.35,258.61991470920356
09,2026-08-22,2,2026-09-05,wk inc covid hosp,quantile,0.35,170.93162102483294
10,2026-08-22,2,2026-09-05,wk inc covid hosp,quantile,0.35,57.933149218416595
11,2026-08-22,2,2026-09-05,wk inc covid hosp,quantile,0.35,1339.4409553799542
12,2026-08-22,2,2026-09-05,wk inc covid hosp,quantile,0.35,1170.1440196113779
13,2026-08-22,2,2026-09-05,wk inc covid hosp,quantile,0.35,311.66515733676306
15,2026-08-22,2,2026-09-05,wk inc covid hosp,quantile,0.35,86.36165525211855
16,2026-08-22,2,2026-09-05,wk inc covid hosp,quantile,0.35,284.8372794636597
17,2026-08-22,2,2026-09-05,wk inc covid hosp,quantile,0.35,374.24742462212674
18,2026-08-22,2,2026-09-05,wk inc covid hosp,quantile,0.35,289.7879766277374
19,2026-08-22,2,2026-09-05,wk inc covid hosp,quantile,0.35,135.48821969876684
20,2026-08-22,2,2026-09-05,wk inc covid hosp,quantile,0.35,260.18365768309553
21,2026-08-22,2,2026-09-05,wk inc covid hosp,quantile,0.35,292.9528453174213
22,2026-08-22,2,2026-09-05,wk inc covid hosp,quantile,0.35,177.4714344912012
23,2026-08-22,2,2026-09-05,wk inc covid hosp,quantile,0.35,204.42726011927266
24,2026-08-22,2,2026-09-05,wk inc covid hosp,quantile,0.35,327.0313389871783
25,2026-08-22,2,2026-09-05,wk inc covid hosp,quantile,0.35,676.2750963182448
26,2026-08-22,2,2026-09-05,wk inc covid hosp,quantile,0.35,464.89207664601344
27,2026-08-22,2,2026-09-05,wk inc covid hosp,quantile,0.35,152.88783810552013
28,2026-08-22,2,2026-09-05,wk inc covid hosp,quantile,0.35,234.24323396136907
29,2026-08-22,2,2026-09-05,wk inc covid hosp,quantile,0.35,258.3177453644302
30,2026-08-22,2,2026-09-05,wk inc covid hosp,quantile,0.35,88.99941241174481
31,2026-08-22,2,2026-09-05,wk inc covid hosp,quantile,0.35,140.08703602686901
32,2026-08-22,2,2026-09-05,wk inc covid hosp,quantile,0.35,94.36791289811393
33,2026-08-22,2,2026-09-05,wk inc covid hosp,quantile,0.35,387.7345171664329
34,2026-08-22,2,2026-09-05,wk inc covid hosp,quantile,0.35,215.8741631890398
35,2026-08-22,2,2026-09-05,wk inc covid hosp,quantile,0.35,763.9968510631453
36,2026-08-22,2,2026-09-05,wk inc covid hosp,quantile,0.35,1184.5273877780578
37,2026-08-22,2,2026-09-05,wk inc covid hosp,quantile,0.35,261.6740571777068
38,2026-08-22,2,2026-09-05,wk inc covid hosp,quantile,0.35,412.41876836622924
39,2026-08-22,2,2026-09-05,wk inc covid hosp,quantile,0.35,368.21526921653646
40,2026-08-22,2,2026-09-05,wk inc covid hosp,quantile,0.35,260.76915225834745
41,2026-08-22,2,2026-09-05,wk inc covid hosp,quantile,0.35,418.9211132707641
42,2026-08-22,2,2026-09-05,wk inc covid hosp,quantile,0.35,385.39493853840054
44,2026-08-22,2,2026-09-05,wk inc covid hosp,quantile,0.35,172.17767280912935
45,2026-08-22,2,2026-09-05,wk inc covid hosp,quantile,0.35,117.94122961235271
46,2026-08-22,2,2026-09-05,wk inc covid hosp,quantile,0.35,234.31977994802892
47,2026-08-22,2,2026-09-05,wk inc covid hosp,quantile,0.35,1043.3100512382737
48,2026-08-22,2,2026-09-05,wk inc covid hosp,quantile,0.35,520.6834287333976
49,2026-08-22,2,2026-09-05,wk inc covid hosp,quantile,0.35,54.91446674373963
50,2026-08-22,2,2026-09-05,wk inc covid hosp,quantile,0.35,192.78595397030693
51,2026-08-22,2,2026-09-05,wk inc covid hosp,quantile,0.35,452.2458485802147
53,2026-08-22,2,2026-09-05,wk inc covid hosp,quantile,0.35,131.88660476692627
54,2026-08-22,2,2026-09-05,wk inc covid hosp,quantile,0.35,311.1706040109134
55,2026-08-22,2,2026-09-05,wk inc covid hosp,quantile,0.35,210.28100256119524
56,2026-08-22,2,2026-09-05,wk inc covid hosp,quantile,0.35,77.3426527154189
72,2026-08-22,2,2026-09-05,wk inc covid hosp,quantile,0.35,7652.722686713613
US,2026-08-22,2,2026-09-05,wk inc covid hosp,quantile,0.35,2506.6875795946926
01,2026-08-22,3,2026-09-12,wk inc covid hosp,quantile,0.35,162.7534460138776
02,2026-08-22,3,2026-09-12,wk inc covid hosp,quantile,0.35,96.08158401262804
04,2026-08-22,3,2026-09-12,wk inc covid hosp,quantile,0.35,293.90083125601967
05,2026-08-22,3,2026-09-12,wk inc covid hosp,quantile,0.35,1242.9416613763249
06,2026-08-22,3,2026-09-12,wk inc covid hosp,quantile,0.35,760.1961104884732
08,2026-08-22,3,2026-09-12,wk inc covid hosp,quantile,0.35,281.32372691982135
09,2026-08-22,3,2026-09-12,wk inc covid hosp,quantile,0.35,186.10896293132834
10,2026-08-22,3,2026-09-12,wk inc covid hosp,quantile,0.35,61.887635407222724
11,2026-08-22,3,2026-09-12,wk inc covid hosp,quantile,0.35,1447.6868576220177
12,2026-08-22,3,2026-09-12,wk inc covid hosp,quantile,0.35,1192.522824838841
13,2026-08-22,3,2026-09-12,wk inc covid hosp,quantile,0.35,332.7604715558407
15,2026-08-22,3,2026-09-12,wk inc covid hosp,quantile,0.35,89.61950770577886
16,2026-08-22,3,2026-09-12,wk inc covid hosp,quantile,0.35,313.7152031515675
17,2026-08-22,3,2026-09-12,wk inc covid hosp,quantile,0.35,413.91884473666573
18,2026-08-22,3,2026-09-12,wk inc covid hosp,quantile,0.35,317.58291410545627
19,2026-08-22,3,2026-09-12,wk inc covid hosp,quantile,0.35,148.7772440835068
20,2026-08-22,3,2026-09-12,wk inc covid hosp,quantile,0.35,275.93871431968677
21,2026-08-22,3,2026-09-12,wk inc covid hosp,quantile,0.35,321.1784344988236
22,2026-08-22,3,2026-09-12,wk inc covid hosp,quantile,0.35,183.2391276804106
23,2026-08-22,3,2026-09-12,wk inc covid hosp,quantile,0.35,222.71079031303017
24,2026-08-22,3,2026-09-12,wk inc covid hosp,quantile,0.35,364.6240386772452
25,2026-08-22,3,2026-09-12,wk inc covid hosp,quantile,0.35,748.4396751766317
26,2026-08-22,3,2026-09-12,wk inc covid hosp,quantile,0.35,524.0987258791337
27,2026-08-22,3,2026-09-12,wk inc covid hosp,quantile,0.35,167.7083725454653
28,2026-08-22,3,2026-09-12,wk inc covid hosp,quantile,0.35,241.90334270340853
29,2026-08-22,3,2026-09-12,wk inc covid hosp,quantile,0.35,283.3476450575718
30,2026-08-22,3,2026-09-12,wk inc covid hosp,quantile,0.35,92.98563340317288
31,2026-08-22,3,2026-09-12,wk inc covid hosp,quantile,0.35,153.78810582617672
32,2026-08-22,3,2026-09-12,wk inc covid hosp,quantile,0.35,98.71251232125795
33,2026-08-22,3,2026-09-12,wk inc covid hosp,quantile,0.35,414.5074081126062
34,2026-08-22,3,2026-09-12,wk inc covid hosp,quantile,0.35,236.80265021773224
35,2026-08-22,3,2026-09-12,wk inc covid hosp,quantile,0.35,828.3728522015159
36,2026-08-22,3,2026-09-12,wk inc covid hosp,quantile,0.35,1284.793806237867
37,2026-08-22,3,2026-09-12,wk inc covid hosp,quantile,0.35,276.8730570143658
38,2026-08-22,3,2026-09-12,wk inc covid hosp,quantile,0.35,436.0117433774036
39,2026-08-22,3,2026-09-12,wk inc covid hosp,quantile,0.35,407.32269011229397
40,2026-08-22,3,2026-09-12,wk inc covid hosp,quantile,0.35,283.1057581539433
41,2026-08-22,3,2026-09-12,wk inc covid hosp,quantile,0.35,456.6058773291868
42,2026-08-22,3,2026-09-12,wk inc covid hosp,quantile,0.35,419.2900755106115
44,2026-08-22,3,2026-09-12,wk inc covid hosp,quantile,0.35,185.81664120288002
45,2026-08-22,3,2026-09-12,wk inc covid hosp,quantile,0.35,126.11431873288427
46,2026-08-22,3,2026-09-12,wk inc covid hosp,quantile,0.35,255.01780310654502
47,2026-08-22,3,2026-09-12,wk inc covid hosp,quantile,0.35,1115.8874965573802
48,2026-08-22,3,2026-09-12,wk inc covid hosp,quantile,0.35,548.8365413061545
49,2026-08-22,3,2026-09-12,wk inc covid hosp,quantile,0.35,58.76562920125926
50,2026-08-22,3,2026-09-12,wk inc covid hosp,quantile,0.35,213.16050374532972
51,2026-08-22,3,2026-09-12,wk inc covid hosp,quantile,0.35,494.83404202109443
53,2026-08-22,3,2026-09-12,wk inc covid hosp,quantile,0.35,141.82430048976101
54,2026-08-22,3,2026-09-12,wk inc covid hosp,quantile,0.35,350.04444912230224
55,2026-08-22,3,2026-09-12,wk inc covid hosp,quantile,0.35,231.78301753061353
56,2026-08-22,3,2026-09-12,wk inc covid hosp,quantile,0.35,81.67343016321946
72,2026-08-22,3,2026-09-12,wk inc covid hosp,quantile,0.35,7682.831738291655
US,2026-08-22,3,2026-09-12,wk inc covid hosp,quantile,0.35,2857.8850061992894
01,2026-08-22,0,2026-08-22,wk inc covid hosp,quantile,0.4,128.44532321934165
02,2026-08-22,0,2026-08-22,wk inc covid hosp,quantile,0.4,85.59700027153154
04,2026-08-22,0,2026-08-22,wk inc covid hosp,quantile,0.4,212.0600388085901
05,2026-08-22,0,2026-08-22,wk inc covid hosp,quantile,0.4,895.6628490644091
06,2026-08-22,0,2026-08-22,wk inc covid hosp,quantile,0.4,592.345063015218
08,2026-08-22,0,2026-08-22,wk inc covid hosp,quantile,0.4,198.626305948002
09,2026-08-22,0,2026-08-22,wk inc covid hosp,quantile,0.4,133.9200878458089
10,2026-08-22,0,2026-08-22,wk inc covid hosp,quantile,0.4,44.407907388394385
11,2026-08-22,0,2026-08-22,wk inc covid hosp,quantile,0.4,1056.6326871974877
12,2026-08-22,0,2026-08-22,wk inc covid hosp,quantile,0.4,1039.6591129286926
13,2026-08-22,0,2026-08-22,wk inc covid hosp,quantile,0.4,248.92044047826397
15,2026-08-22,0,2026-08-22,wk inc covid hosp,quantile,0.4,74.50145390716588
16,2026-08-22,0,2026-08-22,wk inc covid hosp,quantile,0.4,224.32899680757657
17,2026-08-22,0,2026-08-22,wk inc covid hosp,quantile,0.4,278.7318119767336
18,2026-08-22,0,2026-08-22,wk inc covid hosp,quantile,0.4,217.0719444127269
19,2026-08-22,0,2026-08-22,wk inc covid hosp,quantile,0.4,105.36479903795811
20,2026-08-22,0,2026-08-22,wk inc covid hosp,quantile,0.4,202.67355792240878
21,2026-08-22,0,2026-08-22,wk inc covid hosp,quantile,0.4,224.12759529553955
22,2026-08-22,0,2026-08-22,wk inc covid hosp,quantile,0.4,154.68637394917144
23,2026-08-22,0,2026-08-22,wk inc covid hosp,quantile,0.4,157.32733953304495
24,2026-08-22,0,2026-08-22,wk inc covid hosp,quantile,0.4,250.70897684943375
25,2026-08-22,0,2026-08-22,wk inc covid hosp,quantile,0.4,497.50681256921655
26,2026-08-22,0,2026-08-22,wk inc covid hosp,quantile,0.4,345.1821124320938
27,2026-08-22,0,2026-08-22,wk inc covid hosp,quantile,0.4,117.1955520334743
28,2026-08-22,0,2026-08-22,wk inc covid hosp,quantile,0.4,208.3737729615027
29,2026-08-22,0,2026-08-22,wk inc covid hosp,quantile,0.4,189.37388868739896
30,2026-08-22,0,2026-08-22,wk inc covid hosp,quantile,0.4,72.77952456110798
31,2026-08-22,0,2026-08-22,wk inc covid hosp,quantile,0.4,108.04973266782369
32,2026-08-22,0,2026-08-22,wk inc covid hosp,quantile,0.4,79.67728912285153
33,2026-08-22,0,2026-08-22,wk inc covid hosp,quantile,0.4,307.57547726395785
34,2026-08-22,0,2026-08-22,wk inc covid hosp,quantile,0.4,171.55138074914242
35,2026-08-22,0,2026-08-22,wk inc covid hosp,quantile,0.4,605.0005256387974
36,2026-08-22,0,2026-08-22,wk inc covid hosp,quantile,0.4,891.6726391547937
37,2026-08-22,0,2026-08-22,wk inc covid hosp,quantile,0.4,212.2008564221133
38,2026-08-22,0,2026-08-22,wk inc covid hosp,quantile,0.4,327.03555727621523
39,2026-08-22,0,2026-08-22,wk inc covid hosp,quantile,0.4,279.077399167503
40,2026-08-22,0,2026-08-22,wk inc covid hosp,quantile,0.4,198.163795083343
41,2026-08-22,0,2026-08-22,wk inc covid hosp,quantile,0.4,327.6298718032868
42,2026-08-22,0,2026-08-22,wk inc covid hosp,quantile,0.4,288.59337199404854
44,2026-08-22,0,2026-08-22,wk inc covid hosp,quantile,0.4,141.63371368268471
45,2026-08-22,0,2026-08-22,wk inc covid hosp,quantile,0.4,95.11653757293136
46,2026-08-22,0,2026-08-22,wk inc covid hosp,quantile,0.4,182.85778606216573
47,2026-08-22,0,2026-08-22,wk inc covid hosp,quantile,0.4,829.7753067675686
48,2026-08-22,0,2026-08-22,wk inc covid hosp,quantile,0.4,450.1709584614285
49,2026-08-22,0,2026-08-22,wk inc covid hosp,quantile,0.4,44.67366772769398
50,2026-08-22,0,2026-08-22,wk inc covid hosp,quantile,0.4,165.81337139307598
51,2026-08-22,0,2026-08-22,wk inc covid hosp,quantile,0.4,347.6414573987873
53,2026-08-22,0,2026-08-22,wk inc covid hosp,quantile,0.4,105.64469371168504
54,2026-08-22,0,2026-08-22,wk inc covid hosp,quantile,0.4,228.4371566860063
55,2026-08-22,0,2026-08-22,wk inc covid hosp,quantile,0.4,157.01653940100306
56,2026-08-22,0,2026-08-22,wk inc covid hosp,quantile,0.4,64.41761911098652
72,2026-08-22,0,2026-08-22,wk inc covid hosp,quantile,0.4,7163.942310080707
US,2026-08-22,0,2026-08-22,wk inc covid hosp,quantile,0.4,2027.9433026840236
01,2026-08-22,1,2026-08-29,wk inc covid hosp,quantile,0.4,147.22469962296546
02,2026-08-22,1,2026-08-29,wk inc covid hosp,quantile,0.4,96.84762764918943
04,2026-08-22,1,2026-08-29,wk inc covid hosp,quantile,0.4,255.1067383621294
05,2026-08-22,1,2026-08-29,wk inc covid hosp,quantile,0.4,1070.776124481594
06,2026-08-22,1,2026-08-29,wk inc covid hosp,quantile,0.4,674.179075614682
08,2026-08-22,1,2026-08-29,wk inc covid hosp,quantile,0.4,242.65280174719385
09,2026-08-22,1,2026-08-29,wk inc covid hosp,quantile,0.4,160.87253721710135
10,2026-08-22,1,2026-08-29,wk inc covid hosp,quantile,0.4,54.143448592000055
11,2026-08-22,1,2026-08-29,wk inc covid hosp,quantile,0.4,1272.7063503465552
12,2026-08-22,1,2026-08-29,wk inc covid hosp,quantile,0.4,1164.1699618976702
13,2026-08-22,1,2026-08-29,wk inc covid hosp,quantile,0.4,291.5975076690201
15,2026-08-22,1,2026-08-29,wk inc covid hosp,quantile,0.4,86.32040513875768
16,2026-08-22,1,2026-08-29,wk inc covid hosp,quantile,0.4,266.56934167504767
17,2026-08-22,1,2026-08-29,wk inc covid hosp,quantile,0.4,336.7589931019018
18,2026-08-22,1,2026-08-29,wk inc covid hosp,quantile,0.4,266.86528335426283
19,2026-08-22,1,2026-08-29,wk inc covid hosp,quantile,0.4,126.63069547868433
20,2026-08-22,1,2026-08-29,wk inc covid hosp,quantile,0.4,241.54894902128325
21,2026-08-22,1,2026-08-29,wk inc covid hosp,quantile,0.4,268.7322015179636
22,2026-08-22,1,2026-08-29,wk inc covid hosp,quantile,0.4,176.87067425731644
23,2026-08-22,1,2026-08-29,wk inc covid hosp,quantile,0.4,189.53351730728932
24,2026-08-22,1,2026-08-29,wk inc covid hosp,quantile,0.4,305.3234105663183
25,2026-08-22,1,2026-08-29,wk inc covid hosp,quantile,0.4,612.2294149082595
26,2026-08-22,1,2026-08-29,wk inc covid hosp,quantile,0.4,429.45122135509365
27,2026-08-22,1,2026-08-29,wk inc covid hosp,quantile,0.4,139.90902484761475
28,2026-08-22,1,2026-08-29,wk inc covid hosp,quantile,0.4,233.76193728691183
29,2026-08-22,1,2026-08-29,wk inc covid hosp,quantile,0.4,234.1559740183212
30,2026-08-22,1,2026-08-29,wk inc covid hosp,quantile,0.4,84.10134789294163
31,2026-08-22,1,2026-08-29,wk inc covid hosp,quantile,0.4,132.79253047479864
32,2026-08-22,1,2026-08-29,wk inc covid hosp,quantile,0.4,90.86352896939518
33,2026-08-22,1,2026-08-29,wk inc covid hosp,quantile,0.4,364.11265453560407
34,2026-08-22,1,2026-08-29,wk inc covid hosp,quantile,0.4,199.88059580747586
35,2026-08-22,1,2026-08-29,wk inc covid hosp,quantile,0.4,720.2761260669583
36,2026-08-22,1,2026-08-29,wk inc covid hosp,quantile,0.4,1075.4547033935412
37,2026-08-22,1,2026-08-29,wk inc covid hosp,quantile,0.4,244.11737281956897
38,2026-08-22,1,2026-08-29,wk inc covid hosp,quantile,0.4,395.3638709712522
39,2026-08-22,1,2026-08-29,wk inc covid hosp,quantile,0.4,337.6131365587601
40,2026-08-22,1,2026-08-29,wk inc covid hosp,quantile,0.4,239.6647806687053
41,2026-08-22,1,2026-08-29,wk inc covid hosp,quantile,0.4,394.6503984365571
42,2026-08-22,1,2026-08-29,wk inc covid hosp,quantile,0.4,352.3760987823751
44,2026-08-22,1,2026-08-29,wk inc covid hosp,quantile,0.4,166.26368797704168
45,2026-08-22,1,2026-08-29,wk inc covid hosp,quantile,0.4,111.07014695239366
46,2026-08-22,1,2026-08-29,wk inc covid hosp,quantile,0.4,224.6836210632367
47,2026-08-22,1,2026-08-29,wk inc covid hosp,quantile,0.4,980.908723603867
48,2026-08-22,1,2026-08-29,wk inc covid hosp,quantile,0.4,504.6502490969897
49,2026-08-22,1,2026-08-29,wk inc covid hosp,quantile,0.4,52.46753034902972
50,2026-08-22,1,2026-08-29,wk inc covid hosp,quantile,0.4,192.80558262844065
51,2026-08-22,1,2026-08-29,wk inc covid hosp,quantile,0.4,417.254919228018
53,2026-08-22,1,2026-08-29,wk inc covid hosp,quantile,0.4,122.39622586265628
54,2026-08-22,1,2026-08-29,wk inc covid hosp,quantile,0.4,284.74633729806055
55,2026-08-22,1,2026-08-29,wk inc covid hosp,quantile,0.4,192.34554130931704
56,2026-08-22,1,2026-08-29,wk inc covid hosp,quantile,0.4,77.7834158540445
72,2026-08-22,1,2026-08-29,wk inc covid hosp,quantile,0.4,7693.551779393002
US,2026-08-22,1,2026-08-29,wk inc covid hosp,quantile,0.4,2317.895893276612
01,2026-08-22,2,2026-09-05,wk inc covid hosp,quantile,0.4,158.23537812952668
02,2026-08-22,2,2026-09-05,wk inc covid hosp,quantile,0.4,103.30328713126589
04,2026-08-22,2,2026-09-05,wk inc covid hosp,quantile,0.4,284.3962250427692
05,2026-08-22,2,2026-09-05,wk inc covid hosp,quantile,0.4,1214.5560296056885
06,2026-08-22,2,2026-09-05,wk inc covid hosp,quantile,0.4,739.2457159174689
08,2026-08-22,2,2026-09-05,wk inc covid hosp,quantile,0.4,270.5864994149118
09,2026-08-22,2,2026-09-05,wk inc covid hosp,quantile,0.4,181.02278142998566
10,2026-08-22,2,2026-09-05,wk inc covid hosp,quantile,0.4,61.02666633080928
11,2026-08-22,2,2026-09-05,wk inc covid hosp,quantile,0.4,1434.3230669684087
12,2026-08-22,2,2026-09-05,wk inc covid hosp,quantile,0.4,1225.2707191936047
13,2026-08-22,2,2026-09-05,wk inc covid hosp,quantile,0.4,322.424255174283
15,2026-08-22,2,2026-09-05,wk inc covid hosp,quantile,0.4,91.39461648068121
16,2026-08-22,2,2026-09-05,wk inc covid hosp,quantile,0.4,306.1723314903058
17,2026-08-22,2,2026-09-05,wk inc covid hosp,quantile,0.4,389.7381039276886
18,2026-08-22,2,2026-09-05,wk inc covid hosp,quantile,0.4,303.18079886065226
19,2026-08-22,2,2026-09-05,wk inc covid hosp,quantile,0.4,142.0836982081658
20,2026-08-22,2,2026-09-05,wk inc covid hosp,quantile,0.4,273.05340004692533
21,2026-08-22,2,2026-09-05,wk inc covid hosp,quantile,0.4,307.02640369562033
22,2026-08-22,2,2026-09-05,wk inc covid hosp,quantile,0.4,185.6424311833098
23,2026-08-22,2,2026-09-05,wk inc covid hosp,quantile,0.4,216.83169054611315
24,2026-08-22,2,2026-09-05,wk inc covid hosp,quantile,0.4,340.51661620144864
25,2026-08-22,2,2026-09-05,wk inc covid hosp,quantile,0.4,706.8205450036241
26,2026-08-22,2,2026-09-05,wk inc covid hosp,quantile,0.4,492.0787564131499
27,2026-08-22,2,2026-09-05,wk inc covid hosp,quantile,0.4,160.62386507296725
28,2026-08-22,2,2026-09-05,wk inc covid hosp,quantile,0.4,248.53296004262685
29,2026-08-22,2,2026-09-05,wk inc covid hosp,quantile,0.4,268.74664496192145
30,2026-08-22,2,2026-09-05,wk inc covid hosp,quantile,0.4,95.06309314174801
31,2026-08-22,2,2026-09-05,wk inc covid hosp,quantile,0.4,149.41351135101598
32,2026-08-22,2,2026-09-05,wk inc covid hosp,quantile,0.4,99.3665967394974
33,2026-08-22,2,2026-09-05,wk inc covid hosp,quantile,0.4,412.21323988119593
34,2026-08-22,2,2026-09-05,wk inc covid hosp,quantile,0.4,228.3288789383245
35,2026-08-22,2,2026-09-05,wk inc covid hosp,quantile,0.4,804.4751524870718
36,2026-08-22,2,2026-09-05,wk inc covid hosp,quantile,0.4,1217.4330933646472
37,2026-08-22,2,2026-09-05,wk inc covid hosp,quantile,0.4,269.9947368968416
38,2026-08-22,2,2026-09-05,wk inc covid hosp,quantile,0.4,445.7954236075952
39,2026-08-22,2,2026-09-05,wk inc covid hosp,quantile,0.4,383.0853863085562
40,2026-08-22,2,2026-09-05,wk inc covid hosp,quantile,0.4,273.1210869399227
41,2026-08-22,2,2026-09-05,wk inc covid hosp,quantile,0.4,440.31674773753883
42,2026-08-22,2,2026-09-05,wk inc covid hosp,quantile,0.4,407.08645507880635
44,2026-08-22,2,2026-09-05,wk inc covid hosp,quantile,0.4,186.4188391305571
45,2026-08-22,2,2026-09-05,wk inc covid hosp,quantile,0.4,123.56233890704321
46,2026-08-22,2,2026-09-05,wk inc covid hosp,quantile,0.4,251.40681660017293
47,2026-08-22,2,2026-09-05,wk inc covid hosp,quantile,0.4,1091.2896258825963
48,2026-08-22,2,2026-09-05,wk inc covid hosp,quantile,0.4,543.3434218060075
49,2026-08-22,2,2026-09-05,wk inc covid hosp,quantile,0.4,57.50786310664021
50,2026-08-22,2,2026-09-05,wk inc covid hosp,quantile,0.4,214.48717881423107
51,2026-08-22,2,2026-09-05,wk inc covid hosp,quantile,0.4,471.7211257543626
53,2026-08-22,2,2026-09-05,wk inc covid hosp,quantile,0.4,137.08475047180036
54,2026-08-22,2,2026-09-05,wk inc covid hosp,quantile,0.4,327.6227201966738
55,2026-08-22,2,2026-09-05,wk inc covid hosp,quantile,0.4,219.7396854649761
56,2026-08-22,2,2026-09-05,wk inc covid hosp,quantile,0.4,86.86323613380637
72,2026-08-22,2,2026-09-05,wk inc covid hosp,quantile,0.4,8087.039657914669
US,2026-08-22,2,2026-09-05,wk inc covid hosp,quantile,0.4,2650.233019332051
01,2026-08-22,3,2026-09-12,wk inc covid hosp,quantile,0.4,171.01515630885433
02,2026-08-22,3,2026-09-12,wk inc covid hosp,quantile,0.4,112.01956911579748
04,2026-08-22,3,2026-09-12,wk inc covid hosp,quantile,0.4,310.9710654910456
05,2026-08-22,3,2026-09-12,wk inc covid hosp,quantile,0.4,1321.590220478134
06,2026-08-22,3,2026-09-12,wk inc covid hosp,quantile,0.4,782.7110931618437
08,2026-08-22,3,2026-09-12,wk inc covid hosp,quantile,0.4,296.1346982943426
09,2026-08-22,3,2026-09-12,wk inc covid hosp,quantile,0.4,198.91066396126146
10,2026-08-22,3,2026-09-12,wk inc covid hosp,quantile,0.4,67.03397761297752
11,2026-08-22,3,2026-09-12,wk inc covid hosp,quantile,0.4,1559.505758714116
12,2026-08-22,3,2026-09-12,wk inc covid hosp,quantile,0.4,1262.4089131852293
13,2026-08-22,3,2026-09-12,wk inc covid hosp,quantile,0.4,346.2947647009346
15,2026-08-22,3,2026-09-12,wk inc covid hosp,quantile,0.4,97.04520870761692
16,2026-08-22,3,2026-09-12,wk inc covid hosp,quantile,0.4,333.2583948454412
17,2026-08-22,3,2026-09-12,wk inc covid hosp,quantile,0.4,435.35981160852
18,2026-08-22,3,2026-09-12,wk inc covid hosp,quantile,0.4,335.56523290017424
19,2026-08-22,3,2026-09-12,wk inc covid hosp,quantile,0.4,157.24291154950126
20,2026-08-22,3,2026-09-12,wk inc covid hosp,quantile,0.4,294.3743783274042
21,2026-08-22,3,2026-09-12,wk inc covid hosp,quantile,0.4,340.67642980812786
22,2026-08-22,3,2026-09-12,wk inc covid hosp,quantile,0.4,195.73342423078967
23,2026-08-22,3,2026-09-12,wk inc covid hosp,quantile,0.4,240.3794832526898
24,2026-08-22,3,2026-09-12,wk inc covid hosp,quantile,0.4,383.4057704391413
25,2026-08-22,3,2026-09-12,wk inc covid hosp,quantile,0.4,783.399210760733
26,2026-08-22,3,2026-09-12,wk inc covid hosp,quantile,0.4,556.995240985462
27,2026-08-22,3,2026-09-12,wk inc covid hosp,quantile,0.4,176.92529690982263
28,2026-08-22,3,2026-09-12,wk inc covid hosp,quantile,0.4,256.15271158338356
29,2026-08-22,3,2026-09-12,wk inc covid hosp,quantile,0.4,298.6557841346236
30,2026-08-22,3,2026-09-12,wk inc covid hosp,quantile,0.4,101.69887024783891
31,2026-08-22,3,2026-09-12,wk inc covid hosp,quantile,0.4,166.0069530197501
32,2026-08-22,3,2026-09-12,wk inc covid hosp,quantile,0.4,103.85807739315179
33,2026-08-22,3,2026-09-12,wk inc covid hosp,quantile,0.4,451.528244588072
34,2026-08-22,3,2026-09-12,wk inc covid hosp,quantile,0.4,254.70438241300016
35,2026-08-22,3,2026-09-12,wk inc covid hosp,quantile,0.4,879.1355565403147
36,2026-08-22,3,2026-09-12,wk inc covid hosp,quantile,0.4,1332.3072378851182
37,2026-08-22,3,2026-09-12,wk inc covid hosp,quantile,0.4,287.69897130635457
38,2026-08-22,3,2026-09-12,wk inc covid hosp,quantile,0.4,479.9422527413905
39,2026-08-22,3,2026-09-12,wk inc covid hosp,quantile,0.4,423.28817895040976
40,2026-08-22,3,2026-09-12,wk inc covid hosp,quantile,0.4,298.9968788554484
41,2026-08-22,3,2026-09-12,wk inc covid hosp,quantile,0.4,481.43607227093116
42,2026-08-22,3,2026-09-12,wk inc covid hosp,quantile,0.4,444.37669014119274
44,2026-08-22,3,2026-09-12,wk inc covid hosp,quantile,0.4,203.41967015734554
45,2026-08-22,3,2026-09-12,wk inc covid hosp,quantile,0.4,132.46406509470415
46,2026-08-22,3,2026-09-12,wk inc covid hosp,quantile,0.4,278.94112200974934
47,2026-08-22,3,2026-09-12,wk inc covid hosp,quantile,0.4,1179.991641202303
48,2026-08-22,3,2026-09-12,wk inc covid hosp,quantile,0.4,577.5787808956964
49,2026-08-22,3,2026-09-12,wk inc covid hosp,quantile,0.4,62.62338109703015
50,2026-08-22,3,2026-09-12,wk inc covid hosp,quantile,0.4,243.04116843120278
51,2026-08-22,3,2026-09-12,wk inc covid hosp,quantile,0.4,517.4798002509657
53,2026-08-22,3,2026-09-12,wk inc covid hosp,quantile,0.4,148.57155879356907
54,2026-08-22,3,2026-09-12,wk inc covid hosp,quantile,0.4,372.6019970957501
55,2026-08-22,3,2026-09-12,wk inc covid hosp,quantile,0.4,243.3260909754245
56,2026-08-22,3,2026-09-12,wk inc covid hosp,quantile,0.4,94.70648936274846
72,2026-08-22,3,2026-09-12,wk inc covid hosp,quantile,0.4,8458.181676025604
US,2026-08-22,3,2026-09-12,wk inc covid hosp,quantile,0.4,2992.817441095879
01,2026-08-22,0,2026-08-22,wk inc covid hosp,quantile,0.45,130.93214638687078
02,2026-08-22,0,2026-08-22,wk inc covid hosp,quantile,0.45,89.95718460370513
04,2026-08-22,0,2026-08-22,wk inc covid hosp,quantile,0.45,217.44315993322863
05,2026-08-22,0,2026-08-22,wk inc covid hosp,quantile,0.45,925.6387915252195
06,2026-08-22,0,2026-08-22,wk inc covid hosp,quantile,0.45,600.7265803266625
08,2026-08-22,0,2026-08-22,wk inc covid hosp,quantile,0.45,203.28874287292186
09,2026-08-22,0,2026-08-22,wk inc covid hosp,quantile,0.45,138.02775924814014
10,2026-08-22,0,2026-08-22,wk inc covid hosp,quantile,0.45,46.055661014701876
11,2026-08-22,0,2026-08-22,wk inc covid hosp,quantile,0.45,1103.1315598210483
12,2026-08-22,0,2026-08-22,wk inc covid hosp,quantile,0.45,1068.8155393584643
13,2026-08-22,0,2026-08-22,wk inc covid hosp,quantile,0.45,254.10071479030822
15,2026-08-22,0,2026-08-22,wk inc covid hosp,quantile,0.45,76.89999777767912
16,2026-08-22,0,2026-08-22,wk inc covid hosp,quantile,0.45,232.80277925246162
17,2026-08-22,0,2026-08-22,wk inc covid hosp,quantile,0.45,285.4275439297003
18,2026-08-22,0,2026-08-22,wk inc covid hosp,quantile,0.45,221.8089427928241
19,2026-08-22,0,2026-08-22,wk inc covid hosp,quantile,0.45,108.42924894132642
20,2026-08-22,0,2026-08-22,wk inc covid hosp,quantile,0.45,208.06016153667298
21,2026-08-22,0,2026-08-22,wk inc covid hosp,quantile,0.45,229.2741808128057
22,2026-08-22,0,2026-08-22,wk inc covid hosp,quantile,0.45,158.41191340419016
23,2026-08-22,0,2026-08-22,wk inc covid hosp,quantile,0.45,162.75667882067418
24,2026-08-22,0,2026-08-22,wk inc covid hosp,quantile,0.45,256.9860458864315
25,2026-08-22,0,2026-08-22,wk inc covid hosp,quantile,0.45,510.0313745737362
26,2026-08-22,0,2026-08-22,wk inc covid hosp,quantile,0.45,355.5026241186558
27,2026-08-22,0,2026-08-22,wk inc covid hosp,quantile,0.45,120.10049656323854
28,2026-08-22,0,2026-08-22,wk inc covid hosp,quantile,0.45,214.14408956930671
29,2026-08-22,0,2026-08-22,wk inc covid hosp,quantile,0.45,193.95223886602332
30,2026-08-22,0,2026-08-22,wk inc covid hosp,quantile,0.45,76.04202667278598
31,2026-08-22,0,2026-08-22,wk inc covid hosp,quantile,0.45,111.68481503219617
32,2026-08-22,0,2026-08-22,wk inc covid hosp,quantile,0.45,81.6377187803083
33,2026-08-22,0,2026-08-22,wk inc covid hosp,quantile,0.45,318.4024773509724
34,2026-08-22,0,2026-08-22,wk inc covid hosp,quantile,0.45,177.1339901835781
35,2026-08-22,0,2026-08-22,wk inc covid hosp,quantile,0.45,623.9072145677436
36,2026-08-22,0,2026-08-22,wk inc covid hosp,quantile,0.45,906.8656416331589
37,2026-08-22,0,2026-08-22,wk inc covid hosp,quantile,0.45,216.61944718158168
38,2026-08-22,0,2026-08-22,wk inc covid hosp,quantile,0.45,341.0146326193762
39,2026-08-22,0,2026-08-22,wk inc covid hosp,quantile,0.45,286.6004469416185
40,2026-08-22,0,2026-08-22,wk inc covid hosp,quantile,0.45,203.49654028063654
41,2026-08-22,0,2026-08-22,wk inc covid hosp,quantile,0.45,336.17903089530364
42,2026-08-22,0,2026-08-22,wk inc covid hosp,quantile,0.45,295.76219840705903
44,2026-08-22,0,2026-08-22,wk inc covid hosp,quantile,0.45,148.52888572910044
45,2026-08-22,0,2026-08-22,wk inc covid hosp,quantile,0.45,97.26117943613768
46,2026-08-22,0,2026-08-22,wk inc covid hosp,quantile,0.45,193.04150895406232
47,2026-08-22,0,2026-08-22,wk inc covid hosp,quantile,0.45,854.1048362298748
48,2026-08-22,0,2026-08-22,wk inc covid hosp,quantile,0.45,465.4086446159471
49,2026-08-22,0,2026-08-22,wk inc covid hosp,quantile,0.45,46.17303749417191
50,2026-08-22,0,2026-08-22,wk inc covid hosp,quantile,0.45,175.10822488088098
51,2026-08-22,0,2026-08-22,wk inc covid hosp,quantile,0.45,355.17102790544635
53,2026-08-22,0,2026-08-22,wk inc covid hosp,quantile,0.45,107.82422638742474
54,2026-08-22,0,2026-08-22,wk inc covid hosp,quantile,0.45,235.41069008790495
55,2026-08-22,0,2026-08-22,wk inc covid hosp,quantile,0.45,160.90884249237462
56,2026-08-22,0,2026-08-22,wk inc covid hosp,quantile,0.45,69.17690986175815
72,2026-08-22,0,2026-08-22,wk inc covid hosp,quantile,0.45,7425.110253875648
US,2026-08-22,0,2026-08-22,wk inc covid hosp,quantile,0.45,2086.526993011784
01,2026-08-22,1,2026-08-29,wk inc covid hosp,quantile,0.45,151.44984356887315
02,2026-08-22,1,2026-08-29,wk inc covid hosp,quantile,0.45,107.04615588461479
04,2026-08-22,1,2026-08-29,wk inc covid hosp,quantile,0.45,263.32564716004265
05,2026-08-22,1,2026-08-29,wk inc covid hosp,quantile,0.45,1114.5779560413591
06,2026-08-22,1,2026-08-29,wk inc covid hosp,quantile,0.45,688.1082919041178
08,2026-08-22,1,2026-08-29,wk inc covid hosp,quantile,0.45,251.72620507851303
09,2026-08-22,1,2026-08-29,wk inc covid hosp,quantile,0.45,167.42316790950497
10,2026-08-22,1,2026-08-29,wk inc covid hosp,quantile,0.45,56.70544837541959
11,2026-08-22,1,2026-08-29,wk inc covid hosp,quantile,0.45,1335.8822991119202
12,2026-08-22,1,2026-08-29,wk inc covid hosp,quantile,0.45,1209.2358928864878
13,2026-08-22,1,2026-08-29,wk inc covid hosp,quantile,0.45,299.41038148560403
15,2026-08-22,1,2026-08-29,wk inc covid hosp,quantile,0.45,89.28427248554112
16,2026-08-22,1,2026-08-29,wk inc covid hosp,quantile,0.45,280.13494918381144
17,2026-08-22,1,2026-08-29,wk inc covid hosp,quantile,0.45,347.5953348122053
18,2026-08-22,1,2026-08-29,wk inc covid hosp,quantile,0.45,274.9453566290998
19,2026-08-22,1,2026-08-29,wk inc covid hosp,quantile,0.45,131.36204919912137
20,2026-08-22,1,2026-08-29,wk inc covid hosp,quantile,0.45,250.75340308463782
21,2026-08-22,1,2026-08-29,wk inc covid hosp,quantile,0.45,281.19205661718644
22,2026-08-22,1,2026-08-29,wk inc covid hosp,quantile,0.45,183.2106589418281
23,2026-08-22,1,2026-08-29,wk inc covid hosp,quantile,0.45,200.28402284289484
24,2026-08-22,1,2026-08-29,wk inc covid hosp,quantile,0.45,315.54983915240877
25,2026-08-22,1,2026-08-29,wk inc covid hosp,quantile,0.45,629.6965311031257
26,2026-08-22,1,2026-08-29,wk inc covid hosp,quantile,0.45,446.7894223899361
27,2026-08-22,1,2026-08-29,wk inc covid hosp,quantile,0.45,145.49609241621184
28,2026-08-22,1,2026-08-29,wk inc covid hosp,quantile,0.45,244.10783448811617
29,2026-08-22,1,2026-08-29,wk inc covid hosp,quantile,0.45,241.36161397032035
30,2026-08-22,1,2026-08-29,wk inc covid hosp,quantile,0.45,89.33320578676391
31,2026-08-22,1,2026-08-29,wk inc covid hosp,quantile,0.45,138.9792172634493
32,2026-08-22,1,2026-08-29,wk inc covid hosp,quantile,0.45,94.48243487627322
33,2026-08-22,1,2026-08-29,wk inc covid hosp,quantile,0.45,383.52738082008256
34,2026-08-22,1,2026-08-29,wk inc covid hosp,quantile,0.45,207.20608131967236
35,2026-08-22,1,2026-08-29,wk inc covid hosp,quantile,0.45,749.3814404530644
36,2026-08-22,1,2026-08-29,wk inc covid hosp,quantile,0.45,1100.0828190066468
37,2026-08-22,1,2026-08-29,wk inc covid hosp,quantile,0.45,250.37244295122684
38,2026-08-22,1,2026-08-29,wk inc covid hosp,quantile,0.45,419.77870373562416
39,2026-08-22,1,2026-08-29,wk inc covid hosp,quantile,0.45,347.70404732645517
40,2026-08-22,1,2026-08-29,wk inc covid hosp,quantile,0.45,249.6503325925386
41,2026-08-22,1,2026-08-29,wk inc covid hosp,quantile,0.45,408.0446108063964
42,2026-08-22,1,2026-08-29,wk inc covid hosp,quantile,0.45,366.0855114702112
44,2026-08-22,1,2026-08-29,wk inc covid hosp,quantile,0.45,175.26943891602804
45,2026-08-22,1,2026-08-29,wk inc covid hosp,quantile,0.45,115.62239410218152
46,2026-08-22,1,2026-08-29,wk inc covid hosp,quantile,0.45,238.66495457402098
47,2026-08-22,1,2026-08-29,wk inc covid hosp,quantile,0.45,1018.381478041342
48,2026-08-22,1,2026-08-29,wk inc covid hosp,quantile,0.45,522.1690815352938
49,2026-08-22,1,2026-08-29,wk inc covid hosp,quantile,0.45,54.76300115780921
50,2026-08-22,1,2026-08-29,wk inc covid hosp,quantile,0.45,208.21161141255197
51,2026-08-22,1,2026-08-29,wk inc covid hosp,quantile,0.45,433.0954386303034
53,2026-08-22,1,2026-08-29,wk inc covid hosp,quantile,0.45,126.9750553112442
54,2026-08-22,1,2026-08-29,wk inc covid hosp,quantile,0.45,300.07413245923493
55,2026-08-22,1,2026-08-29,wk inc covid hosp,quantile,0.45,198.3771666461228
56,2026-08-22,1,2026-08-29,wk inc covid hosp,quantile,0.45,84.47769884419738
72,2026-08-22,1,2026-08-29,wk inc covid hosp,quantile,0.45,8101.183630392765
US,2026-08-22,1,2026-08-29,wk inc covid hosp,quantile,0.45,2406.1316456294358
01,2026-08-22,2,2026-09-05,wk inc covid hosp,quantile,0.45,164.30155995465984
02,2026-08-22,2,2026-09-05,wk inc covid hosp,quantile,0.45,114.00495400094336
04,2026-08-22,2,2026-09-05,wk inc covid hosp,quantile,0.45,295.7822705345501
05,2026-08-22,2,2026-09-05,wk inc covid hosp,quantile,0.45,1282.498816020723
06,2026-08-22,2,2026-09-05,wk inc covid hosp,quantile,0.45,758.6358331076418
08,2026-08-22,2,2026-09-05,wk inc covid hosp,quantile,0.45,282.9031850197725
09,2026-08-22,2,2026-09-05,wk inc covid hosp,quantile,0.45,191.18576523740995
10,2026-08-22,2,2026-09-05,wk inc covid hosp,quantile,0.45,65.01634201530867
11,2026-08-22,2,2026-09-05,wk inc covid hosp,quantile,0.45,1540.4276419926057
12,2026-08-22,2,2026-09-05,wk inc covid hosp,quantile,0.45,1290.405232311311
13,2026-08-22,2,2026-09-05,wk inc covid hosp,quantile,0.45,332.5311235471623
15,2026-08-22,2,2026-09-05,wk inc covid hosp,quantile,0.45,96.75269082181875
16,2026-08-22,2,2026-09-05,wk inc covid hosp,quantile,0.45,323.83401465714616
17,2026-08-22,2,2026-09-05,wk inc covid hosp,quantile,0.45,406.5418226857954
18,2026-08-22,2,2026-09-05,wk inc covid hosp,quantile,0.45,317.0366957520348
19,2026-08-22,2,2026-09-05,wk inc covid hosp,quantile,0.45,149.99073833642288
20,2026-08-22,2,2026-09-05,wk inc covid hosp,quantile,0.45,285.52799698931625
21,2026-08-22,2,2026-09-05,wk inc covid hosp,quantile,0.45,320.71295380868247
22,2026-08-22,2,2026-09-05,wk inc covid hosp,quantile,0.45,192.87605490385857
23,2026-08-22,2,2026-09-05,wk inc covid hosp,quantile,0.45,230.9445104598986
24,2026-08-22,2,2026-09-05,wk inc covid hosp,quantile,0.45,358.3116581291085
25,2026-08-22,2,2026-09-05,wk inc covid hosp,quantile,0.45,735.0774384137744
26,2026-08-22,2,2026-09-05,wk inc covid hosp,quantile,0.45,518.002246600744
27,2026-08-22,2,2026-09-05,wk inc covid hosp,quantile,0.45,167.4058185083476
28,2026-08-22,2,2026-09-05,wk inc covid hosp,quantile,0.45,261.8288679394907
29,2026-08-22,2,2026-09-05,wk inc covid hosp,quantile,0.45,278.2708346087136
30,2026-08-22,2,2026-09-05,wk inc covid hosp,quantile,0.45,102.22373973338381
31,2026-08-22,2,2026-09-05,wk inc covid hosp,quantile,0.45,158.15736698239112
32,2026-08-22,2,2026-09-05,wk inc covid hosp,quantile,0.45,103.38830839317504
33,2026-08-22,2,2026-09-05,wk inc covid hosp,quantile,0.45,442.4710788281771
34,2026-08-22,2,2026-09-05,wk inc covid hosp,quantile,0.45,239.91707446130255
35,2026-08-22,2,2026-09-05,wk inc covid hosp,quantile,0.45,849.8976509211079
36,2026-08-22,2,2026-09-05,wk inc covid hosp,quantile,0.45,1251.6632135600153
37,2026-08-22,2,2026-09-05,wk inc covid hosp,quantile,0.45,279.6956417698413
38,2026-08-22,2,2026-09-05,wk inc covid hosp,quantile,0.45,483.71587571836665
39,2026-08-22,2,2026-09-05,wk inc covid hosp,quantile,0.45,396.1778645635118
40,2026-08-22,2,2026-09-05,wk inc covid hosp,quantile,0.45,282.8184462135209
41,2026-08-22,2,2026-09-05,wk inc covid hosp,quantile,0.45,459.66571182015343
42,2026-08-22,2,2026-09-05,wk inc covid hosp,quantile,0.45,423.63975924602994
44,2026-08-22,2,2026-09-05,wk inc covid hosp,quantile,0.45,201.2960370569728
45,2026-08-22,2,2026-09-05,wk inc covid hosp,quantile,0.45,129.3527527241206
46,2026-08-22,2,2026-09-05,wk inc covid hosp,quantile,0.45,274.6668332998786
47,2026-08-22,2,2026-09-05,wk inc covid hosp,quantile,0.45,1142.132547931663
48,2026-08-22,2,2026-09-05,wk inc covid hosp,quantile,0.45,568.6708487758851
49,2026-08-22,2,2026-09-05,wk inc covid hosp,quantile,0.45,60.50961702661234
50,2026-08-22,2,2026-09-05,wk inc covid hosp,quantile,0.45,239.7250153084077
51,2026-08-22,2,2026-09-05,wk inc covid hosp,quantile,0.45,491.7163348678002
53,2026-08-22,2,2026-09-05,wk inc covid hosp,quantile,0.45,141.37122694195136
54,2026-08-22,2,2026-09-05,wk inc covid hosp,quantile,0.45,345.7897139271106
55,2026-08-22,2,2026-09-05,wk inc covid hosp,quantile,0.45,228.19329898819305
56,2026-08-22,2,2026-09-05,wk inc covid hosp,quantile,0.45,97.12830430252488
72,2026-08-22,2,2026-09-05,wk inc covid hosp,quantile,0.45,8704.2819069471
US,2026-08-22,2,2026-09-05,wk inc covid hosp,quantile,0.45,2772.396961800346
01,2026-08-22,3,2026-09-12,wk inc covid hosp,quantile,0.45,178.74470312903549
02,2026-08-22,3,2026-09-12,wk inc covid hosp,quantile,0.45,125.21350638037542
04,2026-08-22,3,2026-09-12,wk inc covid hosp,quantile,0.45,325.34672266336236
05,2026-08-22,3,2026-09-12,wk inc covid hosp,quantile,0.45,1408.4978233156642
06,2026-08-22,3,2026-09-12,wk inc covid hosp,quantile,0.45,808.010938326333
08,2026-08-22,3,2026-09-12,wk inc covid hosp,quantile,0.45,310.8891830481629
09,2026-08-22,3,2026-09-12,wk inc covid hosp,quantile,0.45,210.00224673397688
10,2026-08-22,3,2026-09-12,wk inc covid hosp,quantile,0.45,72.05104222847386
11,2026-08-22,3,2026-09-12,wk inc covid hosp,quantile,0.45,1679.8940425967587
12,2026-08-22,3,2026-09-12,wk inc covid hosp,quantile,0.45,1339.2818077192064
13,2026-08-22,3,2026-09-12,wk inc covid hosp,quantile,0.45,360.0838561974766
15,2026-08-22,3,2026-09-12,wk inc covid hosp,quantile,0.45,103.80091188073953
16,2026-08-22,3,2026-09-12,wk inc covid hosp,quantile,0.45,356.1506424337393
17,2026-08-22,3,2026-09-12,wk inc covid hosp,quantile,0.45,453.8129641936852
18,2026-08-22,3,2026-09-12,wk inc covid hosp,quantile,0.45,350.74455338981204
19,2026-08-22,3,2026-09-12,wk inc covid hosp,quantile,0.45,166.4596392567951
20,2026-08-22,3,2026-09-12,wk inc covid hosp,quantile,0.45,311.86581507765453
21,2026-08-22,3,2026-09-12,wk inc covid hosp,quantile,0.45,361.0195987554787
22,2026-08-22,3,2026-09-12,wk inc covid hosp,quantile,0.45,205.80288114911184
23,2026-08-22,3,2026-09-12,wk inc covid hosp,quantile,0.45,257.78774265358777
24,2026-08-22,3,2026-09-12,wk inc covid hosp,quantile,0.45,402.23142334152953
25,2026-08-22,3,2026-09-12,wk inc covid hosp,quantile,0.45,822.935124775711
26,2026-08-22,3,2026-09-12,wk inc covid hosp,quantile,0.45,593.4265165840674
27,2026-08-22,3,2026-09-12,wk inc covid hosp,quantile,0.45,187.0011787291661
28,2026-08-22,3,2026-09-12,wk inc covid hosp,quantile,0.45,275.10725299230285
29,2026-08-22,3,2026-09-12,wk inc covid hosp,quantile,0.45,314.6743421761505
30,2026-08-22,3,2026-09-12,wk inc covid hosp,quantile,0.45,112.09962433038051
31,2026-08-22,3,2026-09-12,wk inc covid hosp,quantile,0.45,175.7012426570864
32,2026-08-22,3,2026-09-12,wk inc covid hosp,quantile,0.45,110.48466785015164
33,2026-08-22,3,2026-09-12,wk inc covid hosp,quantile,0.45,484.3372198489279
34,2026-08-22,3,2026-09-12,wk inc covid hosp,quantile,0.45,269.4071847644029
35,2026-08-22,3,2026-09-12,wk inc covid hosp,quantile,0.45,938.1647074464353
36,2026-08-22,3,2026-09-12,wk inc covid hosp,quantile,0.45,1370.8770875676144
37,2026-08-22,3,2026-09-12,wk inc covid hosp,quantile,0.45,300.9131758823516
38,2026-08-22,3,2026-09-12,wk inc covid hosp,quantile,0.45,528.5853688543631
39,2026-08-22,3,2026-09-12,wk inc covid hosp,quantile,0.45,442.3493335253792
40,2026-08-22,3,2026-09-12,wk inc covid hosp,quantile,0.45,312.09699217117986
41,2026-08-22,3,2026-09-12,wk inc covid hosp,quantile,0.45,503.0373735397631
42,2026-08-22,3,2026-09-12,wk inc covid hosp,quantile,0.45,467.9648364966528
44,2026-08-22,3,2026-09-12,wk inc covid hosp,quantile,0.45,218.67554903205746
45,2026-08-22,3,2026-09-12,wk inc covid hosp,quantile,0.45,139.49715331057084
46,2026-08-22,3,2026-09-12,wk inc covid hosp,quantile,0.45,306.10082621810307
47,2026-08-22,3,2026-09-12,wk inc covid hosp,quantile,0.45,1244.9078892353805
48,2026-08-22,3,2026-09-12,wk inc covid hosp,quantile,0.45,605.1306735330451
49,2026-08-22,3,2026-09-12,wk inc covid hosp,quantile,0.45,66.79950645884105
50,2026-08-22,3,2026-09-12,wk inc covid hosp,quantile,0.45,269.52832309441067
51,2026-08-22,3,2026-09-12,wk inc covid hosp,quantile,0.45,544.9082679612453
53,2026-08-22,3,2026-09-12,wk inc covid hosp,quantile,0.45,154.89574737727617
54,2026-08-22,3,2026-09-12,wk inc covid hosp,quantile,0.45,397.21946215443575
55,2026-08-22,3,2026-09-12,wk inc covid hosp,quantile,0.45,255.43842274497968
56,2026-08-22,3,2026-09-12,wk inc covid hosp,quantile,0.45,106.05608358091919
72,2026-08-22,3,2026-09-12,wk inc covid hosp,quantile,0.45,9217.946395528128
US,2026-08-22,3,2026-09-12,wk inc covid hosp,quantile,0.45,3135.211455084326
01,2026-08-22,0,2026-08-22,wk inc covid hosp,quantile,0.5,133.55827312301435
02,2026-08-22,0,2026-08-22,wk inc covid hosp,quantile,0.5,95.6884747247221
04,2026-08-22,0,2026-08-22,wk inc covid hosp,quantile,0.5,223.66733382389162
05,2026-08-22,0,2026-08-22,wk inc covid hosp,quantile,0.5,954.747839938539
06,2026-08-22,0,2026-08-22,wk inc covid hosp,quantile,0.5,610.9933793135953
08,2026-08-22,0,2026-08-22,wk inc covid hosp,quantile,0.5,206.84766755444943
09,2026-08-22,0,2026-08-22,wk inc covid hosp,quantile,0.5,142.2080270572976
10,2026-08-22,0,2026-08-22,wk inc covid hosp,quantile,0.5,47.77089238435944
11,2026-08-22,0,2026-08-22,wk inc covid hosp,quantile,0.5,1142.9804613224378
12,2026-08-22,0,2026-08-22,wk inc covid hosp,quantile,0.5,1104.094513221369
13,2026-08-22,0,2026-08-22,wk inc covid hosp,quantile,0.5,258.4485927625571
15,2026-08-22,0,2026-08-22,wk inc covid hosp,quantile,0.5,78.96479404582561
16,2026-08-22,0,2026-08-22,wk inc covid hosp,quantile,0.5,240.94149780542838
17,2026-08-22,0,2026-08-22,wk inc covid hosp,quantile,0.5,292.3425012838896
18,2026-08-22,0,2026-08-22,wk inc covid hosp,quantile,0.5,226.9578043017659
19,2026-08-22,0,2026-08-22,wk inc covid hosp,quantile,0.5,111.58862508731656
20,2026-08-22,0,2026-08-22,wk inc covid hosp,quantile,0.5,215.66483635459437
21,2026-08-22,0,2026-08-22,wk inc covid hosp,quantile,0.5,235.63455729652665
22,2026-08-22,0,2026-08-22,wk inc covid hosp,quantile,0.5,161.931274387824
23,2026-08-22,0,2026-08-22,wk inc covid hosp,quantile,0.5,168.48319874471142
24,2026-08-22,0,2026-08-22,wk inc covid hosp,quantile,0.5,264.5677881947952
25,2026-08-22,0,2026-08-22,wk inc covid hosp,quantile,0.5,520.5068015907484
26,2026-08-22,0,2026-08-22,wk inc covid hosp,quantile,0.5,368.407714909479
27,2026-08-22,0,2026-08-22,wk inc covid hosp,quantile,0.5,123.25310635449853
28,2026-08-22,0,2026-08-22,wk inc covid hosp,quantile,0.5,221.13814556734224
29,2026-08-22,0,2026-08-22,wk inc covid hosp,quantile,0.5,197.39491508344702
30,2026-08-22,0,2026-08-22,wk inc covid hosp,quantile,0.5,79.39063235508533
31,2026-08-22,0,2026-08-22,wk inc covid hosp,quantile,0.5,115.33362085030974
32,2026-08-22,0,2026-08-22,wk inc covid hosp,quantile,0.5,83.82422259420785
33,2026-08-22,0,2026-08-22,wk inc covid hosp,quantile,0.5,329.40465403250465
34,2026-08-22,0,2026-08-22,wk inc covid hosp,quantile,0.5,182.62182146669707
35,2026-08-22,0,2026-08-22,wk inc covid hosp,quantile,0.5,643.7239911129232
36,2026-08-22,0,2026-08-22,wk inc covid hosp,quantile,0.5,922.8918483746463
37,2026-08-22,0,2026-08-22,wk inc covid hosp,quantile,0.5,220.55479648652144
38,2026-08-22,0,2026-08-22,wk inc covid hosp,quantile,0.5,353.46767799275443
39,2026-08-22,0,2026-08-22,wk inc covid hosp,quantile,0.5,294.1919712274577
40,2026-08-22,0,2026-08-22,wk inc covid hosp,quantile,0.5,208.36900909454909
41,2026-08-22,0,2026-08-22,wk inc covid hosp,quantile,0.5,344.5813270157753
42,2026-08-22,0,2026-08-22,wk inc covid hosp,quantile,0.5,304.3913787801593
44,2026-08-22,0,2026-08-22,wk inc covid hosp,quantile,0.5,154.20012523911595
45,2026-08-22,0,2026-08-22,wk inc covid hosp,quantile,0.5,99.94590023524867
46,2026-08-22,0,2026-08-22,wk inc covid hosp,quantile,0.5,201.7597913922615
47,2026-08-22,0,2026-08-22,wk inc covid hosp,quantile,0.5,877.2023535928492
48,2026-08-22,0,2026-08-22,wk inc covid hosp,quantile,0.5,476.3811156641847
49,2026-08-22,0,2026-08-22,wk inc covid hosp,quantile,0.5,47.56991599925442
50,2026-08-22,0,2026-08-22,wk inc covid hosp,quantile,0.5,184.25281251090888
51,2026-08-22,0,2026-08-22,wk inc covid hosp,quantile,0.5,363.32129648278504
53,2026-08-22,0,2026-08-22,wk inc covid hosp,quantile,0.5,109.91293447340651
54,2026-08-22,0,2026-08-22,wk inc covid hosp,quantile,0.5,241.54944527524378
55,2026-08-22,0,2026-08-22,wk inc covid hosp,quantile,0.5,165.25281742360696
56,2026-08-22,0,2026-08-22,wk inc covid hosp,quantile,0.5,73.57617749773857
72,2026-08-22,0,2026-08-22,wk inc covid hosp,quantile,0.5,7688.03461157135
US,2026-08-22,0,2026-08-22,wk inc covid hosp,quantile,0.5,2159.1361610920558
01,2026-08-22,1,2026-08-29,wk inc covid hosp,quantile,0.5,155.17072025378556
02,2026-08-22,1,2026-08-29,wk inc covid hosp,quantile,0.5,114.99206076370707
04,2026-08-22,1,2026-08-29,wk inc covid hosp,quantile,0.5,272.8384515421982
05,2026-08-22,1,2026-08-29,wk inc covid hosp,quantile,0.5,1164.1374259486292
06,2026-08-22,1,2026-08-29,wk inc covid hosp,quantile,0.5,702.3922444998228
08,2026-08-22,1,2026-08-29,wk inc covid hosp,quantile,0.5,260.4446041108195
09,2026-08-22,1,2026-08-29,wk inc covid hosp,quantile,0.5,175.4055230820485
10,2026-08-22,1,2026-08-29,wk inc covid hosp,quantile,0.5,59.585059420097956
11,2026-08-22,1,2026-08-29,wk inc covid hosp,quantile,0.5,1424.6277504980203
12,2026-08-22,1,2026-08-29,wk inc covid hosp,quantile,0.5,1253.4728701954418
13,2026-08-22,1,2026-08-29,wk inc covid hosp,quantile,0.5,307.55211297291606
15,2026-08-22,1,2026-08-29,wk inc covid hosp,quantile,0.5,93.09463625669717
16,2026-08-22,1,2026-08-29,wk inc covid hosp,quantile,0.5,293.0128205251907
17,2026-08-22,1,2026-08-29,wk inc covid hosp,quantile,0.5,359.4854226871634
18,2026-08-22,1,2026-08-29,wk inc covid hosp,quantile,0.5,282.36179370390306
19,2026-08-22,1,2026-08-29,wk inc covid hosp,quantile,0.5,136.08176068223656
20,2026-08-22,1,2026-08-29,wk inc covid hosp,quantile,0.5,259.646066369181
21,2026-08-22,1,2026-08-29,wk inc covid hosp,quantile,0.5,290.76385664205725
22,2026-08-22,1,2026-08-29,wk inc covid hosp,quantile,0.5,188.51941781283804
23,2026-08-22,1,2026-08-29,wk inc covid hosp,quantile,0.5,209.6681324081939
24,2026-08-22,1,2026-08-29,wk inc covid hosp,quantile,0.5,326.905400298169
25,2026-08-22,1,2026-08-29,wk inc covid hosp,quantile,0.5,645.2142991679443
26,2026-08-22,1,2026-08-29,wk inc covid hosp,quantile,0.5,463.8209512647468
27,2026-08-22,1,2026-08-29,wk inc covid hosp,quantile,0.5,150.65271302538474
28,2026-08-22,1,2026-08-29,wk inc covid hosp,quantile,0.5,253.03380183060278
29,2026-08-22,1,2026-08-29,wk inc covid hosp,quantile,0.5,247.98137020840187
30,2026-08-22,1,2026-08-29,wk inc covid hosp,quantile,0.5,94.56157642893221
31,2026-08-22,1,2026-08-29,wk inc covid hosp,quantile,0.5,146.05847925229511
32,2026-08-22,1,2026-08-29,wk inc covid hosp,quantile,0.5,97.5765042968964
33,2026-08-22,1,2026-08-29,wk inc covid hosp,quantile,0.5,399.56245218356696
34,2026-08-22,1,2026-08-29,wk inc covid hosp,quantile,0.5,216.52127187253762
35,2026-08-22,1,2026-08-29,wk inc covid hosp,quantile,0.5,778.7633273031099
36,2026-08-22,1,2026-08-29,wk inc covid hosp,quantile,0.5,1127.3925904395321
37,2026-08-22,1,2026-08-29,wk inc covid hosp,quantile,0.5,257.4241060699047
38,2026-08-22,1,2026-08-29,wk inc covid hosp,quantile,0.5,449.80650158153145
39,2026-08-22,1,2026-08-29,wk inc covid hosp,quantile,0.5,361.17150100402995
40,2026-08-22,1,2026-08-29,wk inc covid hosp,quantile,0.5,259.0455956584915
41,2026-08-22,1,2026-08-29,wk inc covid hosp,quantile,0.5,419.80104843747176
42,2026-08-22,1,2026-08-29,wk inc covid hosp,quantile,0.5,380.3057285548217
44,2026-08-22,1,2026-08-29,wk inc covid hosp,quantile,0.5,185.62103469539218
45,2026-08-22,1,2026-08-29,wk inc covid hosp,quantile,0.5,119.25981052821587
46,2026-08-22,1,2026-08-29,wk inc covid hosp,quantile,0.5,257.38692296051045
47,2026-08-22,1,2026-08-29,wk inc covid hosp,quantile,0.5,1059.4993192541328
48,2026-08-22,1,2026-08-29,wk inc covid hosp,quantile,0.5,537.8206871697066
49,2026-08-22,1,2026-08-29,wk inc covid hosp,quantile,0.5,56.86338628868108
50,2026-08-22,1,2026-08-29,wk inc covid hosp,quantile,0.5,224.77129742221385
51,2026-08-22,1,2026-08-29,wk inc covid hosp,quantile,0.5,445.258189253111
53,2026-08-22,1,2026-08-29,wk inc covid hosp,quantile,0.5,130.8944356802886
54,2026-08-22,1,2026-08-29,wk inc covid hosp,quantile,0.5,313.4824914656511
55,2026-08-22,1,2026-08-29,wk inc covid hosp,quantile,0.5,205.50931763400513
56,2026-08-22,1,2026-08-29,wk inc covid hosp,quantile,0.5,91.78338815856057
72,2026-08-22,1,2026-08-29,wk inc covid hosp,quantile,0.5,8528.7197188359
US,2026-08-22,1,2026-08-29,wk inc covid hosp,quantile,0.5,2484.843479230831
01,2026-08-22,2,2026-09-05,wk inc covid hosp,quantile,0.5,171.4841250465846
02,2026-08-22,2,2026-09-05,wk inc covid hosp,quantile,0.5,124.99140153320656
04,2026-08-22,2,2026-09-05,wk inc covid hosp,quantile,0.5,308.62519107756
05,2026-08-22,2,2026-09-05,wk inc covid hosp,quantile,0.5,1353.1063576446516
06,2026-08-22,2,2026-09-05,wk inc covid hosp,quantile,0.5,778.2452482913748
08,2026-08-22,2,2026-09-05,wk inc covid hosp,quantile,0.5,295.3158473248682
09,2026-08-22,2,2026-09-05,wk inc covid hosp,quantile,0.5,201.46765393083732
10,2026-08-22,2,2026-09-05,wk inc covid hosp,quantile,0.5,68.57940594386409
11,2026-08-22,2,2026-09-05,wk inc covid hosp,quantile,0.5,1665.5595312934317
12,2026-08-22,2,2026-09-05,wk inc covid hosp,quantile,0.5,1345.6460803461257
13,2026-08-22,2,2026-09-05,wk inc covid hosp,quantile,0.5,344.2412042884758
15,2026-08-22,2,2026-09-05,wk inc covid hosp,quantile,0.5,103.22754995241014
16,2026-08-22,2,2026-09-05,wk inc covid hosp,quantile,0.5,339.7486235422059
17,2026-08-22,2,2026-09-05,wk inc covid hosp,quantile,0.5,421.18332686563684
18,2026-08-22,2,2026-09-05,wk inc covid hosp,quantile,0.5,328.96632763504226
19,2026-08-22,2,2026-09-05,wk inc covid hosp,quantile,0.5,158.8515564150333
20,2026-08-22,2,2026-09-05,wk inc covid hosp,quantile,0.5,299.53811246657676
21,2026-08-22,2,2026-09-05,wk inc covid hosp,quantile,0.5,333.8963475303574
22,2026-08-22,2,2026-09-05,wk inc covid hosp,quantile,0.5,201.05154864479718
23,2026-08-22,2,2026-09-05,wk inc covid hosp,quantile,0.5,244.6070239316634
24,2026-08-22,2,2026-09-05,wk inc covid hosp,quantile,0.5,371.33850558644696
25,2026-08-22,2,2026-09-05,wk inc covid hosp,quantile,0.5,765.447070616495
26,2026-08-22,2,2026-09-05,wk inc covid hosp,quantile,0.5,544.6224390965658
27,2026-08-22,2,2026-09-05,wk inc covid hosp,quantile,0.5,174.79727512396687
28,2026-08-22,2,2026-09-05,wk inc covid hosp,quantile,0.5,272.90564156441474
29,2026-08-22,2,2026-09-05,wk inc covid hosp,quantile,0.5,288.06972519257874
30,2026-08-22,2,2026-09-05,wk inc covid hosp,quantile,0.5,109.7499887878825
31,2026-08-22,2,2026-09-05,wk inc covid hosp,quantile,0.5,165.6335491613802
32,2026-08-22,2,2026-09-05,wk inc covid hosp,quantile,0.5,107.69391379323889
33,2026-08-22,2,2026-09-05,wk inc covid hosp,quantile,0.5,473.69857159777297
34,2026-08-22,2,2026-09-05,wk inc covid hosp,quantile,0.5,251.44548438015926
35,2026-08-22,2,2026-09-05,wk inc covid hosp,quantile,0.5,896.4081833971842
36,2026-08-22,2,2026-09-05,wk inc covid hosp,quantile,0.5,1282.8076068218174
37,2026-08-22,2,2026-09-05,wk inc covid hosp,quantile,0.5,288.5173812258092
38,2026-08-22,2,2026-09-05,wk inc covid hosp,quantile,0.5,512.781530683622
39,2026-08-22,2,2026-09-05,wk inc covid hosp,quantile,0.5,413.6090662856364
40,2026-08-22,2,2026-09-05,wk inc covid hosp,quantile,0.5,293.82929628187907
41,2026-08-22,2,2026-09-05,wk inc covid hosp,quantile,0.5,478.6647967577629
42,2026-08-22,2,2026-09-05,wk inc covid hosp,quantile,0.5,442.5928236560937
44,2026-08-22,2,2026-09-05,wk inc covid hosp,quantile,0.5,214.34587143732793
45,2026-08-22,2,2026-09-05,wk inc covid hosp,quantile,0.5,134.31660849770114
46,2026-08-22,2,2026-09-05,wk inc covid hosp,quantile,0.5,296.475717517998
47,2026-08-22,2,2026-09-05,wk inc covid hosp,quantile,0.5,1187.5967557141853
48,2026-08-22,2,2026-09-05,wk inc covid hosp,quantile,0.5,590.7478254978043
49,2026-08-22,2,2026-09-05,wk inc covid hosp,quantile,0.5,63.59660522762922
50,2026-08-22,2,2026-09-05,wk inc covid hosp,quantile,0.5,261.0387241626904
51,2026-08-22,2,2026-09-05,wk inc covid hosp,quantile,0.5,509.8389857287635
53,2026-08-22,2,2026-09-05,wk inc covid hosp,quantile,0.5,147.92036913601785
54,2026-08-22,2,2026-09-05,wk inc covid hosp,quantile,0.5,362.6296811741467
55,2026-08-22,2,2026-09-05,wk inc covid hosp,quantile,0.5,239.5744858166984
56,2026-08-22,2,2026-09-05,wk inc covid hosp,quantile,0.5,107.27830975432286
72,2026-08-22,2,2026-09-05,wk inc covid hosp,quantile,0.5,9263.434234489967
US,2026-08-22,2,2026-09-05,wk inc covid hosp,quantile,0.5,2876.368404063182
01,2026-08-22,3,2026-09-12,wk inc covid hosp,quantile,0.5,185.30173507265891
02,2026-08-22,3,2026-09-12,wk inc covid hosp,quantile,0.5,138.12810841571283
04,2026-08-22,3,2026-09-12,wk inc covid hosp,quantile,0.5,341.9098061665822
05,2026-08-22,3,2026-09-12,wk inc covid hosp,quantile,0.5,1502.4673015382407
06,2026-08-22,3,2026-09-12,wk inc covid hosp,quantile,0.5,827.6193491875392
08,2026-08-22,3,2026-09-12,wk inc covid hosp,quantile,0.5,327.0958470413901
09,2026-08-22,3,2026-09-12,wk inc covid hosp,quantile,0.5,225.7734075565267
10,2026-08-22,3,2026-09-12,wk inc covid hosp,quantile,0.5,77.28093343964825
11,2026-08-22,3,2026-09-12,wk inc covid hosp,quantile,0.5,1799.3203415367554
12,2026-08-22,3,2026-09-12,wk inc covid hosp,quantile,0.5,1419.981585621929
13,2026-08-22,3,2026-09-12,wk inc covid hosp,quantile,0.5,371.8594944644717
15,2026-08-22,3,2026-09-12,wk inc covid hosp,quantile,0.5,110.90457364668045
16,2026-08-22,3,2026-09-12,wk inc covid hosp,quantile,0.5,384.1227802959747
17,2026-08-22,3,2026-09-12,wk inc covid hosp,quantile,0.5,471.8449483490016
18,2026-08-22,3,2026-09-12,wk inc covid hosp,quantile,0.5,367.75911517587633
19,2026-08-22,3,2026-09-12,wk inc covid hosp,quantile,0.5,176.0943993334638
20,2026-08-22,3,2026-09-12,wk inc covid hosp,quantile,0.5,331.35374230753393
21,2026-08-22,3,2026-09-12,wk inc covid hosp,quantile,0.5,379.3509098283944
22,2026-08-22,3,2026-09-12,wk inc covid hosp,quantile,0.5,217.02753768383414
23,2026-08-22,3,2026-09-12,wk inc covid hosp,quantile,0.5,275.90836158433234
24,2026-08-22,3,2026-09-12,wk inc covid hosp,quantile,0.5,423.64473071596393
25,2026-08-22,3,2026-09-12,wk inc covid hosp,quantile,0.5,856.3699894518794
26,2026-08-22,3,2026-09-12,wk inc covid hosp,quantile,0.5,633.0489140337158
27,2026-08-22,3,2026-09-12,wk inc covid hosp,quantile,0.5,195.9246271922796
28,2026-08-22,3,2026-09-12,wk inc covid hosp,quantile,0.5,294.5555405261524
29,2026-08-22,3,2026-09-12,wk inc covid hosp,quantile,0.5,324.6640429336798
30,2026-08-22,3,2026-09-12,wk inc covid hosp,quantile,0.5,121.97744862076871
31,2026-08-22,3,2026-09-12,wk inc covid hosp,quantile,0.5,189.0592701419868
32,2026-08-22,3,2026-09-12,wk inc covid hosp,quantile,0.5,116.45887413106205
33,2026-08-22,3,2026-09-12,wk inc covid hosp,quantile,0.5,515.85980418488
34,2026-08-22,3,2026-09-12,wk inc covid hosp,quantile,0.5,283.10267714726484
35,2026-08-22,3,2026-09-12,wk inc covid hosp,quantile,0.5,986.4553924933173
36,2026-08-22,3,2026-09-12,wk inc covid hosp,quantile,0.5,1411.4228922992188
37,2026-08-22,3,2026-09-12,wk inc covid hosp,quantile,0.5,314.1150956023886
38,2026-08-22,3,2026-09-12,wk inc covid hosp,quantile,0.5,574.9924123138476
39,2026-08-22,3,2026-09-12,wk inc covid hosp,quantile,0.5,463.85104931416
40,2026-08-22,3,2026-09-12,wk inc covid hosp,quantile,0.5,328.92191312141034
41,2026-08-22,3,2026-09-12,wk inc covid hosp,quantile,0.5,525.169363100983
42,2026-08-22,3,2026-09-12,wk inc covid hosp,quantile,0.5,494.20783899135904
44,2026-08-22,3,2026-09-12,wk inc covid hosp,quantile,0.5,238.88045151916805
45,2026-08-22,3,2026-09-12,wk inc covid hosp,quantile,0.5,146.35510604444912
46,2026-08-22,3,2026-09-12,wk inc covid hosp,quantile,0.5,336.87693343255967
47,2026-08-22,3,2026-09-12,wk inc covid hosp,quantile,0.5,1299.9030799262832
48,2026-08-22,3,2026-09-12,wk inc covid hosp,quantile,0.5,628.7176333439581
49,2026-08-22,3,2026-09-12,wk inc covid hosp,quantile,0.5,70.49637543369634
50,2026-08-22,3,2026-09-12,wk inc covid hosp,quantile,0.5,296.2441552121622
51,2026-08-22,3,2026-09-12,wk inc covid hosp,quantile,0.5,569.5006155690941
53,2026-08-22,3,2026-09-12,wk inc covid hosp,quantile,0.5,162.01780855706892
54,2026-08-22,3,2026-09-12,wk inc covid hosp,quantile,0.5,419.3464934954077
55,2026-08-22,3,2026-09-12,wk inc covid hosp,quantile,0.5,268.1397500748752
56,2026-08-22,3,2026-09-12,wk inc covid hosp,quantile,0.5,121.54073319016692
72,2026-08-22,3,2026-09-12,wk inc covid hosp,quantile,0.5,9981.166590002695
US,2026-08-22,3,2026-09-12,wk inc covid hosp,quantile,0.5,3293.6730787700417
01,2026-08-22,0,2026-08-22,wk inc covid hosp,quantile,0.55,136.33801028006118
02,2026-08-22,0,2026-08-22,wk inc covid hosp,quantile,0.55,100.80719424184574
04,2026-08-22,0,2026-08-22,wk inc covid hosp,quantile,0.55,228.95470800023432
05,2026-08-22,0,2026-08-22,wk inc covid hosp,quantile,0.55,981.5470689957995
06,2026-08-22,0,2026-08-22,wk inc covid hosp,quantile,0.55,619.5654412242428
08,2026-08-22,0,2026-08-22,wk inc covid hosp,quantile,0.55,211.92480174116113
09,2026-08-22,0,2026-08-22,wk inc covid hosp,quantile,0.55,147.0791089340877
10,2026-08-22,0,2026-08-22,wk inc covid hosp,quantile,0.55,49.21719901002508
11,2026-08-22,0,2026-08-22,wk inc covid hosp,quantile,0.55,1193.2586640046009
12,2026-08-22,0,2026-08-22,wk inc covid hosp,quantile,0.55,1132.1156800830734
13,2026-08-22,0,2026-08-22,wk inc covid hosp,quantile,0.55,263.3978064187688
15,2026-08-22,0,2026-08-22,wk inc covid hosp,quantile,0.55,81.17718987672585
16,2026-08-22,0,2026-08-22,wk inc covid hosp,quantile,0.55,249.64523392616286
17,2026-08-22,0,2026-08-22,wk inc covid hosp,quantile,0.55,299.83620665788874
18,2026-08-22,0,2026-08-22,wk inc covid hosp,quantile,0.55,232.42145591797876
19,2026-08-22,0,2026-08-22,wk inc covid hosp,quantile,0.55,114.87996628796373
20,2026-08-22,0,2026-08-22,wk inc covid hosp,quantile,0.55,222.36048025835012
21,2026-08-22,0,2026-08-22,wk inc covid hosp,quantile,0.55,241.26751617877264
22,2026-08-22,0,2026-08-22,wk inc covid hosp,quantile,0.55,166.00436415539627
23,2026-08-22,0,2026-08-22,wk inc covid hosp,quantile,0.55,174.30375938921762
24,2026-08-22,0,2026-08-22,wk inc covid hosp,quantile,0.55,270.12506364029497
25,2026-08-22,0,2026-08-22,wk inc covid hosp,quantile,0.55,531.8462766787791
26,2026-08-22,0,2026-08-22,wk inc covid hosp,quantile,0.55,379.46374734946437
27,2026-08-22,0,2026-08-22,wk inc covid hosp,quantile,0.55,126.50061218014119
28,2026-08-22,0,2026-08-22,wk inc covid hosp,quantile,0.55,227.57862378640795
29,2026-08-22,0,2026-08-22,wk inc covid hosp,quantile,0.55,201.9253913482828
30,2026-08-22,0,2026-08-22,wk inc covid hosp,quantile,0.55,82.48075966826444
31,2026-08-22,0,2026-08-22,wk inc covid hosp,quantile,0.55,119.4488931240206
32,2026-08-22,0,2026-08-22,wk inc covid hosp,quantile,0.55,85.58085612813055
33,2026-08-22,0,2026-08-22,wk inc covid hosp,quantile,0.55,341.26666892495945
34,2026-08-22,0,2026-08-22,wk inc covid hosp,quantile,0.55,187.6388189448551
35,2026-08-22,0,2026-08-22,wk inc covid hosp,quantile,0.55,665.2985154775182
36,2026-08-22,0,2026-08-22,wk inc covid hosp,quantile,0.55,937.598690758641
37,2026-08-22,0,2026-08-22,wk inc covid hosp,quantile,0.55,224.86794882179404
38,2026-08-22,0,2026-08-22,wk inc covid hosp,quantile,0.55,364.14909286413365
39,2026-08-22,0,2026-08-22,wk inc covid hosp,quantile,0.55,300.4910147873053
40,2026-08-22,0,2026-08-22,wk inc covid hosp,quantile,0.55,212.780064309847
41,2026-08-22,0,2026-08-22,wk inc covid hosp,quantile,0.55,353.35876920064953
42,2026-08-22,0,2026-08-22,wk inc covid hosp,quantile,0.55,311.4653567191322
44,2026-08-22,0,2026-08-22,wk inc covid hosp,quantile,0.55,160.71339162274955
45,2026-08-22,0,2026-08-22,wk inc covid hosp,quantile,0.55,102.1299385865811
46,2026-08-22,0,2026-08-22,wk inc covid hosp,quantile,0.55,209.9208984396807
47,2026-08-22,0,2026-08-22,wk inc covid hosp,quantile,0.55,898.8644492154397
48,2026-08-22,0,2026-08-22,wk inc covid hosp,quantile,0.55,486.75089880482835
49,2026-08-22,0,2026-08-22,wk inc covid hosp,quantile,0.55,49.11948552633531
50,2026-08-22,0,2026-08-22,wk inc covid hosp,quantile,0.55,192.65760519263938
51,2026-08-22,0,2026-08-22,wk inc covid hosp,quantile,0.55,371.5313830313572
53,2026-08-22,0,2026-08-22,wk inc covid hosp,quantile,0.55,112.58905310242757
54,2026-08-22,0,2026-08-22,wk inc covid hosp,quantile,0.55,249.8600222219982
55,2026-08-22,0,2026-08-22,wk inc covid hosp,quantile,0.55,169.08471931650612
56,2026-08-22,0,2026-08-22,wk inc covid hosp,quantile,0.55,78.20449635282559
72,2026-08-22,0,2026-08-22,wk inc covid hosp,quantile,0.55,7984.988754934953
US,2026-08-22,0,2026-08-22,wk inc covid hosp,quantile,0.55,2216.3358229106097
01,2026-08-22,1,2026-08-29,wk inc covid hosp,quantile,0.55,159.59497135382895
02,2026-08-22,1,2026-08-29,wk inc covid hosp,quantile,0.55,122.97251980307414
04,2026-08-22,1,2026-08-29,wk inc covid hosp,quantile,0.55,281.79271265501717
05,2026-08-22,1,2026-08-29,wk inc covid hosp,quantile,0.55,1207.9355716148823
06,2026-08-22,1,2026-08-29,wk inc covid hosp,quantile,0.55,717.641398460781
08,2026-08-22,1,2026-08-29,wk inc covid hosp,quantile,0.55,267.0869398666323
09,2026-08-22,1,2026-08-29,wk inc covid hosp,quantile,0.55,184.00616437800437
10,2026-08-22,1,2026-08-29,wk inc covid hosp,quantile,0.55,62.60463536205591
11,2026-08-22,1,2026-08-29,wk inc covid hosp,quantile,0.55,1489.2838203983927
12,2026-08-22,1,2026-08-29,wk inc covid hosp,quantile,0.55,1307.0789108074437
13,2026-08-22,1,2026-08-29,wk inc covid hosp,quantile,0.55,315.98583000940346
15,2026-08-22,1,2026-08-29,wk inc covid hosp,quantile,0.55,96.98644242112019
16,2026-08-22,1,2026-08-29,wk inc covid hosp,quantile,0.55,306.7473238182983
17,2026-08-22,1,2026-08-29,wk inc covid hosp,quantile,0.55,371.51586374052226
18,2026-08-22,1,2026-08-29,wk inc covid hosp,quantile,0.55,291.47445590214875
19,2026-08-22,1,2026-08-29,wk inc covid hosp,quantile,0.55,141.68065198850113
20,2026-08-22,1,2026-08-29,wk inc covid hosp,quantile,0.55,269.9899191058981
21,2026-08-22,1,2026-08-29,wk inc covid hosp,quantile,0.55,301.1594229765575
22,2026-08-22,1,2026-08-29,wk inc covid hosp,quantile,0.55,194.25832536053233
23,2026-08-22,1,2026-08-29,wk inc covid hosp,quantile,0.55,219.034945906549
24,2026-08-22,1,2026-08-29,wk inc covid hosp,quantile,0.55,339.2719950516431
25,2026-08-22,1,2026-08-29,wk inc covid hosp,quantile,0.55,665.6028628841312
26,2026-08-22,1,2026-08-29,wk inc covid hosp,quantile,0.55,485.41400690503025
27,2026-08-22,1,2026-08-29,wk inc covid hosp,quantile,0.55,155.79577218418692
28,2026-08-22,1,2026-08-29,wk inc covid hosp,quantile,0.55,262.7008816651677
29,2026-08-22,1,2026-08-29,wk inc covid hosp,quantile,0.55,255.37244110077594
30,2026-08-22,1,2026-08-29,wk inc covid hosp,quantile,0.55,100.83875897487913
31,2026-08-22,1,2026-08-29,wk inc covid hosp,quantile,0.55,152.1519626372347
32,2026-08-22,1,2026-08-29,wk inc covid hosp,quantile,0.55,100.9699460528448
33,2026-08-22,1,2026-08-29,wk inc covid hosp,quantile,0.55,423.5656401172017
34,2026-08-22,1,2026-08-29,wk inc covid hosp,quantile,0.55,225.92821860324875
35,2026-08-22,1,2026-08-29,wk inc covid hosp,quantile,0.55,810.444784215962
36,2026-08-22,1,2026-08-29,wk inc covid hosp,quantile,0.55,1157.1498110181037
37,2026-08-22,1,2026-08-29,wk inc covid hosp,quantile,0.55,264.27538070068346
38,2026-08-22,1,2026-08-29,wk inc covid hosp,quantile,0.55,471.4144604765135
39,2026-08-22,1,2026-08-29,wk inc covid hosp,quantile,0.55,371.14951257720196
40,2026-08-22,1,2026-08-29,wk inc covid hosp,quantile,0.55,267.5209201744952
41,2026-08-22,1,2026-08-29,wk inc covid hosp,quantile,0.55,434.6008543655951
42,2026-08-22,1,2026-08-29,wk inc covid hosp,quantile,0.55,395.49494361836565
44,2026-08-22,1,2026-08-29,wk inc covid hosp,quantile,0.55,196.01453718674972
45,2026-08-22,1,2026-08-29,wk inc covid hosp,quantile,0.55,123.3078320362295
46,2026-08-22,1,2026-08-29,wk inc covid hosp,quantile,0.55,273.8034597542251
47,2026-08-22,1,2026-08-29,wk inc covid hosp,quantile,0.55,1092.9280648191195
48,2026-08-22,1,2026-08-29,wk inc covid hosp,quantile,0.55,558.7921270779906
49,2026-08-22,1,2026-08-29,wk inc covid hosp,quantile,0.55,58.97549185107606
50,2026-08-22,1,2026-08-29,wk inc covid hosp,quantile,0.55,241.7790687448462
51,2026-08-22,1,2026-08-29,wk inc covid hosp,quantile,0.55,460.16970204495743
53,2026-08-22,1,2026-08-29,wk inc covid hosp,quantile,0.55,134.52063964368307
54,2026-08-22,1,2026-08-29,wk inc covid hosp,quantile,0.55,326.2323236384202
55,2026-08-22,1,2026-08-29,wk inc covid hosp,quantile,0.55,211.36288658943278
56,2026-08-22,1,2026-08-29,wk inc covid hosp,quantile,0.55,99.45996745603561
72,2026-08-22,1,2026-08-29,wk inc covid hosp,quantile,0.55,8965.162124334145
US,2026-08-22,1,2026-08-29,wk inc covid hosp,quantile,0.55,2571.1666776121065
01,2026-08-22,2,2026-09-05,wk inc covid hosp,quantile,0.55,176.7300512949452
02,2026-08-22,2,2026-09-05,wk inc covid hosp,quantile,0.55,135.9812729936311
04,2026-08-22,2,2026-09-05,wk inc covid hosp,quantile,0.55,320.6503536101184
05,2026-08-22,2,2026-09-05,wk inc covid hosp,quantile,0.55,1416.2158095502734
06,2026-08-22,2,2026-09-05,wk inc covid hosp,quantile,0.55,798.5841299681294
08,2026-08-22,2,2026-09-05,wk inc covid hosp,quantile,0.55,307.5185846151191
09,2026-08-22,2,2026-09-05,wk inc covid hosp,quantile,0.55,213.61693955155664
10,2026-08-22,2,2026-09-05,wk inc covid hosp,quantile,0.55,72.24178076383805
11,2026-08-22,2,2026-09-05,wk inc covid hosp,quantile,0.55,1763.0606221637133
12,2026-08-22,2,2026-09-05,wk inc covid hosp,quantile,0.55,1403.673595011094
13,2026-08-22,2,2026-09-05,wk inc covid hosp,quantile,0.55,355.82610175096966
15,2026-08-22,2,2026-09-05,wk inc covid hosp,quantile,0.55,107.32856035382576
16,2026-08-22,2,2026-09-05,wk inc covid hosp,quantile,0.55,362.55790288874334
17,2026-08-22,2,2026-09-05,wk inc covid hosp,quantile,0.55,436.4879297892396
18,2026-08-22,2,2026-09-05,wk inc covid hosp,quantile,0.55,341.4340957956085
19,2026-08-22,2,2026-09-05,wk inc covid hosp,quantile,0.55,166.26178744856858
20,2026-08-22,2,2026-09-05,wk inc covid hosp,quantile,0.55,313.12462163475107
21,2026-08-22,2,2026-09-05,wk inc covid hosp,quantile,0.55,348.066912251726
22,2026-08-22,2,2026-09-05,wk inc covid hosp,quantile,0.55,210.21584001088587
23,2026-08-22,2,2026-09-05,wk inc covid hosp,quantile,0.55,259.3739720891919
24,2026-08-22,2,2026-09-05,wk inc covid hosp,quantile,0.55,385.773989798227
25,2026-08-22,2,2026-09-05,wk inc covid hosp,quantile,0.55,792.9515460815835
26,2026-08-22,2,2026-09-05,wk inc covid hosp,quantile,0.55,572.7301096964195
27,2026-08-22,2,2026-09-05,wk inc covid hosp,quantile,0.55,183.28723090426226
28,2026-08-22,2,2026-09-05,wk inc covid hosp,quantile,0.55,287.3270073880451
29,2026-08-22,2,2026-09-05,wk inc covid hosp,quantile,0.55,299.4354458285668
30,2026-08-22,2,2026-09-05,wk inc covid hosp,quantile,0.55,117.89660738656812
31,2026-08-22,2,2026-09-05,wk inc covid hosp,quantile,0.55,174.016036839838
32,2026-08-22,2,2026-09-05,wk inc covid hosp,quantile,0.55,113.17402057611163
33,2026-08-22,2,2026-09-05,wk inc covid hosp,quantile,0.55,502.3100070034335
34,2026-08-22,2,2026-09-05,wk inc covid hosp,quantile,0.55,263.27295254449183
35,2026-08-22,2,2026-09-05,wk inc covid hosp,quantile,0.55,940.7519396788346
36,2026-08-22,2,2026-09-05,wk inc covid hosp,quantile,0.55,1316.0586655617715
37,2026-08-22,2,2026-09-05,wk inc covid hosp,quantile,0.55,297.64017200822684
38,2026-08-22,2,2026-09-05,wk inc covid hosp,quantile,0.55,544.4361727210294
39,2026-08-22,2,2026-09-05,wk inc covid hosp,quantile,0.55,429.093782697894
40,2026-08-22,2,2026-09-05,wk inc covid hosp,quantile,0.55,306.04604977002987
41,2026-08-22,2,2026-09-05,wk inc covid hosp,quantile,0.55,498.3014297108149
42,2026-08-22,2,2026-09-05,wk inc covid hosp,quantile,0.55,462.8508738210892
44,2026-08-22,2,2026-09-05,wk inc covid hosp,quantile,0.55,228.74056928180727
45,2026-08-22,2,2026-09-05,wk inc covid hosp,quantile,0.55,140.48459759302074
46,2026-08-22,2,2026-09-05,wk inc covid hosp,quantile,0.55,321.76607067309226
47,2026-08-22,2,2026-09-05,wk inc covid hosp,quantile,0.55,1236.5579228617873
48,2026-08-22,2,2026-09-05,wk inc covid hosp,quantile,0.55,615.4666868757412
49,2026-08-22,2,2026-09-05,wk inc covid hosp,quantile,0.55,66.85594700987302
50,2026-08-22,2,2026-09-05,wk inc covid hosp,quantile,0.55,285.6433675979774
51,2026-08-22,2,2026-09-05,wk inc covid hosp,quantile,0.55,534.0953536579664
53,2026-08-22,2,2026-09-05,wk inc covid hosp,quantile,0.55,152.87498426644197
54,2026-08-22,2,2026-09-05,wk inc covid hosp,quantile,0.55,378.78071382071494
55,2026-08-22,2,2026-09-05,wk inc covid hosp,quantile,0.55,250.26358195688556
56,2026-08-22,2,2026-09-05,wk inc covid hosp,quantile,0.55,119.785523320626
72,2026-08-22,2,2026-09-05,wk inc covid hosp,quantile,0.55,9936.790303931251
US,2026-08-22,2,2026-09-05,wk inc covid hosp,quantile,0.55,3009.999024460641
01,2026-08-22,3,2026-09-12,wk inc covid hosp,quantile,0.55,192.3650894646393
02,2026-08-22,3,2026-09-12,wk inc covid hosp,quantile,0.55,152.13424538203142
04,2026-08-22,3,2026-09-12,wk inc covid hosp,quantile,0.55,358.0406931611443
05,2026-08-22,3,2026-09-12,wk inc covid hosp,quantile,0.55,1597.9604818854416
06,2026-08-22,3,2026-09-12,wk inc covid hosp,quantile,0.55,850.5776296637978
08,2026-08-22,3,2026-09-12,wk inc covid hosp,quantile,0.55,340.969288801902
09,2026-08-22,3,2026-09-12,wk inc covid hosp,quantile,0.55,240.36173904289151
10,2026-08-22,3,2026-09-12,wk inc covid hosp,quantile,0.55,82.93047487792603
11,2026-08-22,3,2026-09-12,wk inc covid hosp,quantile,0.55,1964.772940899131
12,2026-08-22,3,2026-09-12,wk inc covid hosp,quantile,0.55,1504.7810392536599
13,2026-08-22,3,2026-09-12,wk inc covid hosp,quantile,0.55,387.04804326077567
15,2026-08-22,3,2026-09-12,wk inc covid hosp,quantile,0.55,117.07711876919402
16,2026-08-22,3,2026-09-12,wk inc covid hosp,quantile,0.55,406.2799153410533
17,2026-08-22,3,2026-09-12,wk inc covid hosp,quantile,0.55,492.3522953842608
18,2026-08-22,3,2026-09-12,wk inc covid hosp,quantile,0.55,385.99592723902896
19,2026-08-22,3,2026-09-12,wk inc covid hosp,quantile,0.55,187.83827409703656
20,2026-08-22,3,2026-09-12,wk inc covid hosp,quantile,0.55,352.402625986279
21,2026-08-22,3,2026-09-12,wk inc covid hosp,quantile,0.55,398.85050321661936
22,2026-08-22,3,2026-09-12,wk inc covid hosp,quantile,0.55,227.29678051326587
23,2026-08-22,3,2026-09-12,wk inc covid hosp,quantile,0.55,293.14090377248147
24,2026-08-22,3,2026-09-12,wk inc covid hosp,quantile,0.55,440.37860874231285
25,2026-08-22,3,2026-09-12,wk inc covid hosp,quantile,0.55,891.571932599643
26,2026-08-22,3,2026-09-12,wk inc covid hosp,quantile,0.55,666.8849082893296
27,2026-08-22,3,2026-09-12,wk inc covid hosp,quantile,0.55,205.28991902222856
28,2026-08-22,3,2026-09-12,wk inc covid hosp,quantile,0.55,309.8668197459498
29,2026-08-22,3,2026-09-12,wk inc covid hosp,quantile,0.55,335.9547224529649
30,2026-08-22,3,2026-09-12,wk inc covid hosp,quantile,0.55,131.7598011653063
31,2026-08-22,3,2026-09-12,wk inc covid hosp,quantile,0.55,202.1186092021174
32,2026-08-22,3,2026-09-12,wk inc covid hosp,quantile,0.55,121.79075777252491
33,2026-08-22,3,2026-09-12,wk inc covid hosp,quantile,0.55,558.8483904934109
34,2026-08-22,3,2026-09-12,wk inc covid hosp,quantile,0.55,296.89872042687557
35,2026-08-22,3,2026-09-12,wk inc covid hosp,quantile,0.55,1047.6111396065148
36,2026-08-22,3,2026-09-12,wk inc covid hosp,quantile,0.55,1456.113036401564
37,2026-08-22,3,2026-09-12,wk inc covid hosp,quantile,0.55,327.5865419297784
38,2026-08-22,3,2026-09-12,wk inc covid hosp,quantile,0.55,619.3387104484707
39,2026-08-22,3,2026-09-12,wk inc covid hosp,quantile,0.55,483.82268707890705
40,2026-08-22,3,2026-09-12,wk inc covid hosp,quantile,0.55,343.4702723331015
41,2026-08-22,3,2026-09-12,wk inc covid hosp,quantile,0.55,547.8746629075764
42,2026-08-22,3,2026-09-12,wk inc covid hosp,quantile,0.55,523.4548942828674
44,2026-08-22,3,2026-09-12,wk inc covid hosp,quantile,0.55,260.61535729989754
45,2026-08-22,3,2026-09-12,wk inc covid hosp,quantile,0.55,153.44911182464125
46,2026-08-22,3,2026-09-12,wk inc covid hosp,quantile,0.55,374.6314805486918
47,2026-08-22,3,2026-09-12,wk inc covid hosp,quantile,0.55,1366.457806361651
48,2026-08-22,3,2026-09-12,wk inc covid hosp,quantile,0.55,659.5863581940346
49,2026-08-22,3,2026-09-12,wk inc covid hosp,quantile,0.55,74.21004791100555
50,2026-08-22,3,2026-09-12,wk inc covid hosp,quantile,0.55,323.72998835158063
51,2026-08-22,3,2026-09-12,wk inc covid hosp,quantile,0.55,595.5858194398822
53,2026-08-22,3,2026-09-12,wk inc covid hosp,quantile,0.55,168.44420677716928
54,2026-08-22,3,2026-09-12,wk inc covid hosp,quantile,0.55,441.99070111449805
55,2026-08-22,3,2026-09-12,wk inc covid hosp,quantile,0.55,278.90142492911286
56,2026-08-22,3,2026-09-12,wk inc covid hosp,quantile,0.55,139.8986882062546
72,2026-08-22,3,2026-09-12,wk inc covid hosp,quantile,0.55,10720.204914395059
US,2026-08-22,3,2026-09-12,wk inc covid hosp,quantile,0.55,3467.2966833274877
01,2026-08-22,0,2026-08-22,wk inc covid hosp,quantile,0.6,139.6012765691859
02,2026-08-22,0,2026-08-22,wk inc covid hosp,quantile,0.6,106.82060846553468
04,2026-08-22,0,2026-08-22,wk inc covid hosp,quantile,0.6,234.5172070338666
05,2026-08-22,0,2026-08-22,wk inc covid hosp,quantile,0.6,1014.2220423346439
06,2026-08-22,0,2026-08-22,wk inc covid hosp,quantile,0.6,630.5299150617185
08,2026-08-22,0,2026-08-22,wk inc covid hosp,quantile,0.6,216.7895739170762
09,2026-08-22,0,2026-08-22,wk inc covid hosp,quantile,0.6,151.86833993451563
10,2026-08-22,0,2026-08-22,wk inc covid hosp,quantile,0.6,50.8200598921841
11,2026-08-22,0,2026-08-22,wk inc covid hosp,quantile,0.6,1240.0821181747358
12,2026-08-22,0,2026-08-22,wk inc covid hosp,quantile,0.6,1165.0751079082652
13,2026-08-22,0,2026-08-22,wk inc covid hosp,quantile,0.6,267.2700794140029
15,2026-08-22,0,2026-08-22,wk inc covid hosp,quantile,0.6,83.6455635817185
16,2026-08-22,0,2026-08-22,wk inc covid hosp,quantile,0.6,256.67842780894546
17,2026-08-22,0,2026-08-22,wk inc covid hosp,quantile,0.6,306.1521952874992
18,2026-08-22,0,2026-08-22,wk inc covid hosp,quantile,0.6,239.4525640221198
19,2026-08-22,0,2026-08-22,wk inc covid hosp,quantile,0.6,119.14867711573962
20,2026-08-22,0,2026-08-22,wk inc covid hosp,quantile,0.6,228.5606355336681
21,2026-08-22,0,2026-08-22,wk inc covid hosp,quantile,0.6,247.57117266425658
22,2026-08-22,0,2026-08-22,wk inc covid hosp,quantile,0.6,169.36174380146377
23,2026-08-22,0,2026-08-22,wk inc covid hosp,quantile,0.6,180.24670492116445
24,2026-08-22,0,2026-08-22,wk inc covid hosp,quantile,0.6,276.1964485664687
25,2026-08-22,0,2026-08-22,wk inc covid hosp,quantile,0.6,542.527730663255
26,2026-08-22,0,2026-08-22,wk inc covid hosp,quantile,0.6,391.4605116567317
27,2026-08-22,0,2026-08-22,wk inc covid hosp,quantile,0.6,129.91244663067218
28,2026-08-22,0,2026-08-22,wk inc covid hosp,quantile,0.6,233.98254142762315
29,2026-08-22,0,2026-08-22,wk inc covid hosp,quantile,0.6,206.52603880087773
30,2026-08-22,0,2026-08-22,wk inc covid hosp,quantile,0.6,85.59285683393944
31,2026-08-22,0,2026-08-22,wk inc covid hosp,quantile,0.6,123.74829459620334
32,2026-08-22,0,2026-08-22,wk inc covid hosp,quantile,0.6,87.81614186381725
33,2026-08-22,0,2026-08-22,wk inc covid hosp,quantile,0.6,353.92974492614695
34,2026-08-22,0,2026-08-22,wk inc covid hosp,quantile,0.6,194.03201813720491
35,2026-08-22,0,2026-08-22,wk inc covid hosp,quantile,0.6,685.9947089366273
36,2026-08-22,0,2026-08-22,wk inc covid hosp,quantile,0.6,952.6983184995145
37,2026-08-22,0,2026-08-22,wk inc covid hosp,quantile,0.6,229.5277993406389
38,2026-08-22,0,2026-08-22,wk inc covid hosp,quantile,0.6,379.13927266792695
39,2026-08-22,0,2026-08-22,wk inc covid hosp,quantile,0.6,307.2766537861243
40,2026-08-22,0,2026-08-22,wk inc covid hosp,quantile,0.6,218.608780092733
41,2026-08-22,0,2026-08-22,wk inc covid hosp,quantile,0.6,360.6954365425898
42,2026-08-22,0,2026-08-22,wk inc covid hosp,quantile,0.6,320.7150059449181
44,2026-08-22,0,2026-08-22,wk inc covid hosp,quantile,0.6,167.07615693921633
45,2026-08-22,0,2026-08-22,wk inc covid hosp,quantile,0.6,104.78091489488291
46,2026-08-22,0,2026-08-22,wk inc covid hosp,quantile,0.6,219.94142695325615
47,2026-08-22,0,2026-08-22,wk inc covid hosp,quantile,0.6,924.9399270042642
48,2026-08-22,0,2026-08-22,wk inc covid hosp,quantile,0.6,498.8161109777229
49,2026-08-22,0,2026-08-22,wk inc covid hosp,quantile,0.6,50.629982461356654
50,2026-08-22,0,2026-08-22,wk inc covid hosp,quantile,0.6,203.30635977401144
51,2026-08-22,0,2026-08-22,wk inc covid hosp,quantile,0.6,379.50681273829275
53,2026-08-22,0,2026-08-22,wk inc covid hosp,quantile,0.6,114.98044182418744
54,2026-08-22,0,2026-08-22,wk inc covid hosp,quantile,0.6,258.38953763736254
55,2026-08-22,0,2026-08-22,wk inc covid hosp,quantile,0.6,173.48184320270767
56,2026-08-22,0,2026-08-22,wk inc covid hosp,quantile,0.6,83.64131054303678
72,2026-08-22,0,2026-08-22,wk inc covid hosp,quantile,0.6,8281.450267841214
US,2026-08-22,0,2026-08-22,wk inc covid hosp,quantile,0.6,2283.3535043838565
01,2026-08-22,1,2026-08-29,wk inc covid hosp,quantile,0.6,163.95979749945752
02,2026-08-22,1,2026-08-29,wk inc covid hosp,quantile,0.6,132.08875304707263
04,2026-08-22,1,2026-08-29,wk inc covid hosp,quantile,0.6,290.9777219084044
05,2026-08-22,1,2026-08-29,wk inc covid hosp,quantile,0.6,1253.7542649450595
06,2026-08-22,1,2026-08-29,wk inc covid hosp,quantile,0.6,732.4171124949642
08,2026-08-22,1,2026-08-29,wk inc covid hosp,quantile,0.6,273.6164101036147
09,2026-08-22,1,2026-08-29,wk inc covid hosp,quantile,0.6,191.4617307499966
10,2026-08-22,1,2026-08-29,wk inc covid hosp,quantile,0.6,65.52799054563027
11,2026-08-22,1,2026-08-29,wk inc covid hosp,quantile,0.6,1572.9945939538854
12,2026-08-22,1,2026-08-29,wk inc covid hosp,quantile,0.6,1358.904216856641
13,2026-08-22,1,2026-08-29,wk inc covid hosp,quantile,0.6,325.9714818613145
15,2026-08-22,1,2026-08-29,wk inc covid hosp,quantile,0.6,100.54226515114496
16,2026-08-22,1,2026-08-29,wk inc covid hosp,quantile,0.6,319.875250778961
17,2026-08-22,1,2026-08-29,wk inc covid hosp,quantile,0.6,383.8390964042822
18,2026-08-22,1,2026-08-29,wk inc covid hosp,quantile,0.6,303.03795406399144
19,2026-08-22,1,2026-08-29,wk inc covid hosp,quantile,0.6,147.48406901955866
20,2026-08-22,1,2026-08-29,wk inc covid hosp,quantile,0.6,279.20823461617016
21,2026-08-22,1,2026-08-29,wk inc covid hosp,quantile,0.6,314.186165884006
22,2026-08-22,1,2026-08-29,wk inc covid hosp,quantile,0.6,201.33188435879748
23,2026-08-22,1,2026-08-29,wk inc covid hosp,quantile,0.6,229.8193022542343
24,2026-08-22,1,2026-08-29,wk inc covid hosp,quantile,0.6,351.08182640549467
25,2026-08-22,1,2026-08-29,wk inc covid hosp,quantile,0.6,687.3360653179135
26,2026-08-22,1,2026-08-29,wk inc covid hosp,quantile,0.6,507.04465186597827
27,2026-08-22,1,2026-08-29,wk inc covid hosp,quantile,0.6,162.35005228251427
28,2026-08-22,1,2026-08-29,wk inc covid hosp,quantile,0.6,272.0416280963511
29,2026-08-22,1,2026-08-29,wk inc covid hosp,quantile,0.6,262.19483033199975
30,2026-08-22,1,2026-08-29,wk inc covid hosp,quantile,0.6,106.33669417825568
31,2026-08-22,1,2026-08-29,wk inc covid hosp,quantile,0.6,157.81541512524544
32,2026-08-22,1,2026-08-29,wk inc covid hosp,quantile,0.6,104.38249891064407
33,2026-08-22,1,2026-08-29,wk inc covid hosp,quantile,0.6,442.83131425017797
34,2026-08-22,1,2026-08-29,wk inc covid hosp,quantile,0.6,236.2785046934144
35,2026-08-22,1,2026-08-29,wk inc covid hosp,quantile,0.6,848.4923243310856
36,2026-08-22,1,2026-08-29,wk inc covid hosp,quantile,0.6,1184.4758348578252
37,2026-08-22,1,2026-08-29,wk inc covid hosp,quantile,0.6,271.53405922932046
38,2026-08-22,1,2026-08-29,wk inc covid hosp,quantile,0.6,497.4371950699044
39,2026-08-22,1,2026-08-29,wk inc covid hosp,quantile,0.6,383.02234406779445
40,2026-08-22,1,2026-08-29,wk inc covid hosp,quantile,0.6,275.4197727945259
41,2026-08-22,1,2026-08-29,wk inc covid hosp,quantile,0.6,449.3886788541589
42,2026-08-22,1,2026-08-29,wk inc covid hosp,quantile,0.6,407.65065678710073
44,2026-08-22,1,2026-08-29,wk inc covid hosp,quantile,0.6,208.1713205431258
45,2026-08-22,1,2026-08-29,wk inc covid hosp,quantile,0.6,127.11914291571429
46,2026-08-22,1,2026-08-29,wk inc covid hosp,quantile,0.6,289.44153229611294
47,2026-08-22,1,2026-08-29,wk inc covid hosp,quantile,0.6,1133.279821429407
48,2026-08-22,1,2026-08-29,wk inc covid hosp,quantile,0.6,578.9630897617185
49,2026-08-22,1,2026-08-29,wk inc covid hosp,quantile,0.6,60.97290075261548
50,2026-08-22,1,2026-08-29,wk inc covid hosp,quantile,0.6,261.0092978276936
51,2026-08-22,1,2026-08-29,wk inc covid hosp,quantile,0.6,473.5307554516264
53,2026-08-22,1,2026-08-29,wk inc covid hosp,quantile,0.6,138.70487946801816
54,2026-08-22,1,2026-08-29,wk inc covid hosp,quantile,0.6,338.10270002795994
55,2026-08-22,1,2026-08-29,wk inc covid hosp,quantile,0.6,217.67985535575872
56,2026-08-22,1,2026-08-29,wk inc covid hosp,quantile,0.6,110.27808211512398
72,2026-08-22,1,2026-08-29,wk inc covid hosp,quantile,0.6,9446.254939636374
US,2026-08-22,1,2026-08-29,wk inc covid hosp,quantile,0.6,2672.351449324219
01,2026-08-22,2,2026-09-05,wk inc covid hosp,quantile,0.6,182.9306558814245
02,2026-08-22,2,2026-09-05,wk inc covid hosp,quantile,0.6,151.63739144824044
04,2026-08-22,2,2026-09-05,wk inc covid hosp,quantile,0.6,336.1627328190663
05,2026-08-22,2,2026-09-05,wk inc covid hosp,quantile,0.6,1495.4202778049082
06,2026-08-22,2,2026-09-05,wk inc covid hosp,quantile,0.6,820.221489207244
08,2026-08-22,2,2026-09-05,wk inc covid hosp,quantile,0.6,319.7571282354586
09,2026-08-22,2,2026-09-05,wk inc covid hosp,quantile,0.6,223.66438338660416
10,2026-08-22,2,2026-09-05,wk inc covid hosp,quantile,0.6,76.42999028902733
11,2026-08-22,2,2026-09-05,wk inc covid hosp,quantile,0.6,1876.06881503202
12,2026-08-22,2,2026-09-05,wk inc covid hosp,quantile,0.6,1486.758413107873
13,2026-08-22,2,2026-09-05,wk inc covid hosp,quantile,0.6,364.8167206102776
15,2026-08-22,2,2026-09-05,wk inc covid hosp,quantile,0.6,112.9428276293418
16,2026-08-22,2,2026-09-05,wk inc covid hosp,quantile,0.6,380.51711761482085
17,2026-08-22,2,2026-09-05,wk inc covid hosp,quantile,0.6,453.84237325079647
18,2026-08-22,2,2026-09-05,wk inc covid hosp,quantile,0.6,353.2958264375454
19,2026-08-22,2,2026-09-05,wk inc covid hosp,quantile,0.6,176.0663051037431
20,2026-08-22,2,2026-09-05,wk inc covid hosp,quantile,0.6,327.7140458156121
21,2026-08-22,2,2026-09-05,wk inc covid hosp,quantile,0.6,365.174248769173
22,2026-08-22,2,2026-09-05,wk inc covid hosp,quantile,0.6,217.71962815828994
23,2026-08-22,2,2026-09-05,wk inc covid hosp,quantile,0.6,278.74991675509807
24,2026-08-22,2,2026-09-05,wk inc covid hosp,quantile,0.6,403.26254014499494
25,2026-08-22,2,2026-09-05,wk inc covid hosp,quantile,0.6,818.627145305827
26,2026-08-22,2,2026-09-05,wk inc covid hosp,quantile,0.6,600.2075357949565
27,2026-08-22,2,2026-09-05,wk inc covid hosp,quantile,0.6,191.3404875674391
28,2026-08-22,2,2026-09-05,wk inc covid hosp,quantile,0.6,301.7689950774452
29,2026-08-22,2,2026-09-05,wk inc covid hosp,quantile,0.6,308.71158408244236
30,2026-08-22,2,2026-09-05,wk inc covid hosp,quantile,0.6,126.33904899249721
31,2026-08-22,2,2026-09-05,wk inc covid hosp,quantile,0.6,185.1834011809003
32,2026-08-22,2,2026-09-05,wk inc covid hosp,quantile,0.6,118.33695063722013
33,2026-08-22,2,2026-09-05,wk inc covid hosp,quantile,0.6,531.8057186880123
34,2026-08-22,2,2026-09-05,wk inc covid hosp,quantile,0.6,275.9029461865484
35,2026-08-22,2,2026-09-05,wk inc covid hosp,quantile,0.6,985.9213466158118
36,2026-08-22,2,2026-09-05,wk inc covid hosp,quantile,0.6,1355.3868985780355
37,2026-08-22,2,2026-09-05,wk inc covid hosp,quantile,0.6,308.3461970388981
38,2026-08-22,2,2026-09-05,wk inc covid hosp,quantile,0.6,582.189500960129
39,2026-08-22,2,2026-09-05,wk inc covid hosp,quantile,0.6,448.49988846405523
40,2026-08-22,2,2026-09-05,wk inc covid hosp,quantile,0.6,318.25804341790496
41,2026-08-22,2,2026-09-05,wk inc covid hosp,quantile,0.6,516.2345304217771
42,2026-08-22,2,2026-09-05,wk inc covid hosp,quantile,0.6,482.3673804421291
44,2026-08-22,2,2026-09-05,wk inc covid hosp,quantile,0.6,243.64255377274517
45,2026-08-22,2,2026-09-05,wk inc covid hosp,quantile,0.6,146.24840303551142
46,2026-08-22,2,2026-09-05,wk inc covid hosp,quantile,0.6,351.73664226315134
47,2026-08-22,2,2026-09-05,wk inc covid hosp,quantile,0.6,1290.8600059448459
48,2026-08-22,2,2026-09-05,wk inc covid hosp,quantile,0.6,642.6267960218769
49,2026-08-22,2,2026-09-05,wk inc covid hosp,quantile,0.6,69.88332537205063
50,2026-08-22,2,2026-09-05,wk inc covid hosp,quantile,0.6,305.9638134718455
51,2026-08-22,2,2026-09-05,wk inc covid hosp,quantile,0.6,553.6330765521337
53,2026-08-22,2,2026-09-05,wk inc covid hosp,quantile,0.6,158.8370325704921
54,2026-08-22,2,2026-09-05,wk inc covid hosp,quantile,0.6,400.4381608286742
55,2026-08-22,2,2026-09-05,wk inc covid hosp,quantile,0.6,259.29998560605037
56,2026-08-22,2,2026-09-05,wk inc covid hosp,quantile,0.6,132.7596705192362
72,2026-08-22,2,2026-09-05,wk inc covid hosp,quantile,0.6,10602.03192885617
US,2026-08-22,2,2026-09-05,wk inc covid hosp,quantile,0.6,3133.477863676157
01,2026-08-22,3,2026-09-12,wk inc covid hosp,quantile,0.6,200.442926044073
02,2026-08-22,3,2026-09-12,wk inc covid hosp,quantile,0.6,168.76285044725697
04,2026-08-22,3,2026-09-12,wk inc covid hosp,quantile,0.6,373.86578826553466
05,2026-08-22,3,2026-09-12,wk inc covid hosp,quantile,0.6,1694.0653873499703
06,2026-08-22,3,2026-09-12,wk inc covid hosp,quantile,0.6,881.4159710290548
08,2026-08-22,3,2026-09-12,wk inc covid hosp,quantile,0.6,359.70397682991756
09,2026-08-22,3,2026-09-12,wk inc covid hosp,quantile,0.6,255.06049138682064
10,2026-08-22,3,2026-09-12,wk inc covid hosp,quantile,0.6,88.8503218281534
11,2026-08-22,3,2026-09-12,wk inc covid hosp,quantile,0.6,2111.004912011963
12,2026-08-22,3,2026-09-12,wk inc covid hosp,quantile,0.6,1595.4890949082753
13,2026-08-22,3,2026-09-12,wk inc covid hosp,quantile,0.6,401.9563063603738
15,2026-08-22,3,2026-09-12,wk inc covid hosp,quantile,0.6,124.52924066070895
16,2026-08-22,3,2026-09-12,wk inc covid hosp,quantile,0.6,435.43211706940554
17,2026-08-22,3,2026-09-12,wk inc covid hosp,quantile,0.6,517.4584349090529
18,2026-08-22,3,2026-09-12,wk inc covid hosp,quantile,0.6,403.7654451945198
19,2026-08-22,3,2026-09-12,wk inc covid hosp,quantile,0.6,198.9396068396154
20,2026-08-22,3,2026-09-12,wk inc covid hosp,quantile,0.6,373.53355438135435
21,2026-08-22,3,2026-09-12,wk inc covid hosp,quantile,0.6,419.38524629864725
22,2026-08-22,3,2026-09-12,wk inc covid hosp,quantile,0.6,236.42540517135632
23,2026-08-22,3,2026-09-12,wk inc covid hosp,quantile,0.6,312.36467913441186
24,2026-08-22,3,2026-09-12,wk inc covid hosp,quantile,0.6,461.78231555413805
25,2026-08-22,3,2026-09-12,wk inc covid hosp,quantile,0.6,926.1304266510936
26,2026-08-22,3,2026-09-12,wk inc covid hosp,quantile,0.6,700.2412992901948
27,2026-08-22,3,2026-09-12,wk inc covid hosp,quantile,0.6,216.9759102027443
28,2026-08-22,3,2026-09-12,wk inc covid hosp,quantile,0.6,330.76251348864133
29,2026-08-22,3,2026-09-12,wk inc covid hosp,quantile,0.6,350.379854563945
30,2026-08-22,3,2026-09-12,wk inc covid hosp,quantile,0.6,144.11629341630461
31,2026-08-22,3,2026-09-12,wk inc covid hosp,quantile,0.6,214.31104753105524
32,2026-08-22,3,2026-09-12,wk inc covid hosp,quantile,0.6,128.5354507473485
33,2026-08-22,3,2026-09-12,wk inc covid hosp,quantile,0.6,600.6559402497031
34,2026-08-22,3,2026-09-12,wk inc covid hosp,quantile,0.6,314.10328396964593
35,2026-08-22,3,2026-09-12,wk inc covid hosp,quantile,0.6,1105.8337852949116
36,2026-08-22,3,2026-09-12,wk inc covid hosp,quantile,0.6,1511.1055052154618
37,2026-08-22,3,2026-09-12,wk inc covid hosp,quantile,0.6,341.4940176139467
38,2026-08-22,3,2026-09-12,wk inc covid hosp,quantile,0.6,668.9043271698042
39,2026-08-22,3,2026-09-12,wk inc covid hosp,quantile,0.6,508.3818136086211
40,2026-08-22,3,2026-09-12,wk inc covid hosp,quantile,0.6,360.44473500941865
41,2026-08-22,3,2026-09-12,wk inc covid hosp,quantile,0.6,572.6124362611931
42,2026-08-22,3,2026-09-12,wk inc covid hosp,quantile,0.6,553.2506863388921
44,2026-08-22,3,2026-09-12,wk inc covid hosp,quantile,0.6,279.7270555177847
45,2026-08-22,3,2026-09-12,wk inc covid hosp,quantile,0.6,161.82154797509244
46,2026-08-22,3,2026-09-12,wk inc covid hosp,quantile,0.6,404.4696723385853
47,2026-08-22,3,2026-09-12,wk inc covid hosp,quantile,0.6,1440.086761300952
48,2026-08-22,3,2026-09-12,wk inc covid hosp,quantile,0.6,695.5436679324736
49,2026-08-22,3,2026-09-12,wk inc covid hosp,quantile,0.6,79.47538209154877
50,2026-08-22,3,2026-09-12,wk inc covid hosp,quantile,0.6,364.56816690904327
51,2026-08-22,3,2026-09-12,wk inc covid hosp,quantile,0.6,619.5906428169699
53,2026-08-22,3,2026-09-12,wk inc covid hosp,quantile,0.6,177.1112698682775
54,2026-08-22,3,2026-09-12,wk inc covid hosp,quantile,0.6,464.50749156557686
55,2026-08-22,3,2026-09-12,wk inc covid hosp,quantile,0.6,290.41424981454355
56,2026-08-22,3,2026-09-12,wk inc covid hosp,quantile,0.6,161.23355606314587
72,2026-08-22,3,2026-09-12,wk inc covid hosp,quantile,0.6,11541.313517612558
US,2026-08-22,3,2026-09-12,wk inc covid hosp,quantile,0.6,3643.348210506225
01,2026-08-22,0,2026-08-22,wk inc covid hosp,quantile,0.65,142.44141818144365
02,2026-08-22,0,2026-08-22,wk inc covid hosp,quantile,0.65,113.12410091528842
04,2026-08-22,0,2026-08-22,wk inc covid hosp,quantile,0.65,241.33284679570127
05,2026-08-22,0,2026-08-22,wk inc covid hosp,quantile,0.65,1051.4479553246151
06,2026-08-22,0,2026-08-22,wk inc covid hosp,quantile,0.65,640.9917145698458
08,2026-08-22,0,2026-08-22,wk inc covid hosp,quantile,0.65,222.97635183831983
09,2026-08-22,0,2026-08-22,wk inc covid hosp,quantile,0.65,157.79412341433874
10,2026-08-22,0,2026-08-22,wk inc covid hosp,quantile,0.65,52.698599076597354
11,2026-08-22,0,2026-08-22,wk inc covid hosp,quantile,0.65,1293.4419533459538
12,2026-08-22,0,2026-08-22,wk inc covid hosp,quantile,0.65,1197.2346271594868
13,2026-08-22,0,2026-08-22,wk inc covid hosp,quantile,0.65,272.14794712143237
15,2026-08-22,0,2026-08-22,wk inc covid hosp,quantile,0.65,86.34160054515145
16,2026-08-22,0,2026-08-22,wk inc covid hosp,quantile,0.65,266.18036071731103
17,2026-08-22,0,2026-08-22,wk inc covid hosp,quantile,0.65,312.981251657826
18,2026-08-22,0,2026-08-22,wk inc covid hosp,quantile,0.65,245.03812509755465
19,2026-08-22,0,2026-08-22,wk inc covid hosp,quantile,0.65,122.84463090536066
20,2026-08-22,0,2026-08-22,wk inc covid hosp,quantile,0.65,234.5885525738305
21,2026-08-22,0,2026-08-22,wk inc covid hosp,quantile,0.65,255.09427258942668
22,2026-08-22,0,2026-08-22,wk inc covid hosp,quantile,0.65,173.4816668421463
23,2026-08-22,0,2026-08-22,wk inc covid hosp,quantile,0.65,187.31659882475137
24,2026-08-22,0,2026-08-22,wk inc covid hosp,quantile,0.65,284.03592477031196
25,2026-08-22,0,2026-08-22,wk inc covid hosp,quantile,0.65,555.9765487501436
26,2026-08-22,0,2026-08-22,wk inc covid hosp,quantile,0.65,401.6976348960062
27,2026-08-22,0,2026-08-22,wk inc covid hosp,quantile,0.65,133.4919693617341
28,2026-08-22,0,2026-08-22,wk inc covid hosp,quantile,0.65,240.19850299610525
29,2026-08-22,0,2026-08-22,wk inc covid hosp,quantile,0.65,211.76034316465586
30,2026-08-22,0,2026-08-22,wk inc covid hosp,quantile,0.65,89.59559313284039
31,2026-08-22,0,2026-08-22,wk inc covid hosp,quantile,0.65,129.03856878395626
32,2026-08-22,0,2026-08-22,wk inc covid hosp,quantile,0.65,90.28315907786522
33,2026-08-22,0,2026-08-22,wk inc covid hosp,quantile,0.65,366.5855847773894
34,2026-08-22,0,2026-08-22,wk inc covid hosp,quantile,0.65,199.30357905050633
35,2026-08-22,0,2026-08-22,wk inc covid hosp,quantile,0.65,709.0265445966185
36,2026-08-22,0,2026-08-22,wk inc covid hosp,quantile,0.65,973.0814266149349
37,2026-08-22,0,2026-08-22,wk inc covid hosp,quantile,0.65,234.324471788209
38,2026-08-22,0,2026-08-22,wk inc covid hosp,quantile,0.65,393.82059062657015
39,2026-08-22,0,2026-08-22,wk inc covid hosp,quantile,0.65,314.70239915227853
40,2026-08-22,0,2026-08-22,wk inc covid hosp,quantile,0.65,223.4310352783239
41,2026-08-22,0,2026-08-22,wk inc covid hosp,quantile,0.65,371.81809172390183
42,2026-08-22,0,2026-08-22,wk inc covid hosp,quantile,0.65,330.9874862199252
44,2026-08-22,0,2026-08-22,wk inc covid hosp,quantile,0.65,175.7536702433725
45,2026-08-22,0,2026-08-22,wk inc covid hosp,quantile,0.65,107.20857562649454
46,2026-08-22,0,2026-08-22,wk inc covid hosp,quantile,0.65,232.747246194394
47,2026-08-22,0,2026-08-22,wk inc covid hosp,quantile,0.65,949.9538494259161
48,2026-08-22,0,2026-08-22,wk inc covid hosp,quantile,0.65,511.7103559278419
49,2026-08-22,0,2026-08-22,wk inc covid hosp,quantile,0.65,52.171088735232445
50,2026-08-22,0,2026-08-22,wk inc covid hosp,quantile,0.65,215.7460082984514
51,2026-08-22,0,2026-08-22,wk inc covid hosp,quantile,0.65,387.7948452102257
53,2026-08-22,0,2026-08-22,wk inc covid hosp,quantile,0.65,117.43034173132682
54,2026-08-22,0,2026-08-22,wk inc covid hosp,quantile,0.65,265.88039313404255
55,2026-08-22,0,2026-08-22,wk inc covid hosp,quantile,0.65,177.8139234481909
56,2026-08-22,0,2026-08-22,wk inc covid hosp,quantile,0.65,89.56392908546958
72,2026-08-22,0,2026-08-22,wk inc covid hosp,quantile,0.65,8628.102958876274
US,2026-08-22,0,2026-08-22,wk inc covid hosp,quantile,0.65,2346.8409849554814
01,2026-08-22,1,2026-08-29,wk inc covid hosp,quantile,0.65,168.6759760855935
02,2026-08-22,1,2026-08-29,wk inc covid hosp,quantile,0.65,142.35457538055294
04,2026-08-22,1,2026-08-29,wk inc covid hosp,quantile,0.65,301.38578445262084
05,2026-08-22,1,2026-08-29,wk inc covid hosp,quantile,0.65,1303.6440001270676
06,2026-08-22,1,2026-08-29,wk inc covid hosp,quantile,0.65,747.6834623982561
08,2026-08-22,1,2026-08-29,wk inc covid hosp,quantile,0.65,282.5047694171431
09,2026-08-22,1,2026-08-29,wk inc covid hosp,quantile,0.65,199.65566294843603
10,2026-08-22,1,2026-08-29,wk inc covid hosp,quantile,0.65,68.20912547442204
11,2026-08-22,1,2026-08-29,wk inc covid hosp,quantile,0.65,1669.3703182655197
12,2026-08-22,1,2026-08-29,wk inc covid hosp,quantile,0.65,1400.4481758499505
13,2026-08-22,1,2026-08-29,wk inc covid hosp,quantile,0.65,335.3221022141314
15,2026-08-22,1,2026-08-29,wk inc covid hosp,quantile,0.65,104.85560883635051
16,2026-08-22,1,2026-08-29,wk inc covid hosp,quantile,0.65,336.3732425694137
17,2026-08-22,1,2026-08-29,wk inc covid hosp,quantile,0.65,394.9638542345011
18,2026-08-22,1,2026-08-29,wk inc covid hosp,quantile,0.65,313.25066314500134
19,2026-08-22,1,2026-08-29,wk inc covid hosp,quantile,0.65,154.60350239411127
20,2026-08-22,1,2026-08-29,wk inc covid hosp,quantile,0.65,291.7956639432194
21,2026-08-22,1,2026-08-29,wk inc covid hosp,quantile,0.65,324.5545264071054
22,2026-08-22,1,2026-08-29,wk inc covid hosp,quantile,0.65,209.3905186173381
23,2026-08-22,1,2026-08-29,wk inc covid hosp,quantile,0.65,241.2715577733259
24,2026-08-22,1,2026-08-29,wk inc covid hosp,quantile,0.65,362.7458249228619
25,2026-08-22,1,2026-08-29,wk inc covid hosp,quantile,0.65,710.7820904733795
26,2026-08-22,1,2026-08-29,wk inc covid hosp,quantile,0.65,527.4586781942218
27,2026-08-22,1,2026-08-29,wk inc covid hosp,quantile,0.65,167.1610053561163
28,2026-08-22,1,2026-08-29,wk inc covid hosp,quantile,0.65,282.9258962944703
29,2026-08-22,1,2026-08-29,wk inc covid hosp,quantile,0.65,269.22270725384175
30,2026-08-22,1,2026-08-29,wk inc covid hosp,quantile,0.65,113.01563933283215
31,2026-08-22,1,2026-08-29,wk inc covid hosp,quantile,0.65,165.04563974859818
32,2026-08-22,1,2026-08-29,wk inc covid hosp,quantile,0.65,108.19154607889816
33,2026-08-22,1,2026-08-29,wk inc covid hosp,quantile,0.65,469.9969692000703
34,2026-08-22,1,2026-08-29,wk inc covid hosp,quantile,0.65,246.19840285456874
35,2026-08-22,1,2026-08-29,wk inc covid hosp,quantile,0.65,887.100758577296
36,2026-08-22,1,2026-08-29,wk inc covid hosp,quantile,0.65,1215.6613163474206
37,2026-08-22,1,2026-08-29,wk inc covid hosp,quantile,0.65,279.9024063045509
38,2026-08-22,1,2026-08-29,wk inc covid hosp,quantile,0.65,524.159628181882
39,2026-08-22,1,2026-08-29,wk inc covid hosp,quantile,0.65,395.5556269424209
40,2026-08-22,1,2026-08-29,wk inc covid hosp,quantile,0.65,285.3728164899109
41,2026-08-22,1,2026-08-29,wk inc covid hosp,quantile,0.65,464.9815179572022
42,2026-08-22,1,2026-08-29,wk inc covid hosp,quantile,0.65,422.83284462823195
44,2026-08-22,1,2026-08-29,wk inc covid hosp,quantile,0.65,219.032280584314
45,2026-08-22,1,2026-08-29,wk inc covid hosp,quantile,0.65,131.24107046723168
46,2026-08-22,1,2026-08-29,wk inc covid hosp,quantile,0.65,310.6870687559953
47,2026-08-22,1,2026-08-29,wk inc covid hosp,quantile,0.65,1168.6334946936054
48,2026-08-22,1,2026-08-29,wk inc covid hosp,quantile,0.65,600.556023106496
49,2026-08-22,1,2026-08-29,wk inc covid hosp,quantile,0.65,63.61617153938905
50,2026-08-22,1,2026-08-29,wk inc covid hosp,quantile,0.65,279.6824621820617
51,2026-08-22,1,2026-08-29,wk inc covid hosp,quantile,0.65,487.45931917414896
53,2026-08-22,1,2026-08-29,wk inc covid hosp,quantile,0.65,143.05766944252105
54,2026-08-22,1,2026-08-29,wk inc covid hosp,quantile,0.65,352.90697382748687
55,2026-08-22,1,2026-08-29,wk inc covid hosp,quantile,0.65,225.49910274339038
56,2026-08-22,1,2026-08-29,wk inc covid hosp,quantile,0.65,120.88335211074367
72,2026-08-22,1,2026-08-29,wk inc covid hosp,quantile,0.65,10005.874007506663
US,2026-08-22,1,2026-08-29,wk inc covid hosp,quantile,0.65,2770.391448359201
01,2026-08-22,2,2026-09-05,wk inc covid hosp,quantile,0.65,190.5573462844961
02,2026-08-22,2,2026-09-05,wk inc covid hosp,quantile,0.65,166.2171658169858
04,2026-08-22,2,2026-09-05,wk inc covid hosp,quantile,0.65,350.511755155715
05,2026-08-22,2,2026-09-05,wk inc covid hosp,quantile,0.65,1567.7070143885148
06,2026-08-22,2,2026-09-05,wk inc covid hosp,quantile,0.65,844.6876114218526
08,2026-08-22,2,2026-09-05,wk inc covid hosp,quantile,0.65,329.29503319588514
09,2026-08-22,2,2026-09-05,wk inc covid hosp,quantile,0.65,236.02132365285118
10,2026-08-22,2,2026-09-05,wk inc covid hosp,quantile,0.65,81.35799920759624
11,2026-08-22,2,2026-09-05,wk inc covid hosp,quantile,0.65,2009.6050451788208
12,2026-08-22,2,2026-09-05,wk inc covid hosp,quantile,0.65,1566.153951173814
13,2026-08-22,2,2026-09-05,wk inc covid hosp,quantile,0.65,378.3144036991271
15,2026-08-22,2,2026-09-05,wk inc covid hosp,quantile,0.65,118.46911296597081
16,2026-08-22,2,2026-09-05,wk inc covid hosp,quantile,0.65,399.11497322537264
17,2026-08-22,2,2026-09-05,wk inc covid hosp,quantile,0.65,468.8993242795638
18,2026-08-22,2,2026-09-05,wk inc covid hosp,quantile,0.65,369.0826295149025
19,2026-08-22,2,2026-09-05,wk inc covid hosp,quantile,0.65,185.36020243305222
20,2026-08-22,2,2026-09-05,wk inc covid hosp,quantile,0.65,344.362506973731
21,2026-08-22,2,2026-09-05,wk inc covid hosp,quantile,0.65,381.3501438593636
22,2026-08-22,2,2026-09-05,wk inc covid hosp,quantile,0.65,226.38408125008058
23,2026-08-22,2,2026-09-05,wk inc covid hosp,quantile,0.65,295.00776114712755
24,2026-08-22,2,2026-09-05,wk inc covid hosp,quantile,0.65,421.56113535641856
25,2026-08-22,2,2026-09-05,wk inc covid hosp,quantile,0.65,849.0647442833439
26,2026-08-22,2,2026-09-05,wk inc covid hosp,quantile,0.65,631.4005794564595
27,2026-08-22,2,2026-09-05,wk inc covid hosp,quantile,0.65,200.19045897779475
28,2026-08-22,2,2026-09-05,wk inc covid hosp,quantile,0.65,318.0284093554094
29,2026-08-22,2,2026-09-05,wk inc covid hosp,quantile,0.65,320.4113636305409
30,2026-08-22,2,2026-09-05,wk inc covid hosp,quantile,0.65,136.53469486471303
31,2026-08-22,2,2026-09-05,wk inc covid hosp,quantile,0.65,195.98141828562484
32,2026-08-22,2,2026-09-05,wk inc covid hosp,quantile,0.65,123.25422397892497
33,2026-08-22,2,2026-09-05,wk inc covid hosp,quantile,0.65,563.3749531340458
34,2026-08-22,2,2026-09-05,wk inc covid hosp,quantile,0.65,290.5150262147881
35,2026-08-22,2,2026-09-05,wk inc covid hosp,quantile,0.65,1035.3896471638514
36,2026-08-22,2,2026-09-05,wk inc covid hosp,quantile,0.65,1393.515898911058
37,2026-08-22,2,2026-09-05,wk inc covid hosp,quantile,0.65,318.6524815253598
38,2026-08-22,2,2026-09-05,wk inc covid hosp,quantile,0.65,624.8314341573106
39,2026-08-22,2,2026-09-05,wk inc covid hosp,quantile,0.65,469.24559631512466
40,2026-08-22,2,2026-09-05,wk inc covid hosp,quantile,0.65,331.32593999566717
41,2026-08-22,2,2026-09-05,wk inc covid hosp,quantile,0.65,538.0874357103332
42,2026-08-22,2,2026-09-05,wk inc covid hosp,quantile,0.65,500.9521207894174
44,2026-08-22,2,2026-09-05,wk inc covid hosp,quantile,0.65,259.74544219080826
45,2026-08-22,2,2026-09-05,wk inc covid hosp,quantile,0.65,153.11933010611153
46,2026-08-22,2,2026-09-05,wk inc covid hosp,quantile,0.65,380.8738637988748
47,2026-08-22,2,2026-09-05,wk inc covid hosp,quantile,0.65,1346.1677391455798
48,2026-08-22,2,2026-09-05,wk inc covid hosp,quantile,0.65,669.4743254547204
49,2026-08-22,2,2026-09-05,wk inc covid hosp,quantile,0.65,74.08630606078252
50,2026-08-22,2,2026-09-05,wk inc covid hosp,quantile,0.65,337.7534610978678
51,2026-08-22,2,2026-09-05,wk inc covid hosp,quantile,0.65,571.3339330881383
53,2026-08-22,2,2026-09-05,wk inc covid hosp,quantile,0.65,163.8670829139985
54,2026-08-22,2,2026-09-05,wk inc covid hosp,quantile,0.65,419.6989740078849
55,2026-08-22,2,2026-09-05,wk inc covid hosp,quantile,0.65,269.3628663573628
56,2026-08-22,2,2026-09-05,wk inc covid hosp,quantile,0.65,147.14967295659721
72,2026-08-22,2,2026-09-05,wk inc covid hosp,quantile,0.65,11328.072233815883
US,2026-08-22,2,2026-09-05,wk inc covid hosp,quantile,0.65,3260.1480615968812
01,2026-08-22,3,2026-09-12,wk inc covid hosp,quantile,0.65,208.6582027160133
02,2026-08-22,3,2026-09-12,wk inc covid hosp,quantile,0.65,187.5770651304474
04,2026-08-22,3,2026-09-12,wk inc covid hosp,quantile,0.65,392.7344723273537
05,2026-08-22,3,2026-09-12,wk inc covid hosp,quantile,0.65,1796.2263951408693
06,2026-08-22,3,2026-09-12,wk inc covid hosp,quantile,0.65,909.4508576937574
08,2026-08-22,3,2026-09-12,wk inc covid hosp,quantile,0.65,377.8812822229509
09,2026-08-22,3,2026-09-12,wk inc covid hosp,quantile,0.65,270.22032476684376
10,2026-08-22,3,2026-09-12,wk inc covid hosp,quantile,0.65,94.16198706621827
11,2026-08-22,3,2026-09-12,wk inc covid hosp,quantile,0.65,2273.556019435221
12,2026-08-22,3,2026-09-12,wk inc covid hosp,quantile,0.65,1686.5342234958923
13,2026-08-22,3,2026-09-12,wk inc covid hosp,quantile,0.65,417.0060917752619
15,2026-08-22,3,2026-09-12,wk inc covid hosp,quantile,0.65,131.26729001955758
16,2026-08-22,3,2026-09-12,wk inc covid hosp,quantile,0.65,467.0342688018449
17,2026-08-22,3,2026-09-12,wk inc covid hosp,quantile,0.65,539.2841563350239
18,2026-08-22,3,2026-09-12,wk inc covid hosp,quantile,0.65,419.6508255408888
19,2026-08-22,3,2026-09-12,wk inc covid hosp,quantile,0.65,211.09077470333173
20,2026-08-22,3,2026-09-12,wk inc covid hosp,quantile,0.65,392.15338682137013
21,2026-08-22,3,2026-09-12,wk inc covid hosp,quantile,0.65,439.7015154522865
22,2026-08-22,3,2026-09-12,wk inc covid hosp,quantile,0.65,247.2229425592708
23,2026-08-22,3,2026-09-12,wk inc covid hosp,quantile,0.65,333.2986932536859
24,2026-08-22,3,2026-09-12,wk inc covid hosp,quantile,0.65,485.2473544127783
25,2026-08-22,3,2026-09-12,wk inc covid hosp,quantile,0.65,974.024025502979
26,2026-08-22,3,2026-09-12,wk inc covid hosp,quantile,0.65,745.9088236037614
27,2026-08-22,3,2026-09-12,wk inc covid hosp,quantile,0.65,228.51808782650411
28,2026-08-22,3,2026-09-12,wk inc covid hosp,quantile,0.65,347.2872660864122
29,2026-08-22,3,2026-09-12,wk inc covid hosp,quantile,0.65,367.0993135954558
30,2026-08-22,3,2026-09-12,wk inc covid hosp,quantile,0.65,154.93957476857403
31,2026-08-22,3,2026-09-12,wk inc covid hosp,quantile,0.65,226.08746807709895
32,2026-08-22,3,2026-09-12,wk inc covid hosp,quantile,0.65,135.7347868936674
33,2026-08-22,3,2026-09-12,wk inc covid hosp,quantile,0.65,644.5795075296112
34,2026-08-22,3,2026-09-12,wk inc covid hosp,quantile,0.65,333.02920601721024
35,2026-08-22,3,2026-09-12,wk inc covid hosp,quantile,0.65,1163.6673945255045
36,2026-08-22,3,2026-09-12,wk inc covid hosp,quantile,0.65,1564.4705569533216
37,2026-08-22,3,2026-09-12,wk inc covid hosp,quantile,0.65,355.19187573922335
38,2026-08-22,3,2026-09-12,wk inc covid hosp,quantile,0.65,725.6428673081119
39,2026-08-22,3,2026-09-12,wk inc covid hosp,quantile,0.65,532.2359625778673
40,2026-08-22,3,2026-09-12,wk inc covid hosp,quantile,0.65,375.28296634399754
41,2026-08-22,3,2026-09-12,wk inc covid hosp,quantile,0.65,605.50225694999
42,2026-08-22,3,2026-09-12,wk inc covid hosp,quantile,0.65,581.9558414666367
44,2026-08-22,3,2026-09-12,wk inc covid hosp,quantile,0.65,299.09432912719063
45,2026-08-22,3,2026-09-12,wk inc covid hosp,quantile,0.65,169.13173970406746
46,2026-08-22,3,2026-09-12,wk inc covid hosp,quantile,0.65,439.5115435513682
47,2026-08-22,3,2026-09-12,wk inc covid hosp,quantile,0.65,1519.0846584125668
48,2026-08-22,3,2026-09-12,wk inc covid hosp,quantile,0.65,730.8089929417913
49,2026-08-22,3,2026-09-12,wk inc covid hosp,quantile,0.65,83.22876359583712
50,2026-08-22,3,2026-09-12,wk inc covid hosp,quantile,0.65,402.96451994798264
51,2026-08-22,3,2026-09-12,wk inc covid hosp,quantile,0.65,648.2354449288212
53,2026-08-22,3,2026-09-12,wk inc covid hosp,quantile,0.65,185.10031907189773
54,2026-08-22,3,2026-09-12,wk inc covid hosp,quantile,0.65,493.9491255646353
55,2026-08-22,3,2026-09-12,wk inc covid hosp,quantile,0.65,305.5732956872005
56,2026-08-22,3,2026-09-12,wk inc covid hosp,quantile,0.65,180.56671407771483
72,2026-08-22,3,2026-09-12,wk inc covid hosp,quantile,0.65,12432.440999129381
US,2026-08-22,3,2026-09-12,wk inc covid hosp,quantile,0.65,3828.4056200085474
01,2026-08-22,0,2026-08-22,wk inc covid hosp,quantile,0.7,145.17365854591566
02,2026-08-22,0,2026-08-22,wk inc covid hosp,quantile,0.7,118.95725048722375
04,2026-08-22,0,2026-08-22,wk inc covid hosp,quantile,0.7,247.58991319046729
05,2026-08-22,0,2026-08-22,wk inc covid hosp,quantile,0.7,1080.835879678643
06,2026-08-22,0,2026-08-22,wk inc covid hosp,quantile,0.7,651.3017497074683
08,2026-08-22,0,2026-08-22,wk inc covid hosp,quantile,0.7,229.05099812787083
09,2026-08-22,0,2026-08-22,wk inc covid hosp,quantile,0.7,162.83893077991286
10,2026-08-22,0,2026-08-22,wk inc covid hosp,quantile,0.7,54.41076636261041
11,2026-08-22,0,2026-08-22,wk inc covid hosp,quantile,0.7,1345.1832814363681
12,2026-08-22,0,2026-08-22,wk inc covid hosp,quantile,0.7,1234.273101078502
13,2026-08-22,0,2026-08-22,wk inc covid hosp,quantile,0.7,277.47874879717267
15,2026-08-22,0,2026-08-22,wk inc covid hosp,quantile,0.7,89.12956386712196
16,2026-08-22,0,2026-08-22,wk inc covid hosp,quantile,0.7,276.0413775490759
17,2026-08-22,0,2026-08-22,wk inc covid hosp,quantile,0.7,320.8276716599163
18,2026-08-22,0,2026-08-22,wk inc covid hosp,quantile,0.7,250.51599451881208
19,2026-08-22,0,2026-08-22,wk inc covid hosp,quantile,0.7,126.7913138538222
20,2026-08-22,0,2026-08-22,wk inc covid hosp,quantile,0.7,241.03126641535937
21,2026-08-22,0,2026-08-22,wk inc covid hosp,quantile,0.7,263.13400598384766
22,2026-08-22,0,2026-08-22,wk inc covid hosp,quantile,0.7,177.07961823258648
23,2026-08-22,0,2026-08-22,wk inc covid hosp,quantile,0.7,194.89723253301474
24,2026-08-22,0,2026-08-22,wk inc covid hosp,quantile,0.7,289.78410697635354
25,2026-08-22,0,2026-08-22,wk inc covid hosp,quantile,0.7,569.8597756334137
26,2026-08-22,0,2026-08-22,wk inc covid hosp,quantile,0.7,413.57947126742954
27,2026-08-22,0,2026-08-22,wk inc covid hosp,quantile,0.7,136.7207103758262
28,2026-08-22,0,2026-08-22,wk inc covid hosp,quantile,0.7,247.4928453791395
29,2026-08-22,0,2026-08-22,wk inc covid hosp,quantile,0.7,215.98988685842176
30,2026-08-22,0,2026-08-22,wk inc covid hosp,quantile,0.7,93.93220055603476
31,2026-08-22,0,2026-08-22,wk inc covid hosp,quantile,0.7,133.7551549904756
32,2026-08-22,0,2026-08-22,wk inc covid hosp,quantile,0.7,92.49249210637538
33,2026-08-22,0,2026-08-22,wk inc covid hosp,quantile,0.7,381.1891283931647
34,2026-08-22,0,2026-08-22,wk inc covid hosp,quantile,0.7,205.25233169196414
35,2026-08-22,0,2026-08-22,wk inc covid hosp,quantile,0.7,729.9568171964156
36,2026-08-22,0,2026-08-22,wk inc covid hosp,quantile,0.7,990.9591687469807
37,2026-08-22,0,2026-08-22,wk inc covid hosp,quantile,0.7,238.72183966970482
38,2026-08-22,0,2026-08-22,wk inc covid hosp,quantile,0.7,412.01242856368066
39,2026-08-22,0,2026-08-22,wk inc covid hosp,quantile,0.7,322.441993082177
40,2026-08-22,0,2026-08-22,wk inc covid hosp,quantile,0.7,229.23481120368936
41,2026-08-22,0,2026-08-22,wk inc covid hosp,quantile,0.7,382.6772819476252
42,2026-08-22,0,2026-08-22,wk inc covid hosp,quantile,0.7,340.85412391063994
44,2026-08-22,0,2026-08-22,wk inc covid hosp,quantile,0.7,183.1064893355752
45,2026-08-22,0,2026-08-22,wk inc covid hosp,quantile,0.7,109.62994636218447
46,2026-08-22,0,2026-08-22,wk inc covid hosp,quantile,0.7,244.567999762174
47,2026-08-22,0,2026-08-22,wk inc covid hosp,quantile,0.7,977.2810737035546
48,2026-08-22,0,2026-08-22,wk inc covid hosp,quantile,0.7,524.9803971018995
49,2026-08-22,0,2026-08-22,wk inc covid hosp,quantile,0.7,53.63761095944368
50,2026-08-22,0,2026-08-22,wk inc covid hosp,quantile,0.7,227.6752841999994
51,2026-08-22,0,2026-08-22,wk inc covid hosp,quantile,0.7,395.96991418296875
53,2026-08-22,0,2026-08-22,wk inc covid hosp,quantile,0.7,120.05155057720505
54,2026-08-22,0,2026-08-22,wk inc covid hosp,quantile,0.7,275.298156336439
55,2026-08-22,0,2026-08-22,wk inc covid hosp,quantile,0.7,182.93250185957405
56,2026-08-22,0,2026-08-22,wk inc covid hosp,quantile,0.7,95.08025638924275
72,2026-08-22,0,2026-08-22,wk inc covid hosp,quantile,0.7,8953.298467939101
US,2026-08-22,0,2026-08-22,wk inc covid hosp,quantile,0.7,2409.921392594952
01,2026-08-22,1,2026-08-29,wk inc covid hosp,quantile,0.7,174.6274473061731
02,2026-08-22,1,2026-08-29,wk inc covid hosp,quantile,0.7,153.59352353973227
04,2026-08-22,1,2026-08-29,wk inc covid hosp,quantile,0.7,311.618221505762
05,2026-08-22,1,2026-08-29,wk inc covid hosp,quantile,0.7,1366.7418900199825
06,2026-08-22,1,2026-08-29,wk inc covid hosp,quantile,0.7,764.7076036248985
08,2026-08-22,1,2026-08-29,wk inc covid hosp,quantile,0.7,291.952228844972
09,2026-08-22,1,2026-08-29,wk inc covid hosp,quantile,0.7,210.1357132628099
10,2026-08-22,1,2026-08-29,wk inc covid hosp,quantile,0.7,71.35056087603365
11,2026-08-22,1,2026-08-29,wk inc covid hosp,quantile,0.7,1748.9192057145283
12,2026-08-22,1,2026-08-29,wk inc covid hosp,quantile,0.7,1456.9491813800244
13,2026-08-22,1,2026-08-29,wk inc covid hosp,quantile,0.7,343.6146413527406
15,2026-08-22,1,2026-08-29,wk inc covid hosp,quantile,0.7,109.18565107407505
16,2026-08-22,1,2026-08-29,wk inc covid hosp,quantile,0.7,352.3019947713641
17,2026-08-22,1,2026-08-29,wk inc covid hosp,quantile,0.7,406.37999149691365
18,2026-08-22,1,2026-08-29,wk inc covid hosp,quantile,0.7,325.01790957613144
19,2026-08-22,1,2026-08-29,wk inc covid hosp,quantile,0.7,161.674378290759
20,2026-08-22,1,2026-08-29,wk inc covid hosp,quantile,0.7,302.67917466972165
21,2026-08-22,1,2026-08-29,wk inc covid hosp,quantile,0.7,335.4680366886319
22,2026-08-22,1,2026-08-29,wk inc covid hosp,quantile,0.7,216.49921666923072
23,2026-08-22,1,2026-08-29,wk inc covid hosp,quantile,0.7,255.5043138311176
24,2026-08-22,1,2026-08-29,wk inc covid hosp,quantile,0.7,375.19213825079123
25,2026-08-22,1,2026-08-29,wk inc covid hosp,quantile,0.7,731.5457037615821
26,2026-08-22,1,2026-08-29,wk inc covid hosp,quantile,0.7,545.9909919718424
27,2026-08-22,1,2026-08-29,wk inc covid hosp,quantile,0.7,173.27755898777758
28,2026-08-22,1,2026-08-29,wk inc covid hosp,quantile,0.7,294.1557447044593
29,2026-08-22,1,2026-08-29,wk inc covid hosp,quantile,0.7,277.4815406538491
30,2026-08-22,1,2026-08-29,wk inc covid hosp,quantile,0.7,120.75692582132788
31,2026-08-22,1,2026-08-29,wk inc covid hosp,quantile,0.7,172.0382271173563
32,2026-08-22,1,2026-08-29,wk inc covid hosp,quantile,0.7,112.34604308441375
33,2026-08-22,1,2026-08-29,wk inc covid hosp,quantile,0.7,492.33247473166495
34,2026-08-22,1,2026-08-29,wk inc covid hosp,quantile,0.7,256.30345463233357
35,2026-08-22,1,2026-08-29,wk inc covid hosp,quantile,0.7,928.2397595873676
36,2026-08-22,1,2026-08-29,wk inc covid hosp,quantile,0.7,1242.851912384502
37,2026-08-22,1,2026-08-29,wk inc covid hosp,quantile,0.7,288.4428276073566
38,2026-08-22,1,2026-08-29,wk inc covid hosp,quantile,0.7,557.9932472959481
39,2026-08-22,1,2026-08-29,wk inc covid hosp,quantile,0.7,412.1743171887183
40,2026-08-22,1,2026-08-29,wk inc covid hosp,quantile,0.7,294.70370410023185
41,2026-08-22,1,2026-08-29,wk inc covid hosp,quantile,0.7,480.61260406147954
42,2026-08-22,1,2026-08-29,wk inc covid hosp,quantile,0.7,441.03500847025384
44,2026-08-22,1,2026-08-29,wk inc covid hosp,quantile,0.7,233.00100102447803
45,2026-08-22,1,2026-08-29,wk inc covid hosp,quantile,0.7,136.7613222619526
46,2026-08-22,1,2026-08-29,wk inc covid hosp,quantile,0.7,331.72401358301454
47,2026-08-22,1,2026-08-29,wk inc covid hosp,quantile,0.7,1208.5376303656194
48,2026-08-22,1,2026-08-29,wk inc covid hosp,quantile,0.7,621.0708166263075
49,2026-08-22,1,2026-08-29,wk inc covid hosp,quantile,0.7,66.24634802861702
50,2026-08-22,1,2026-08-29,wk inc covid hosp,quantile,0.7,301.4606687743851
51,2026-08-22,1,2026-08-29,wk inc covid hosp,quantile,0.7,504.26991068985524
53,2026-08-22,1,2026-08-29,wk inc covid hosp,quantile,0.7,146.96476040977146
54,2026-08-22,1,2026-08-29,wk inc covid hosp,quantile,0.7,368.40197673956675
55,2026-08-22,1,2026-08-29,wk inc covid hosp,quantile,0.7,233.3993435587455
56,2026-08-22,1,2026-08-29,wk inc covid hosp,quantile,0.7,132.48846375261627
72,2026-08-22,1,2026-08-29,wk inc covid hosp,quantile,0.7,10608.020391592176
US,2026-08-22,1,2026-08-29,wk inc covid hosp,quantile,0.7,2877.818110942004
01,2026-08-22,2,2026-09-05,wk inc covid hosp,quantile,0.7,198.50208227887543
02,2026-08-22,2,2026-09-05,wk inc covid hosp,quantile,0.7,180.78518872710563
04,2026-08-22,2,2026-09-05,wk inc covid hosp,quantile,0.7,365.70820529572717
05,2026-08-22,2,2026-09-05,wk inc covid hosp,quantile,0.7,1636.2136326773016
06,2026-08-22,2,2026-09-05,wk inc covid hosp,quantile,0.7,867.9333061585328
08,2026-08-22,2,2026-09-05,wk inc covid hosp,quantile,0.7,342.5640825452355
09,2026-08-22,2,2026-09-05,wk inc covid hosp,quantile,0.7,249.59409078635738
10,2026-08-22,2,2026-09-05,wk inc covid hosp,quantile,0.7,86.13966057326206
11,2026-08-22,2,2026-09-05,wk inc covid hosp,quantile,0.7,2173.9883866740324
12,2026-08-22,2,2026-09-05,wk inc covid hosp,quantile,0.7,1633.9651111036178
13,2026-08-22,2,2026-09-05,wk inc covid hosp,quantile,0.7,391.22357941739426
15,2026-08-22,2,2026-09-05,wk inc covid hosp,quantile,0.7,125.1577282280087
16,2026-08-22,2,2026-09-05,wk inc covid hosp,quantile,0.7,427.6256884077271
17,2026-08-22,2,2026-09-05,wk inc covid hosp,quantile,0.7,486.64831745222585
18,2026-08-22,2,2026-09-05,wk inc covid hosp,quantile,0.7,384.54709727266135
19,2026-08-22,2,2026-09-05,wk inc covid hosp,quantile,0.7,195.10771835262102
20,2026-08-22,2,2026-09-05,wk inc covid hosp,quantile,0.7,361.1435795662336
21,2026-08-22,2,2026-09-05,wk inc covid hosp,quantile,0.7,399.6798381934067
22,2026-08-22,2,2026-09-05,wk inc covid hosp,quantile,0.7,235.4199311273868
23,2026-08-22,2,2026-09-05,wk inc covid hosp,quantile,0.7,311.4830015589899
24,2026-08-22,2,2026-09-05,wk inc covid hosp,quantile,0.7,439.04661961335125
25,2026-08-22,2,2026-09-05,wk inc covid hosp,quantile,0.7,883.7382421026407
26,2026-08-22,2,2026-09-05,wk inc covid hosp,quantile,0.7,666.0581646855569
27,2026-08-22,2,2026-09-05,wk inc covid hosp,quantile,0.7,210.0506501495035
28,2026-08-22,2,2026-09-05,wk inc covid hosp,quantile,0.7,335.70165490973295
29,2026-08-22,2,2026-09-05,wk inc covid hosp,quantile,0.7,334.73542599888003
30,2026-08-22,2,2026-09-05,wk inc covid hosp,quantile,0.7,147.52006318589642
31,2026-08-22,2,2026-09-05,wk inc covid hosp,quantile,0.7,206.77405444819442
32,2026-08-22,2,2026-09-05,wk inc covid hosp,quantile,0.7,128.51720587092012
33,2026-08-22,2,2026-09-05,wk inc covid hosp,quantile,0.7,591.910323233372
34,2026-08-22,2,2026-09-05,wk inc covid hosp,quantile,0.7,305.512797347002
35,2026-08-22,2,2026-09-05,wk inc covid hosp,quantile,0.7,1089.3554120411854
36,2026-08-22,2,2026-09-05,wk inc covid hosp,quantile,0.7,1434.9289954089081
37,2026-08-22,2,2026-09-05,wk inc covid hosp,quantile,0.7,331.4148769675229
38,2026-08-22,2,2026-09-05,wk inc covid hosp,quantile,0.7,665.4561796437883
39,2026-08-22,2,2026-09-05,wk inc covid hosp,quantile,0.7,490.03803871917717
40,2026-08-22,2,2026-09-05,wk inc covid hosp,quantile,0.7,346.17333177539587
41,2026-08-22,2,2026-09-05,wk inc covid hosp,quantile,0.7,562.8700363794256
42,2026-08-22,2,2026-09-05,wk inc covid hosp,quantile,0.7,529.5813061075058
44,2026-08-22,2,2026-09-05,wk inc covid hosp,quantile,0.7,280.0810433546528
45,2026-08-22,2,2026-09-05,wk inc covid hosp,quantile,0.7,159.6494542602274
46,2026-08-22,2,2026-09-05,wk inc covid hosp,quantile,0.7,411.56411221927306
47,2026-08-22,2,2026-09-05,wk inc covid hosp,quantile,0.7,1402.9210985716982
48,2026-08-22,2,2026-09-05,wk inc covid hosp,quantile,0.7,700.2169955283174
49,2026-08-22,2,2026-09-05,wk inc covid hosp,quantile,0.7,77.05961757713686
50,2026-08-22,2,2026-09-05,wk inc covid hosp,quantile,0.7,373.9230599755601
51,2026-08-22,2,2026-09-05,wk inc covid hosp,quantile,0.7,594.7891089481642
53,2026-08-22,2,2026-09-05,wk inc covid hosp,quantile,0.7,170.08544489676171
54,2026-08-22,2,2026-09-05,wk inc covid hosp,quantile,0.7,443.9351087291919
55,2026-08-22,2,2026-09-05,wk inc covid hosp,quantile,0.7,280.282749058631
56,2026-08-22,2,2026-09-05,wk inc covid hosp,quantile,0.7,164.74625445854323
72,2026-08-22,2,2026-09-05,wk inc covid hosp,quantile,0.7,12082.910949667561
US,2026-08-22,2,2026-09-05,wk inc covid hosp,quantile,0.7,3387.933150210258
01,2026-08-22,3,2026-09-12,wk inc covid hosp,quantile,0.7,216.6791357450753
02,2026-08-22,3,2026-09-12,wk inc covid hosp,quantile,0.7,207.06059975850386
04,2026-08-22,3,2026-09-12,wk inc covid hosp,quantile,0.7,411.5141150679134
05,2026-08-22,3,2026-09-12,wk inc covid hosp,quantile,0.7,1915.974679919635
06,2026-08-22,3,2026-09-12,wk inc covid hosp,quantile,0.7,941.8808300609401
08,2026-08-22,3,2026-09-12,wk inc covid hosp,quantile,0.7,393.29038606992475
09,2026-08-22,3,2026-09-12,wk inc covid hosp,quantile,0.7,288.02434594132916
10,2026-08-22,3,2026-09-12,wk inc covid hosp,quantile,0.7,100.83296760657234
11,2026-08-22,3,2026-09-12,wk inc covid hosp,quantile,0.7,2451.2232581878243
12,2026-08-22,3,2026-09-12,wk inc covid hosp,quantile,0.7,1798.78577618108
13,2026-08-22,3,2026-09-12,wk inc covid hosp,quantile,0.7,432.828688978061
15,2026-08-22,3,2026-09-12,wk inc covid hosp,quantile,0.7,140.4082670250336
16,2026-08-22,3,2026-09-12,wk inc covid hosp,quantile,0.7,503.3784523503102
17,2026-08-22,3,2026-09-12,wk inc covid hosp,quantile,0.7,564.1905311961095
18,2026-08-22,3,2026-09-12,wk inc covid hosp,quantile,0.7,439.71604639022894
19,2026-08-22,3,2026-09-12,wk inc covid hosp,quantile,0.7,224.30787091800167
20,2026-08-22,3,2026-09-12,wk inc covid hosp,quantile,0.7,414.82121614773104
21,2026-08-22,3,2026-09-12,wk inc covid hosp,quantile,0.7,463.2621184675327
22,2026-08-22,3,2026-09-12,wk inc covid hosp,quantile,0.7,259.5284221893268
23,2026-08-22,3,2026-09-12,wk inc covid hosp,quantile,0.7,359.8661060842825
24,2026-08-22,3,2026-09-12,wk inc covid hosp,quantile,0.7,505.05474218989866
25,2026-08-22,3,2026-09-12,wk inc covid hosp,quantile,0.7,1031.161731697051
26,2026-08-22,3,2026-09-12,wk inc covid hosp,quantile,0.7,789.1919884407594
27,2026-08-22,3,2026-09-12,wk inc covid hosp,quantile,0.7,240.8174421608522
28,2026-08-22,3,2026-09-12,wk inc covid hosp,quantile,0.7,369.8425194657816
29,2026-08-22,3,2026-09-12,wk inc covid hosp,quantile,0.7,382.4143227531843
30,2026-08-22,3,2026-09-12,wk inc covid hosp,quantile,0.7,165.8169922283023
31,2026-08-22,3,2026-09-12,wk inc covid hosp,quantile,0.7,242.30898408092688
32,2026-08-22,3,2026-09-12,wk inc covid hosp,quantile,0.7,143.4276224263575
33,2026-08-22,3,2026-09-12,wk inc covid hosp,quantile,0.7,692.9775289747084
34,2026-08-22,3,2026-09-12,wk inc covid hosp,quantile,0.7,354.00151261077707
35,2026-08-22,3,2026-09-12,wk inc covid hosp,quantile,0.7,1248.7377733795565
36,2026-08-22,3,2026-09-12,wk inc covid hosp,quantile,0.7,1626.5559092980504
37,2026-08-22,3,2026-09-12,wk inc covid hosp,quantile,0.7,370.1266840038261
38,2026-08-22,3,2026-09-12,wk inc covid hosp,quantile,0.7,795.133540630915
39,2026-08-22,3,2026-09-12,wk inc covid hosp,quantile,0.7,560.4090804183338
40,2026-08-22,3,2026-09-12,wk inc covid hosp,quantile,0.7,393.1273788063663
41,2026-08-22,3,2026-09-12,wk inc covid hosp,quantile,0.7,629.6548651204905
42,2026-08-22,3,2026-09-12,wk inc covid hosp,quantile,0.7,616.1154449116216
44,2026-08-22,3,2026-09-12,wk inc covid hosp,quantile,0.7,323.4163245039816
45,2026-08-22,3,2026-09-12,wk inc covid hosp,quantile,0.7,178.98931688703428
46,2026-08-22,3,2026-09-12,wk inc covid hosp,quantile,0.7,477.6472280500665
47,2026-08-22,3,2026-09-12,wk inc covid hosp,quantile,0.7,1589.8492877396986
48,2026-08-22,3,2026-09-12,wk inc covid hosp,quantile,0.7,770.2145003818434
49,2026-08-22,3,2026-09-12,wk inc covid hosp,quantile,0.7,88.11447577229619
50,2026-08-22,3,2026-09-12,wk inc covid hosp,quantile,0.7,444.80072438885304
51,2026-08-22,3,2026-09-12,wk inc covid hosp,quantile,0.7,675.2612108493905
53,2026-08-22,3,2026-09-12,wk inc covid hosp,quantile,0.7,192.53251466014757
54,2026-08-22,3,2026-09-12,wk inc covid hosp,quantile,0.7,529.9084870427316
55,2026-08-22,3,2026-09-12,wk inc covid hosp,quantile,0.7,320.846124450261
56,2026-08-22,3,2026-09-12,wk inc covid hosp,quantile,0.7,203.6427249416321
72,2026-08-22,3,2026-09-12,wk inc covid hosp,quantile,0.7,13480.126899705434
US,2026-08-22,3,2026-09-12,wk inc covid hosp,quantile,0.7,3990.8520872286304
01,2026-08-22,0,2026-08-22,wk inc covid hosp,quantile,0.75,149.37765621429895
02,2026-08-22,0,2026-08-22,wk inc covid hosp,quantile,0.75,126.89912365433956
04,2026-08-22,0,2026-08-22,wk inc covid hosp,quantile,0.75,253.7172283107842
05,2026-08-22,0,2026-08-22,wk inc covid hosp,quantile,0.75,1117.0960789952478
06,2026-08-22,0,2026-08-22,wk inc covid hosp,quantile,0.75,662.3579395464347
08,2026-08-22,0,2026-08-22,wk inc covid hosp,quantile,0.75,234.39314504536816
09,2026-08-22,0,2026-08-22,wk inc covid hosp,quantile,0.75,168.8621218656602
10,2026-08-22,0,2026-08-22,wk inc covid hosp,quantile,0.75,56.522307036587065
11,2026-08-22,0,2026-08-22,wk inc covid hosp,quantile,0.75,1404.1925231393611
12,2026-08-22,0,2026-08-22,wk inc covid hosp,quantile,0.75,1271.2809984533571
13,2026-08-22,0,2026-08-22,wk inc covid hosp,quantile,0.75,283.49535683550437
15,2026-08-22,0,2026-08-22,wk inc covid hosp,quantile,0.75,91.84412647219344
16,2026-08-22,0,2026-08-22,wk inc covid hosp,quantile,0.75,286.5227994784507
17,2026-08-22,0,2026-08-22,wk inc covid hosp,quantile,0.75,328.9299071084939
18,2026-08-22,0,2026-08-22,wk inc covid hosp,quantile,0.75,258.55424508395424
19,2026-08-22,0,2026-08-22,wk inc covid hosp,quantile,0.75,131.15832424965782
20,2026-08-22,0,2026-08-22,wk inc covid hosp,quantile,0.75,248.69409048732544
21,2026-08-22,0,2026-08-22,wk inc covid hosp,quantile,0.75,271.19894148869
22,2026-08-22,0,2026-08-22,wk inc covid hosp,quantile,0.75,182.26546146136505
23,2026-08-22,0,2026-08-22,wk inc covid hosp,quantile,0.75,202.39896621603992
24,2026-08-22,0,2026-08-22,wk inc covid hosp,quantile,0.75,298.47365300634624
25,2026-08-22,0,2026-08-22,wk inc covid hosp,quantile,0.75,588.6193349882891
26,2026-08-22,0,2026-08-22,wk inc covid hosp,quantile,0.75,429.8731663232218
27,2026-08-22,0,2026-08-22,wk inc covid hosp,quantile,0.75,141.5329811332624
28,2026-08-22,0,2026-08-22,wk inc covid hosp,quantile,0.75,254.31855808425829
29,2026-08-22,0,2026-08-22,wk inc covid hosp,quantile,0.75,221.36647443155988
30,2026-08-22,0,2026-08-22,wk inc covid hosp,quantile,0.75,99.00551789855253
31,2026-08-22,0,2026-08-22,wk inc covid hosp,quantile,0.75,138.529391241153
32,2026-08-22,0,2026-08-22,wk inc covid hosp,quantile,0.75,95.1401507692829
33,2026-08-22,0,2026-08-22,wk inc covid hosp,quantile,0.75,397.4925874419187
34,2026-08-22,0,2026-08-22,wk inc covid hosp,quantile,0.75,211.16622395269957
35,2026-08-22,0,2026-08-22,wk inc covid hosp,quantile,0.75,756.6383734397605
36,2026-08-22,0,2026-08-22,wk inc covid hosp,quantile,0.75,1015.6655314972555
37,2026-08-22,0,2026-08-22,wk inc covid hosp,quantile,0.75,243.85629639025615
38,2026-08-22,0,2026-08-22,wk inc covid hosp,quantile,0.75,435.1566237986791
39,2026-08-22,0,2026-08-22,wk inc covid hosp,quantile,0.75,330.7441090674564
40,2026-08-22,0,2026-08-22,wk inc covid hosp,quantile,0.75,236.78086425205882
41,2026-08-22,0,2026-08-22,wk inc covid hosp,quantile,0.75,392.85882246067285
42,2026-08-22,0,2026-08-22,wk inc covid hosp,quantile,0.75,349.44864926815995
44,2026-08-22,0,2026-08-22,wk inc covid hosp,quantile,0.75,192.59690976145308
45,2026-08-22,0,2026-08-22,wk inc covid hosp,quantile,0.75,112.88441063068528
46,2026-08-22,0,2026-08-22,wk inc covid hosp,quantile,0.75,256.4372527401693
47,2026-08-22,0,2026-08-22,wk inc covid hosp,quantile,0.75,1004.2063216559184
48,2026-08-22,0,2026-08-22,wk inc covid hosp,quantile,0.75,540.9867838938276
49,2026-08-22,0,2026-08-22,wk inc covid hosp,quantile,0.75,55.45236486546334
50,2026-08-22,0,2026-08-22,wk inc covid hosp,quantile,0.75,239.57032692351257
51,2026-08-22,0,2026-08-22,wk inc covid hosp,quantile,0.75,405.55099889296196
53,2026-08-22,0,2026-08-22,wk inc covid hosp,quantile,0.75,122.84386234831283
54,2026-08-22,0,2026-08-22,wk inc covid hosp,quantile,0.75,287.2931027840363
55,2026-08-22,0,2026-08-22,wk inc covid hosp,quantile,0.75,187.39431296184875
56,2026-08-22,0,2026-08-22,wk inc covid hosp,quantile,0.75,102.02081926890855
72,2026-08-22,0,2026-08-22,wk inc covid hosp,quantile,0.75,9328.964191992383
US,2026-08-22,0,2026-08-22,wk inc covid hosp,quantile,0.75,2475.4324099811
01,2026-08-22,1,2026-08-29,wk inc covid hosp,quantile,0.75,180.85910851447417
02,2026-08-22,1,2026-08-29,wk inc covid hosp,quantile,0.75,166.1131603656277
04,2026-08-22,1,2026-08-29,wk inc covid hosp,quantile,0.75,323.11161232038336
05,2026-08-22,1,2026-08-29,wk inc covid hosp,quantile,0.75,1426.9879248265402
06,2026-08-22,1,2026-08-29,wk inc covid hosp,quantile,0.75,784.9705231719156
08,2026-08-22,1,2026-08-29,wk inc covid hosp,quantile,0.75,304.1121898805763
09,2026-08-22,1,2026-08-29,wk inc covid hosp,quantile,0.75,220.54478907922427
10,2026-08-22,1,2026-08-29,wk inc covid hosp,quantile,0.75,75.29689271550534
11,2026-08-22,1,2026-08-29,wk inc covid hosp,quantile,0.75,1847.3441417325773
12,2026-08-22,1,2026-08-29,wk inc covid hosp,quantile,0.75,1521.4350789762605
13,2026-08-22,1,2026-08-29,wk inc covid hosp,quantile,0.75,351.790771717155
15,2026-08-22,1,2026-08-29,wk inc covid hosp,quantile,0.75,114.77049271461901
16,2026-08-22,1,2026-08-29,wk inc covid hosp,quantile,0.75,372.95099733008163
17,2026-08-22,1,2026-08-29,wk inc covid hosp,quantile,0.75,422.0550497534363
18,2026-08-22,1,2026-08-29,wk inc covid hosp,quantile,0.75,337.3991409018533
19,2026-08-22,1,2026-08-29,wk inc covid hosp,quantile,0.75,169.57982373266395
20,2026-08-22,1,2026-08-29,wk inc covid hosp,quantile,0.75,316.89460296110155
21,2026-08-22,1,2026-08-29,wk inc covid hosp,quantile,0.75,351.86696519149945
22,2026-08-22,1,2026-08-29,wk inc covid hosp,quantile,0.75,224.83695009625703
23,2026-08-22,1,2026-08-29,wk inc covid hosp,quantile,0.75,269.17935270924676
24,2026-08-22,1,2026-08-29,wk inc covid hosp,quantile,0.75,387.3338055255253
25,2026-08-22,1,2026-08-29,wk inc covid hosp,quantile,0.75,759.6199209463413
26,2026-08-22,1,2026-08-29,wk inc covid hosp,quantile,0.75,567.6744724889725
27,2026-08-22,1,2026-08-29,wk inc covid hosp,quantile,0.75,180.76056665061415
28,2026-08-22,1,2026-08-29,wk inc covid hosp,quantile,0.75,306.42668279376693
29,2026-08-22,1,2026-08-29,wk inc covid hosp,quantile,0.75,287.1909194831831
30,2026-08-22,1,2026-08-29,wk inc covid hosp,quantile,0.75,127.85132196072126
31,2026-08-22,1,2026-08-29,wk inc covid hosp,quantile,0.75,179.77920676080632
32,2026-08-22,1,2026-08-29,wk inc covid hosp,quantile,0.75,116.06063323680921
33,2026-08-22,1,2026-08-29,wk inc covid hosp,quantile,0.75,522.147281541157
34,2026-08-22,1,2026-08-29,wk inc covid hosp,quantile,0.75,267.0278394937965
35,2026-08-22,1,2026-08-29,wk inc covid hosp,quantile,0.75,980.7603833305493
36,2026-08-22,1,2026-08-29,wk inc covid hosp,quantile,0.75,1275.7445200612287
37,2026-08-22,1,2026-08-29,wk inc covid hosp,quantile,0.75,298.2310790687302
38,2026-08-22,1,2026-08-29,wk inc covid hosp,quantile,0.75,594.1972722442301
39,2026-08-22,1,2026-08-29,wk inc covid hosp,quantile,0.75,427.3070819063549
40,2026-08-22,1,2026-08-29,wk inc covid hosp,quantile,0.75,304.71552019577143
41,2026-08-22,1,2026-08-29,wk inc covid hosp,quantile,0.75,496.65307891187643
42,2026-08-22,1,2026-08-29,wk inc covid hosp,quantile,0.75,459.59975717441023
44,2026-08-22,1,2026-08-29,wk inc covid hosp,quantile,0.75,248.8880111811446
45,2026-08-22,1,2026-08-29,wk inc covid hosp,quantile,0.75,140.49228372670217
46,2026-08-22,1,2026-08-29,wk inc covid hosp,quantile,0.75,356.60751625055303
47,2026-08-22,1,2026-08-29,wk inc covid hosp,quantile,0.75,1248.346997365599
48,2026-08-22,1,2026-08-29,wk inc covid hosp,quantile,0.75,645.2205329009395
49,2026-08-22,1,2026-08-29,wk inc covid hosp,quantile,0.75,69.32481722790023
50,2026-08-22,1,2026-08-29,wk inc covid hosp,quantile,0.75,321.2668749859855
51,2026-08-22,1,2026-08-29,wk inc covid hosp,quantile,0.75,522.4983450066582
53,2026-08-22,1,2026-08-29,wk inc covid hosp,quantile,0.75,152.0150227839623
54,2026-08-22,1,2026-08-29,wk inc covid hosp,quantile,0.75,385.0196175382129
55,2026-08-22,1,2026-08-29,wk inc covid hosp,quantile,0.75,242.88333100161307
56,2026-08-22,1,2026-08-29,wk inc covid hosp,quantile,0.75,145.9844288951932
72,2026-08-22,1,2026-08-29,wk inc covid hosp,quantile,0.75,11290.234906683077
US,2026-08-22,1,2026-08-29,wk inc covid hosp,quantile,0.75,2988.9908186802695
01,2026-08-22,2,2026-09-05,wk inc covid hosp,quantile,0.75,207.7283070143502
02,2026-08-22,2,2026-09-05,wk inc covid hosp,quantile,0.75,199.82416192504596
04,2026-08-22,2,2026-09-05,wk inc covid hosp,quantile,0.75,383.5756351715001
05,2026-08-22,2,2026-09-05,wk inc covid hosp,quantile,0.75,1736.325674136263
06,2026-08-22,2,2026-09-05,wk inc covid hosp,quantile,0.75,893.211414114826
08,2026-08-22,2,2026-09-05,wk inc covid hosp,quantile,0.75,358.7620098066224
09,2026-08-22,2,2026-09-05,wk inc covid hosp,quantile,0.75,266.30485770180576
10,2026-08-22,2,2026-09-05,wk inc covid hosp,quantile,0.75,91.51003246452836
11,2026-08-22,2,2026-09-05,wk inc covid hosp,quantile,0.75,2350.565587171132
12,2026-08-22,2,2026-09-05,wk inc covid hosp,quantile,0.75,1723.3139546686516
13,2026-08-22,2,2026-09-05,wk inc covid hosp,quantile,0.75,404.91086717988213
15,2026-08-22,2,2026-09-05,wk inc covid hosp,quantile,0.75,133.88478385378022
16,2026-08-22,2,2026-09-05,wk inc covid hosp,quantile,0.75,456.1107466537033
17,2026-08-22,2,2026-09-05,wk inc covid hosp,quantile,0.75,509.66292966379064
18,2026-08-22,2,2026-09-05,wk inc covid hosp,quantile,0.75,402.0181440368988
19,2026-08-22,2,2026-09-05,wk inc covid hosp,quantile,0.75,207.04192559944102
20,2026-08-22,2,2026-09-05,wk inc covid hosp,quantile,0.75,382.2564870836194
21,2026-08-22,2,2026-09-05,wk inc covid hosp,quantile,0.75,419.11477432173876
22,2026-08-22,2,2026-09-05,wk inc covid hosp,quantile,0.75,245.53504593584523
23,2026-08-22,2,2026-09-05,wk inc covid hosp,quantile,0.75,332.7387423526284
24,2026-08-22,2,2026-09-05,wk inc covid hosp,quantile,0.75,460.2969702594636
25,2026-08-22,2,2026-09-05,wk inc covid hosp,quantile,0.75,919.7263010249565
26,2026-08-22,2,2026-09-05,wk inc covid hosp,quantile,0.75,702.6009769940545
27,2026-08-22,2,2026-09-05,wk inc covid hosp,quantile,0.75,220.67011106334712
28,2026-08-22,2,2026-09-05,wk inc covid hosp,quantile,0.75,357.4861840813531
29,2026-08-22,2,2026-09-05,wk inc covid hosp,quantile,0.75,347.72523656570695
30,2026-08-22,2,2026-09-05,wk inc covid hosp,quantile,0.75,159.67161296525714
31,2026-08-22,2,2026-09-05,wk inc covid hosp,quantile,0.75,220.81931553132702
32,2026-08-22,2,2026-09-05,wk inc covid hosp,quantile,0.75,134.54624180887046
33,2026-08-22,2,2026-09-05,wk inc covid hosp,quantile,0.75,634.788970066004
34,2026-08-22,2,2026-09-05,wk inc covid hosp,quantile,0.75,323.0202684266873
35,2026-08-22,2,2026-09-05,wk inc covid hosp,quantile,0.75,1164.7856467083805
36,2026-08-22,2,2026-09-05,wk inc covid hosp,quantile,0.75,1491.593409104276
37,2026-08-22,2,2026-09-05,wk inc covid hosp,quantile,0.75,345.0448814231586
38,2026-08-22,2,2026-09-05,wk inc covid hosp,quantile,0.75,723.3810499551184
39,2026-08-22,2,2026-09-05,wk inc covid hosp,quantile,0.75,512.9154805840226
40,2026-08-22,2,2026-09-05,wk inc covid hosp,quantile,0.75,362.7493442772239
41,2026-08-22,2,2026-09-05,wk inc covid hosp,quantile,0.75,587.8927276520614
42,2026-08-22,2,2026-09-05,wk inc covid hosp,quantile,0.75,561.4968132895991
44,2026-08-22,2,2026-09-05,wk inc covid hosp,quantile,0.75,302.93977224205264
45,2026-08-22,2,2026-09-05,wk inc covid hosp,quantile,0.75,166.52733188019695
46,2026-08-22,2,2026-09-05,wk inc covid hosp,quantile,0.75,452.74797448587134
47,2026-08-22,2,2026-09-05,wk inc covid hosp,quantile,0.75,1470.4627822814605
48,2026-08-22,2,2026-09-05,wk inc covid hosp,quantile,0.75,732.7520075852462
49,2026-08-22,2,2026-09-05,wk inc covid hosp,quantile,0.75,82.35909188547457
50,2026-08-22,2,2026-09-05,wk inc covid hosp,quantile,0.75,409.65197280478543
51,2026-08-22,2,2026-09-05,wk inc covid hosp,quantile,0.75,621.9157672556387
53,2026-08-22,2,2026-09-05,wk inc covid hosp,quantile,0.75,177.36167535043066
54,2026-08-22,2,2026-09-05,wk inc covid hosp,quantile,0.75,468.0902107867993
55,2026-08-22,2,2026-09-05,wk inc covid hosp,quantile,0.75,295.1399198395848
56,2026-08-22,2,2026-09-05,wk inc covid hosp,quantile,0.75,182.9865754844058
72,2026-08-22,2,2026-09-05,wk inc covid hosp,quantile,0.75,13042.983239876117
US,2026-08-22,2,2026-09-05,wk inc covid hosp,quantile,0.75,3552.599383622815
01,2026-08-22,3,2026-09-12,wk inc covid hosp,quantile,0.75,228.1084084884038
02,2026-08-22,3,2026-09-12,wk inc covid hosp,quantile,0.75,233.95412424867752
04,2026-08-22,3,2026-09-12,wk inc covid hosp,quantile,0.75,435.86854621458133
05,2026-08-22,3,2026-09-12,wk inc covid hosp,quantile,0.75,2045.5066544420872
06,2026-08-22,3,2026-09-12,wk inc covid hosp,quantile,0.75,976.5112190307559
08,2026-08-22,3,2026-09-12,wk inc covid hosp,quantile,0.75,412.52787783628634
09,2026-08-22,3,2026-09-12,wk inc covid hosp,quantile,0.75,311.4744019719131
10,2026-08-22,3,2026-09-12,wk inc covid hosp,quantile,0.75,107.88413136084732
11,2026-08-22,3,2026-09-12,wk inc covid hosp,quantile,0.75,2671.256878356376
12,2026-08-22,3,2026-09-12,wk inc covid hosp,quantile,0.75,1905.446398416059
13,2026-08-22,3,2026-09-12,wk inc covid hosp,quantile,0.75,452.81585796965373
15,2026-08-22,3,2026-09-12,wk inc covid hosp,quantile,0.75,150.32190877236076
16,2026-08-22,3,2026-09-12,wk inc covid hosp,quantile,0.75,535.5954438713366
17,2026-08-22,3,2026-09-12,wk inc covid hosp,quantile,0.75,592.7744532302678
18,2026-08-22,3,2026-09-12,wk inc covid hosp,quantile,0.75,465.10527348843874
19,2026-08-22,3,2026-09-12,wk inc covid hosp,quantile,0.75,239.57928032848065
20,2026-08-22,3,2026-09-12,wk inc covid hosp,quantile,0.75,437.9512349979165
21,2026-08-22,3,2026-09-12,wk inc covid hosp,quantile,0.75,489.1706184366234
22,2026-08-22,3,2026-09-12,wk inc covid hosp,quantile,0.75,272.1782636887517
23,2026-08-22,3,2026-09-12,wk inc covid hosp,quantile,0.75,386.4421035776298
24,2026-08-22,3,2026-09-12,wk inc covid hosp,quantile,0.75,530.8331812499752
25,2026-08-22,3,2026-09-12,wk inc covid hosp,quantile,0.75,1070.2988182282477
26,2026-08-22,3,2026-09-12,wk inc covid hosp,quantile,0.75,842.0332077115925
27,2026-08-22,3,2026-09-12,wk inc covid hosp,quantile,0.75,254.00188310527437
28,2026-08-22,3,2026-09-12,wk inc covid hosp,quantile,0.75,395.2847066170466
29,2026-08-22,3,2026-09-12,wk inc covid hosp,quantile,0.75,396.0802431000825
30,2026-08-22,3,2026-09-12,wk inc covid hosp,quantile,0.75,182.8422851590178
31,2026-08-22,3,2026-09-12,wk inc covid hosp,quantile,0.75,260.690940789283
32,2026-08-22,3,2026-09-12,wk inc covid hosp,quantile,0.75,152.23792522251978
33,2026-08-22,3,2026-09-12,wk inc covid hosp,quantile,0.75,755.7700721921784
34,2026-08-22,3,2026-09-12,wk inc covid hosp,quantile,0.75,371.8366656192976
35,2026-08-22,3,2026-09-12,wk inc covid hosp,quantile,0.75,1323.7097567800083
36,2026-08-22,3,2026-09-12,wk inc covid hosp,quantile,0.75,1691.3726173278505
37,2026-08-22,3,2026-09-12,wk inc covid hosp,quantile,0.75,387.74265940866457
38,2026-08-22,3,2026-09-12,wk inc covid hosp,quantile,0.75,857.83306873454
39,2026-08-22,3,2026-09-12,wk inc covid hosp,quantile,0.75,594.2471928296166
40,2026-08-22,3,2026-09-12,wk inc covid hosp,quantile,0.75,418.01661804673137
41,2026-08-22,3,2026-09-12,wk inc covid hosp,quantile,0.75,666.995417078525
42,2026-08-22,3,2026-09-12,wk inc covid hosp,quantile,0.75,652.7494068883177
44,2026-08-22,3,2026-09-12,wk inc covid hosp,quantile,0.75,347.93661110878026
45,2026-08-22,3,2026-09-12,wk inc covid hosp,quantile,0.75,189.82964348429425
46,2026-08-22,3,2026-09-12,wk inc covid hosp,quantile,0.75,523.1379181871849
47,2026-08-22,3,2026-09-12,wk inc covid hosp,quantile,0.75,1666.2271455392909
48,2026-08-22,3,2026-09-12,wk inc covid hosp,quantile,0.75,806.9538659332219
49,2026-08-22,3,2026-09-12,wk inc covid hosp,quantile,0.75,93.4303721075579
50,2026-08-22,3,2026-09-12,wk inc covid hosp,quantile,0.75,490.42737430718563
51,2026-08-22,3,2026-09-12,wk inc covid hosp,quantile,0.75,707.6965755626273
53,2026-08-22,3,2026-09-12,wk inc covid hosp,quantile,0.75,199.93796151471588
54,2026-08-22,3,2026-09-12,wk inc covid hosp,quantile,0.75,558.7516329487494
55,2026-08-22,3,2026-09-12,wk inc covid hosp,quantile,0.75,337.96308296051865
56,2026-08-22,3,2026-09-12,wk inc covid hosp,quantile,0.75,229.7125192060956
72,2026-08-22,3,2026-09-12,wk inc covid hosp,quantile,0.75,14678.867819276511
US,2026-08-22,3,2026-09-12,wk inc covid hosp,quantile,0.75,4210.84796978105
01,2026-08-22,0,2026-08-22,wk inc covid hosp,quantile,0.8,153.47627998295104
02,2026-08-22,0,2026-08-22,wk inc covid hosp,quantile,0.8,135.27902007725308
04,2026-08-22,0,2026-08-22,wk inc covid hosp,quantile,0.8,262.0833284813274
05,2026-08-22,0,2026-08-22,wk inc covid hosp,quantile,0.8,1162.691051778533
06,2026-08-22,0,2026-08-22,wk inc covid hosp,quantile,0.8,675.5895168141494
08,2026-08-22,0,2026-08-22,wk inc covid hosp,quantile,0.8,241.48195832654827
09,2026-08-22,0,2026-08-22,wk inc covid hosp,quantile,0.8,174.97007916480646
10,2026-08-22,0,2026-08-22,wk inc covid hosp,quantile,0.8,58.78474479382274
11,2026-08-22,0,2026-08-22,wk inc covid hosp,quantile,0.8,1474.0211406291085
12,2026-08-22,0,2026-08-22,wk inc covid hosp,quantile,0.8,1318.1902297491874
13,2026-08-22,0,2026-08-22,wk inc covid hosp,quantile,0.8,291.58505991161815
15,2026-08-22,0,2026-08-22,wk inc covid hosp,quantile,0.8,95.68409208658325
16,2026-08-22,0,2026-08-22,wk inc covid hosp,quantile,0.8,298.92957009875903
17,2026-08-22,0,2026-08-22,wk inc covid hosp,quantile,0.8,338.9171154539666
18,2026-08-22,0,2026-08-22,wk inc covid hosp,quantile,0.8,266.35127198384146
19,2026-08-22,0,2026-08-22,wk inc covid hosp,quantile,0.8,136.41860388283862
20,2026-08-22,0,2026-08-22,wk inc covid hosp,quantile,0.8,256.8560008080075
21,2026-08-22,0,2026-08-22,wk inc covid hosp,quantile,0.8,279.6568937656171
22,2026-08-22,0,2026-08-22,wk inc covid hosp,quantile,0.8,188.7071747371123
23,2026-08-22,0,2026-08-22,wk inc covid hosp,quantile,0.8,210.50925909674
24,2026-08-22,0,2026-08-22,wk inc covid hosp,quantile,0.8,308.22938738434163
25,2026-08-22,0,2026-08-22,wk inc covid hosp,quantile,0.8,604.6612946917744
26,2026-08-22,0,2026-08-22,wk inc covid hosp,quantile,0.8,445.0737527044038
27,2026-08-22,0,2026-08-22,wk inc covid hosp,quantile,0.8,145.77414350542816
28,2026-08-22,0,2026-08-22,wk inc covid hosp,quantile,0.8,263.43521418016053
29,2026-08-22,0,2026-08-22,wk inc covid hosp,quantile,0.8,227.84053607255214
30,2026-08-22,0,2026-08-22,wk inc covid hosp,quantile,0.8,104.43653559282367
31,2026-08-22,0,2026-08-22,wk inc covid hosp,quantile,0.8,143.75551946639
32,2026-08-22,0,2026-08-22,wk inc covid hosp,quantile,0.8,98.0219463948067
33,2026-08-22,0,2026-08-22,wk inc covid hosp,quantile,0.8,412.7425430509629
34,2026-08-22,0,2026-08-22,wk inc covid hosp,quantile,0.8,219.44398037501074
35,2026-08-22,0,2026-08-22,wk inc covid hosp,quantile,0.8,786.5171046379846
36,2026-08-22,0,2026-08-22,wk inc covid hosp,quantile,0.8,1040.136742678924
37,2026-08-22,0,2026-08-22,wk inc covid hosp,quantile,0.8,250.87814319256177
38,2026-08-22,0,2026-08-22,wk inc covid hosp,quantile,0.8,456.7988193027028
39,2026-08-22,0,2026-08-22,wk inc covid hosp,quantile,0.8,341.5702576562272
40,2026-08-22,0,2026-08-22,wk inc covid hosp,quantile,0.8,243.95230016387802
41,2026-08-22,0,2026-08-22,wk inc covid hosp,quantile,0.8,406.3792643288034
42,2026-08-22,0,2026-08-22,wk inc covid hosp,quantile,0.8,361.17772000701956
44,2026-08-22,0,2026-08-22,wk inc covid hosp,quantile,0.8,202.41565643150977
45,2026-08-22,0,2026-08-22,wk inc covid hosp,quantile,0.8,115.7566037039468
46,2026-08-22,0,2026-08-22,wk inc covid hosp,quantile,0.8,270.59004771425555
47,2026-08-22,0,2026-08-22,wk inc covid hosp,quantile,0.8,1038.6070859710176
48,2026-08-22,0,2026-08-22,wk inc covid hosp,quantile,0.8,557.809269290953
49,2026-08-22,0,2026-08-22,wk inc covid hosp,quantile,0.8,57.53546291741237
50,2026-08-22,0,2026-08-22,wk inc covid hosp,quantile,0.8,258.28623359680796
51,2026-08-22,0,2026-08-22,wk inc covid hosp,quantile,0.8,415.5729106922237
53,2026-08-22,0,2026-08-22,wk inc covid hosp,quantile,0.8,126.13569565974294
54,2026-08-22,0,2026-08-22,wk inc covid hosp,quantile,0.8,299.6411564339919
55,2026-08-22,0,2026-08-22,wk inc covid hosp,quantile,0.8,193.82163488823832
56,2026-08-22,0,2026-08-22,wk inc covid hosp,quantile,0.8,110.01394211269684
72,2026-08-22,0,2026-08-22,wk inc covid hosp,quantile,0.8,9785.309615785563
US,2026-08-22,0,2026-08-22,wk inc covid hosp,quantile,0.8,2561.9470705331073
01,2026-08-22,1,2026-08-29,wk inc covid hosp,quantile,0.8,187.213874740989
02,2026-08-22,1,2026-08-29,wk inc covid hosp,quantile,0.8,179.6556708988376
04,2026-08-22,1,2026-08-29,wk inc covid hosp,quantile,0.8,335.51275247862316
05,2026-08-22,1,2026-08-29,wk inc covid hosp,quantile,0.8,1494.025569911713
06,2026-08-22,1,2026-08-29,wk inc covid hosp,quantile,0.8,807.6692011612257
08,2026-08-22,1,2026-08-29,wk inc covid hosp,quantile,0.8,316.3748331431501
09,2026-08-22,1,2026-08-29,wk inc covid hosp,quantile,0.8,232.49987740803473
10,2026-08-22,1,2026-08-29,wk inc covid hosp,quantile,0.8,79.0990257359999
11,2026-08-22,1,2026-08-29,wk inc covid hosp,quantile,0.8,1978.768587015818
12,2026-08-22,1,2026-08-29,wk inc covid hosp,quantile,0.8,1593.9514557052594
13,2026-08-22,1,2026-08-29,wk inc covid hosp,quantile,0.8,362.3167498898354
15,2026-08-22,1,2026-08-29,wk inc covid hosp,quantile,0.8,122.05898143209176
16,2026-08-22,1,2026-08-29,wk inc covid hosp,quantile,0.8,393.69413784285194
17,2026-08-22,1,2026-08-29,wk inc covid hosp,quantile,0.8,439.3968730091441
18,2026-08-22,1,2026-08-29,wk inc covid hosp,quantile,0.8,349.2495916370911
19,2026-08-22,1,2026-08-29,wk inc covid hosp,quantile,0.8,178.2201289727797
20,2026-08-22,1,2026-08-29,wk inc covid hosp,quantile,0.8,334.51697949123246
21,2026-08-22,1,2026-08-29,wk inc covid hosp,quantile,0.8,367.9826025774217
22,2026-08-22,1,2026-08-29,wk inc covid hosp,quantile,0.8,232.82367377513282
23,2026-08-22,1,2026-08-29,wk inc covid hosp,quantile,0.8,284.5482905943861
24,2026-08-22,1,2026-08-29,wk inc covid hosp,quantile,0.8,405.2135254205888
25,2026-08-22,1,2026-08-29,wk inc covid hosp,quantile,0.8,790.7117315216602
26,2026-08-22,1,2026-08-29,wk inc covid hosp,quantile,0.8,599.4248516759025
27,2026-08-22,1,2026-08-29,wk inc covid hosp,quantile,0.8,189.9452951390121
28,2026-08-22,1,2026-08-29,wk inc covid hosp,quantile,0.8,321.2775235897258
29,2026-08-22,1,2026-08-29,wk inc covid hosp,quantile,0.8,299.5252243317153
30,2026-08-22,1,2026-08-29,wk inc covid hosp,quantile,0.8,136.91134944735276
31,2026-08-22,1,2026-08-29,wk inc covid hosp,quantile,0.8,187.65949238762036
32,2026-08-22,1,2026-08-29,wk inc covid hosp,quantile,0.8,120.96657031634533
33,2026-08-22,1,2026-08-29,wk inc covid hosp,quantile,0.8,562.8126860200356
34,2026-08-22,1,2026-08-29,wk inc covid hosp,quantile,0.8,281.6802434506021
35,2026-08-22,1,2026-08-29,wk inc covid hosp,quantile,0.8,1027.0536440137826
36,2026-08-22,1,2026-08-29,wk inc covid hosp,quantile,0.8,1325.640094315244
37,2026-08-22,1,2026-08-29,wk inc covid hosp,quantile,0.8,308.9739333690668
38,2026-08-22,1,2026-08-29,wk inc covid hosp,quantile,0.8,630.8034605162943
39,2026-08-22,1,2026-08-29,wk inc covid hosp,quantile,0.8,448.14906864833995
40,2026-08-22,1,2026-08-29,wk inc covid hosp,quantile,0.8,314.9330937210515
41,2026-08-22,1,2026-08-29,wk inc covid hosp,quantile,0.8,514.5659628557235
42,2026-08-22,1,2026-08-29,wk inc covid hosp,quantile,0.8,482.83053135506265
44,2026-08-22,1,2026-08-29,wk inc covid hosp,quantile,0.8,263.85976235659814
45,2026-08-22,1,2026-08-29,wk inc covid hosp,quantile,0.8,145.45408581673982
46,2026-08-22,1,2026-08-29,wk inc covid hosp,quantile,0.8,381.7183251061696
47,2026-08-22,1,2026-08-29,wk inc covid hosp,quantile,0.8,1308.4788033051107
48,2026-08-22,1,2026-08-29,wk inc covid hosp,quantile,0.8,672.9219834888714
49,2026-08-22,1,2026-08-29,wk inc covid hosp,quantile,0.8,72.81362879197162
50,2026-08-22,1,2026-08-29,wk inc covid hosp,quantile,0.8,353.7297963679974
51,2026-08-22,1,2026-08-29,wk inc covid hosp,quantile,0.8,540.2838538403586
53,2026-08-22,1,2026-08-29,wk inc covid hosp,quantile,0.8,157.18920649255224
54,2026-08-22,1,2026-08-29,wk inc covid hosp,quantile,0.8,403.52225873644596
55,2026-08-22,1,2026-08-29,wk inc covid hosp,quantile,0.8,253.75709654002316
56,2026-08-22,1,2026-08-29,wk inc covid hosp,quantile,0.8,158.3203185870526
72,2026-08-22,1,2026-08-29,wk inc covid hosp,quantile,0.8,11968.986402614686
US,2026-08-22,1,2026-08-29,wk inc covid hosp,quantile,0.8,3120.879883463009
01,2026-08-22,2,2026-09-05,wk inc covid hosp,quantile,0.8,216.11480245974903
02,2026-08-22,2,2026-09-05,wk inc covid hosp,quantile,0.8,224.98720921092735
04,2026-08-22,2,2026-09-05,wk inc covid hosp,quantile,0.8,402.169052043085
05,2026-08-22,2,2026-09-05,wk inc covid hosp,quantile,0.8,1858.6399806549966
06,2026-08-22,2,2026-09-05,wk inc covid hosp,quantile,0.8,923.4968202905226
08,2026-08-22,2,2026-09-05,wk inc covid hosp,quantile,0.8,376.7435951915584
09,2026-08-22,2,2026-09-05,wk inc covid hosp,quantile,0.8,283.70873615803345
10,2026-08-22,2,2026-09-05,wk inc covid hosp,quantile,0.8,97.82263246506908
11,2026-08-22,2,2026-09-05,wk inc covid hosp,quantile,0.8,2504.351933165822
12,2026-08-22,2,2026-09-05,wk inc covid hosp,quantile,0.8,1840.275856700652
13,2026-08-22,2,2026-09-05,wk inc covid hosp,quantile,0.8,423.2971853770649
15,2026-08-22,2,2026-09-05,wk inc covid hosp,quantile,0.8,141.85178212394572
16,2026-08-22,2,2026-09-05,wk inc covid hosp,quantile,0.8,485.16964968844815
17,2026-08-22,2,2026-09-05,wk inc covid hosp,quantile,0.8,539.3282121721104
18,2026-08-22,2,2026-09-05,wk inc covid hosp,quantile,0.8,423.8197746273191
19,2026-08-22,2,2026-09-05,wk inc covid hosp,quantile,0.8,218.81474290146477
20,2026-08-22,2,2026-09-05,wk inc covid hosp,quantile,0.8,404.0582721803851
21,2026-08-22,2,2026-09-05,wk inc covid hosp,quantile,0.8,444.6440648853868
22,2026-08-22,2,2026-09-05,wk inc covid hosp,quantile,0.8,257.71108979995364
23,2026-08-22,2,2026-09-05,wk inc covid hosp,quantile,0.8,356.74610165010824
24,2026-08-22,2,2026-09-05,wk inc covid hosp,quantile,0.8,487.5338764582155
25,2026-08-22,2,2026-09-05,wk inc covid hosp,quantile,0.8,963.914599845323
26,2026-08-22,2,2026-09-05,wk inc covid hosp,quantile,0.8,751.1516872849469
27,2026-08-22,2,2026-09-05,wk inc covid hosp,quantile,0.8,231.06176172114309
28,2026-08-22,2,2026-09-05,wk inc covid hosp,quantile,0.8,376.593309593176
29,2026-08-22,2,2026-09-05,wk inc covid hosp,quantile,0.8,362.7092830973762
30,2026-08-22,2,2026-09-05,wk inc covid hosp,quantile,0.8,174.36152103583353
31,2026-08-22,2,2026-09-05,wk inc covid hosp,quantile,0.8,235.76388018391452
32,2026-08-22,2,2026-09-05,wk inc covid hosp,quantile,0.8,142.08325608337205
33,2026-08-22,2,2026-09-05,wk inc covid hosp,quantile,0.8,693.7669723300272
34,2026-08-22,2,2026-09-05,wk inc covid hosp,quantile,0.8,344.1393883741356
35,2026-08-22,2,2026-09-05,wk inc covid hosp,quantile,0.8,1222.3767233919152
36,2026-08-22,2,2026-09-05,wk inc covid hosp,quantile,0.8,1547.8422900584605
37,2026-08-22,2,2026-09-05,wk inc covid hosp,quantile,0.8,361.94020222004457
38,2026-08-22,2,2026-09-05,wk inc covid hosp,quantile,0.8,791.3663584372067
39,2026-08-22,2,2026-09-05,wk inc covid hosp,quantile,0.8,537.6880594513119
40,2026-08-22,2,2026-09-05,wk inc covid hosp,quantile,0.8,381.8204319673475
41,2026-08-22,2,2026-09-05,wk inc covid hosp,quantile,0.8,616.6250408732707
42,2026-08-22,2,2026-09-05,wk inc covid hosp,quantile,0.8,592.223981022594
44,2026-08-22,2,2026-09-05,wk inc covid hosp,quantile,0.8,322.75984133367774
45,2026-08-22,2,2026-09-05,wk inc covid hosp,quantile,0.8,175.12449789569214
46,2026-08-22,2,2026-09-05,wk inc covid hosp,quantile,0.8,485.4326918804771
47,2026-08-22,2,2026-09-05,wk inc covid hosp,quantile,0.8,1558.3432164457201
48,2026-08-22,2,2026-09-05,wk inc covid hosp,quantile,0.8,773.5972643018438
49,2026-08-22,2,2026-09-05,wk inc covid hosp,quantile,0.8,86.7257166327517
50,2026-08-22,2,2026-09-05,wk inc covid hosp,quantile,0.8,451.64374745599
51,2026-08-22,2,2026-09-05,wk inc covid hosp,quantile,0.8,650.8879277155638
53,2026-08-22,2,2026-09-05,wk inc covid hosp,quantile,0.8,185.20891529333457
54,2026-08-22,2,2026-09-05,wk inc covid hosp,quantile,0.8,502.1214559810568
55,2026-08-22,2,2026-09-05,wk inc covid hosp,quantile,0.8,311.4613835108999
56,2026-08-22,2,2026-09-05,wk inc covid hosp,quantile,0.8,205.32394867759186
72,2026-08-22,2,2026-09-05,wk inc covid hosp,quantile,0.8,14146.472257704374
US,2026-08-22,2,2026-09-05,wk inc covid hosp,quantile,0.8,3764.3130962691484
01,2026-08-22,3,2026-09-12,wk inc covid hosp,quantile,0.8,240.05886576032708
02,2026-08-22,3,2026-09-12,wk inc covid hosp,quantile,0.8,263.3937795288908
04,2026-08-22,3,2026-09-12,wk inc covid hosp,quantile,0.8,462.4522470360297
05,2026-08-22,3,2026-09-12,wk inc covid hosp,quantile,0.8,2180.89347624697
06,2026-08-22,3,2026-09-12,wk inc covid hosp,quantile,0.8,1010.2362676216006
08,2026-08-22,3,2026-09-12,wk inc covid hosp,quantile,0.8,433.2362171949087
09,2026-08-22,3,2026-09-12,wk inc covid hosp,quantile,0.8,335.7634151565536
10,2026-08-22,3,2026-09-12,wk inc covid hosp,quantile,0.8,115.78672188580691
11,2026-08-22,3,2026-09-12,wk inc covid hosp,quantile,0.8,2996.0113184876864
12,2026-08-22,3,2026-09-12,wk inc covid hosp,quantile,0.8,2021.013616479539
13,2026-08-22,3,2026-09-12,wk inc covid hosp,quantile,0.8,475.825908648651
15,2026-08-22,3,2026-09-12,wk inc covid hosp,quantile,0.8,161.08981212407937
16,2026-08-22,3,2026-09-12,wk inc covid hosp,quantile,0.8,581.3507760642435
17,2026-08-22,3,2026-09-12,wk inc covid hosp,quantile,0.8,631.1944597370026
18,2026-08-22,3,2026-09-12,wk inc covid hosp,quantile,0.8,489.6153701598834
19,2026-08-22,3,2026-09-12,wk inc covid hosp,quantile,0.8,256.29645464274796
20,2026-08-22,3,2026-09-12,wk inc covid hosp,quantile,0.8,467.73814322709165
21,2026-08-22,3,2026-09-12,wk inc covid hosp,quantile,0.8,521.8440004411367
22,2026-08-22,3,2026-09-12,wk inc covid hosp,quantile,0.8,287.31926096344
23,2026-08-22,3,2026-09-12,wk inc covid hosp,quantile,0.8,420.95378740182144
24,2026-08-22,3,2026-09-12,wk inc covid hosp,quantile,0.8,561.0719207246265
25,2026-08-22,3,2026-09-12,wk inc covid hosp,quantile,0.8,1139.118393422303
26,2026-08-22,3,2026-09-12,wk inc covid hosp,quantile,0.8,909.0272084932435
27,2026-08-22,3,2026-09-12,wk inc covid hosp,quantile,0.8,269.0592708961
28,2026-08-22,3,2026-09-12,wk inc covid hosp,quantile,0.8,423.7156061069828
29,2026-08-22,3,2026-09-12,wk inc covid hosp,quantile,0.8,418.54899227619694
30,2026-08-22,3,2026-09-12,wk inc covid hosp,quantile,0.8,200.22200312449164
31,2026-08-22,3,2026-09-12,wk inc covid hosp,quantile,0.8,284.75324490367507
32,2026-08-22,3,2026-09-12,wk inc covid hosp,quantile,0.8,161.9057609535017
33,2026-08-22,3,2026-09-12,wk inc covid hosp,quantile,0.8,821.7159878206947
34,2026-08-22,3,2026-09-12,wk inc covid hosp,quantile,0.8,398.0958188969938
35,2026-08-22,3,2026-09-12,wk inc covid hosp,quantile,0.8,1403.6524094208655
36,2026-08-22,3,2026-09-12,wk inc covid hosp,quantile,0.8,1763.0417967686249
37,2026-08-22,3,2026-09-12,wk inc covid hosp,quantile,0.8,404.91275997804814
38,2026-08-22,3,2026-09-12,wk inc covid hosp,quantile,0.8,940.7590317051071
39,2026-08-22,3,2026-09-12,wk inc covid hosp,quantile,0.8,630.6861476585698
40,2026-08-22,3,2026-09-12,wk inc covid hosp,quantile,0.8,442.25909215034807
41,2026-08-22,3,2026-09-12,wk inc covid hosp,quantile,0.8,708.729366640952
42,2026-08-22,3,2026-09-12,wk inc covid hosp,quantile,0.8,693.1791957752793
44,2026-08-22,3,2026-09-12,wk inc covid hosp,quantile,0.8,388.5178014154771
45,2026-08-22,3,2026-09-12,wk inc covid hosp,quantile,0.8,200.63731338279152
46,2026-08-22,3,2026-09-12,wk inc covid hosp,quantile,0.8,577.4358602065391
47,2026-08-22,3,2026-09-12,wk inc covid hosp,quantile,0.8,1759.573502644581
48,2026-08-22,3,2026-09-12,wk inc covid hosp,quantile,0.8,859.6166915965608
49,2026-08-22,3,2026-09-12,wk inc covid hosp,quantile,0.8,99.39461880421095
50,2026-08-22,3,2026-09-12,wk inc covid hosp,quantile,0.8,554.7159944087612
51,2026-08-22,3,2026-09-12,wk inc covid hosp,quantile,0.8,746.3603800483244
53,2026-08-22,3,2026-09-12,wk inc covid hosp,quantile,0.8,209.4986425355741
54,2026-08-22,3,2026-09-12,wk inc covid hosp,quantile,0.8,605.585667342059
55,2026-08-22,3,2026-09-12,wk inc covid hosp,quantile,0.8,358.5672393359369
56,2026-08-22,3,2026-09-12,wk inc covid hosp,quantile,0.8,263.4994416473298
72,2026-08-22,3,2026-09-12,wk inc covid hosp,quantile,0.8,15903.965073781383
US,2026-08-22,3,2026-09-12,wk inc covid hosp,quantile,0.8,4459.623536457894
01,2026-08-22,0,2026-08-22,wk inc covid hosp,quantile,0.85,158.26203570679684
02,2026-08-22,0,2026-08-22,wk inc covid hosp,quantile,0.85,144.52508328291722
04,2026-08-22,0,2026-08-22,wk inc covid hosp,quantile,0.85,271.8427509850206
05,2026-08-22,0,2026-08-22,wk inc covid hosp,quantile,0.85,1220.2717675386712
06,2026-08-22,0,2026-08-22,wk inc covid hosp,quantile,0.85,692.6401126678086
08,2026-08-22,0,2026-08-22,wk inc covid hosp,quantile,0.85,248.73376386139083
09,2026-08-22,0,2026-08-22,wk inc covid hosp,quantile,0.85,182.06404906333938
10,2026-08-22,0,2026-08-22,wk inc covid hosp,quantile,0.85,61.26297730762783
11,2026-08-22,0,2026-08-22,wk inc covid hosp,quantile,0.85,1558.8613543387498
12,2026-08-22,0,2026-08-22,wk inc covid hosp,quantile,0.85,1370.7767033592006
13,2026-08-22,0,2026-08-22,wk inc covid hosp,quantile,0.85,300.6414570203018
15,2026-08-22,0,2026-08-22,wk inc covid hosp,quantile,0.85,99.38022338423809
16,2026-08-22,0,2026-08-22,wk inc covid hosp,quantile,0.85,314.2149177703635
17,2026-08-22,0,2026-08-22,wk inc covid hosp,quantile,0.85,350.04877178180686
18,2026-08-22,0,2026-08-22,wk inc covid hosp,quantile,0.85,275.78663353232247
19,2026-08-22,0,2026-08-22,wk inc covid hosp,quantile,0.85,142.09726941448824
20,2026-08-22,0,2026-08-22,wk inc covid hosp,quantile,0.85,266.77774938080927
21,2026-08-22,0,2026-08-22,wk inc covid hosp,quantile,0.85,289.6414259259304
22,2026-08-22,0,2026-08-22,wk inc covid hosp,quantile,0.85,194.97117154407337
23,2026-08-22,0,2026-08-22,wk inc covid hosp,quantile,0.85,224.26879004059106
24,2026-08-22,0,2026-08-22,wk inc covid hosp,quantile,0.85,319.788254663809
25,2026-08-22,0,2026-08-22,wk inc covid hosp,quantile,0.85,625.7664685830317
26,2026-08-22,0,2026-08-22,wk inc covid hosp,quantile,0.85,465.40923218636357
27,2026-08-22,0,2026-08-22,wk inc covid hosp,quantile,0.85,151.28549780494836
28,2026-08-22,0,2026-08-22,wk inc covid hosp,quantile,0.85,275.4814374095571
29,2026-08-22,0,2026-08-22,wk inc covid hosp,quantile,0.85,235.98744007017925
30,2026-08-22,0,2026-08-22,wk inc covid hosp,quantile,0.85,110.98371242326293
31,2026-08-22,0,2026-08-22,wk inc covid hosp,quantile,0.85,149.51986171739563
32,2026-08-22,0,2026-08-22,wk inc covid hosp,quantile,0.85,101.65704878298396
33,2026-08-22,0,2026-08-22,wk inc covid hosp,quantile,0.85,437.8743708162649
34,2026-08-22,0,2026-08-22,wk inc covid hosp,quantile,0.85,226.35696445985764
35,2026-08-22,0,2026-08-22,wk inc covid hosp,quantile,0.85,824.7773821384162
36,2026-08-22,0,2026-08-22,wk inc covid hosp,quantile,0.85,1064.8939604828515
37,2026-08-22,0,2026-08-22,wk inc covid hosp,quantile,0.85,258.74229467006205
38,2026-08-22,0,2026-08-22,wk inc covid hosp,quantile,0.85,486.6821888800477
39,2026-08-22,0,2026-08-22,wk inc covid hosp,quantile,0.85,355.39270123353407
40,2026-08-22,0,2026-08-22,wk inc covid hosp,quantile,0.85,252.7858666843984
41,2026-08-22,0,2026-08-22,wk inc covid hosp,quantile,0.85,419.5059356670808
42,2026-08-22,0,2026-08-22,wk inc covid hosp,quantile,0.85,377.22741143769014
44,2026-08-22,0,2026-08-22,wk inc covid hosp,quantile,0.85,213.51971002849157
45,2026-08-22,0,2026-08-22,wk inc covid hosp,quantile,0.85,119.81782537312458
46,2026-08-22,0,2026-08-22,wk inc covid hosp,quantile,0.85,289.15613436667496
47,2026-08-22,0,2026-08-22,wk inc covid hosp,quantile,0.85,1081.9808409945447
48,2026-08-22,0,2026-08-22,wk inc covid hosp,quantile,0.85,577.4940422100341
49,2026-08-22,0,2026-08-22,wk inc covid hosp,quantile,0.85,59.99661965322345
50,2026-08-22,0,2026-08-22,wk inc covid hosp,quantile,0.85,275.69231128216603
51,2026-08-22,0,2026-08-22,wk inc covid hosp,quantile,0.85,430.0502700184219
53,2026-08-22,0,2026-08-22,wk inc covid hosp,quantile,0.85,129.92244775357025
54,2026-08-22,0,2026-08-22,wk inc covid hosp,quantile,0.85,315.78489886693046
55,2026-08-22,0,2026-08-22,wk inc covid hosp,quantile,0.85,199.6127184537441
56,2026-08-22,0,2026-08-22,wk inc covid hosp,quantile,0.85,120.32164858693575
72,2026-08-22,0,2026-08-22,wk inc covid hosp,quantile,0.85,10341.173800503157
US,2026-08-22,0,2026-08-22,wk inc covid hosp,quantile,0.85,2663.830371780125
01,2026-08-22,1,2026-08-29,wk inc covid hosp,quantile,0.85,195.21527000252232
02,2026-08-22,1,2026-08-29,wk inc covid hosp,quantile,0.85,200.50007455176868
04,2026-08-22,1,2026-08-29,wk inc covid hosp,quantile,0.85,350.69410142756857
05,2026-08-22,1,2026-08-29,wk inc covid hosp,quantile,0.85,1593.5245130516425
06,2026-08-22,1,2026-08-29,wk inc covid hosp,quantile,0.85,834.4884600264539
08,2026-08-22,1,2026-08-29,wk inc covid hosp,quantile,0.85,330.65685027911854
09,2026-08-22,1,2026-08-29,wk inc covid hosp,quantile,0.85,245.4338644343255
10,2026-08-22,1,2026-08-29,wk inc covid hosp,quantile,0.85,83.794256032163
11,2026-08-22,1,2026-08-29,wk inc covid hosp,quantile,0.85,2140.022229896845
12,2026-08-22,1,2026-08-29,wk inc covid hosp,quantile,0.85,1684.6561994008216
13,2026-08-22,1,2026-08-29,wk inc covid hosp,quantile,0.85,377.23726132530226
15,2026-08-22,1,2026-08-29,wk inc covid hosp,quantile,0.85,129.08506949862695
16,2026-08-22,1,2026-08-29,wk inc covid hosp,quantile,0.85,421.2115607596861
17,2026-08-22,1,2026-08-29,wk inc covid hosp,quantile,0.85,458.2297310850385
18,2026-08-22,1,2026-08-29,wk inc covid hosp,quantile,0.85,367.3571841154637
19,2026-08-22,1,2026-08-29,wk inc covid hosp,quantile,0.85,189.42553550958542
20,2026-08-22,1,2026-08-29,wk inc covid hosp,quantile,0.85,354.6375113175644
21,2026-08-22,1,2026-08-29,wk inc covid hosp,quantile,0.85,388.85332774792835
22,2026-08-22,1,2026-08-29,wk inc covid hosp,quantile,0.85,243.3044838614462
23,2026-08-22,1,2026-08-29,wk inc covid hosp,quantile,0.85,302.86628902358086
24,2026-08-22,1,2026-08-29,wk inc covid hosp,quantile,0.85,424.83011518359996
25,2026-08-22,1,2026-08-29,wk inc covid hosp,quantile,0.85,828.2642196033056
26,2026-08-22,1,2026-08-29,wk inc covid hosp,quantile,0.85,645.9737618625644
27,2026-08-22,1,2026-08-29,wk inc covid hosp,quantile,0.85,199.3620704655057
28,2026-08-22,1,2026-08-29,wk inc covid hosp,quantile,0.85,343.38213749121763
29,2026-08-22,1,2026-08-29,wk inc covid hosp,quantile,0.85,314.57304860586936
30,2026-08-22,1,2026-08-29,wk inc covid hosp,quantile,0.85,148.06431138407694
31,2026-08-22,1,2026-08-29,wk inc covid hosp,quantile,0.85,202.2285245492673
32,2026-08-22,1,2026-08-29,wk inc covid hosp,quantile,0.85,128.04574551828182
33,2026-08-22,1,2026-08-29,wk inc covid hosp,quantile,0.85,607.3012496550333
34,2026-08-22,1,2026-08-29,wk inc covid hosp,quantile,0.85,299.24377179649593
35,2026-08-22,1,2026-08-29,wk inc covid hosp,quantile,0.85,1082.6444803959996
36,2026-08-22,1,2026-08-29,wk inc covid hosp,quantile,0.85,1373.0967485508988
37,2026-08-22,1,2026-08-29,wk inc covid hosp,quantile,0.85,321.2416427417431
38,2026-08-22,1,2026-08-29,wk inc covid hosp,quantile,0.85,685.2915155389671
39,2026-08-22,1,2026-08-29,wk inc covid hosp,quantile,0.85,470.65438880247495
40,2026-08-22,1,2026-08-29,wk inc covid hosp,quantile,0.85,331.3365835370636
41,2026-08-22,1,2026-08-29,wk inc covid hosp,quantile,0.85,539.3333126653187
42,2026-08-22,1,2026-08-29,wk inc covid hosp,quantile,0.85,512.2274350420299
44,2026-08-22,1,2026-08-29,wk inc covid hosp,quantile,0.85,282.3620914703349
45,2026-08-22,1,2026-08-29,wk inc covid hosp,quantile,0.85,151.99945484897512
46,2026-08-22,1,2026-08-29,wk inc covid hosp,quantile,0.85,411.528185238521
47,2026-08-22,1,2026-08-29,wk inc covid hosp,quantile,0.85,1370.5420643409666
48,2026-08-22,1,2026-08-29,wk inc covid hosp,quantile,0.85,705.2843756469256
49,2026-08-22,1,2026-08-29,wk inc covid hosp,quantile,0.85,77.14148717196211
50,2026-08-22,1,2026-08-29,wk inc covid hosp,quantile,0.85,383.79968923607953
51,2026-08-22,1,2026-08-29,wk inc covid hosp,quantile,0.85,563.512611101595
53,2026-08-22,1,2026-08-29,wk inc covid hosp,quantile,0.85,163.42626494007902
54,2026-08-22,1,2026-08-29,wk inc covid hosp,quantile,0.85,426.9178428510991
55,2026-08-22,1,2026-08-29,wk inc covid hosp,quantile,0.85,266.6220612774621
56,2026-08-22,1,2026-08-29,wk inc covid hosp,quantile,0.85,181.59882449037428
72,2026-08-22,1,2026-08-29,wk inc covid hosp,quantile,0.85,12834.55550892433
US,2026-08-22,1,2026-08-29,wk inc covid hosp,quantile,0.85,3264.647315265082
01,2026-08-22,2,2026-09-05,wk inc covid hosp,quantile,0.85,226.69730806943585
02,2026-08-22,2,2026-09-05,wk inc covid hosp,quantile,0.85,251.28463793616936
04,2026-08-22,2,2026-09-05,wk inc covid hosp,quantile,0.85,424.70012176805005
05,2026-08-22,2,2026-09-05,wk inc covid hosp,quantile,0.85,1978.4641875943541
06,2026-08-22,2,2026-09-05,wk inc covid hosp,quantile,0.85,957.5563561838413
08,2026-08-22,2,2026-09-05,wk inc covid hosp,quantile,0.85,396.6629749184523
09,2026-08-22,2,2026-09-05,wk inc covid hosp,quantile,0.85,309.5860908196538
10,2026-08-22,2,2026-09-05,wk inc covid hosp,quantile,0.85,105.82724272611681
11,2026-08-22,2,2026-09-05,wk inc covid hosp,quantile,0.85,2755.8938701654015
12,2026-08-22,2,2026-09-05,wk inc covid hosp,quantile,0.85,1961.9627064858003
13,2026-08-22,2,2026-09-05,wk inc covid hosp,quantile,0.85,443.01644848417976
15,2026-08-22,2,2026-09-05,wk inc covid hosp,quantile,0.85,152.68133487039324
16,2026-08-22,2,2026-09-05,wk inc covid hosp,quantile,0.85,528.2127067581231
17,2026-08-22,2,2026-09-05,wk inc covid hosp,quantile,0.85,564.1457474227268
18,2026-08-22,2,2026-09-05,wk inc covid hosp,quantile,0.85,443.6356266149271
19,2026-08-22,2,2026-09-05,wk inc covid hosp,quantile,0.85,233.14766963925976
20,2026-08-22,2,2026-09-05,wk inc covid hosp,quantile,0.85,432.8923070242938
21,2026-08-22,2,2026-09-05,wk inc covid hosp,quantile,0.85,475.9741707214139
22,2026-08-22,2,2026-09-05,wk inc covid hosp,quantile,0.85,272.7590911014852
23,2026-08-22,2,2026-09-05,wk inc covid hosp,quantile,0.85,381.6609688540079
24,2026-08-22,2,2026-09-05,wk inc covid hosp,quantile,0.85,516.999071972552
25,2026-08-22,2,2026-09-05,wk inc covid hosp,quantile,0.85,1027.2555711109428
26,2026-08-22,2,2026-09-05,wk inc covid hosp,quantile,0.85,800.4413159451711
27,2026-08-22,2,2026-09-05,wk inc covid hosp,quantile,0.85,243.37397721058127
28,2026-08-22,2,2026-09-05,wk inc covid hosp,quantile,0.85,404.56722024029403
29,2026-08-22,2,2026-09-05,wk inc covid hosp,quantile,0.85,380.68872815337556
30,2026-08-22,2,2026-09-05,wk inc covid hosp,quantile,0.85,187.96825704442904
31,2026-08-22,2,2026-09-05,wk inc covid hosp,quantile,0.85,257.98464350919346
32,2026-08-22,2,2026-09-05,wk inc covid hosp,quantile,0.85,150.14143885180832
33,2026-08-22,2,2026-09-05,wk inc covid hosp,quantile,0.85,746.9704051723976
34,2026-08-22,2,2026-09-05,wk inc covid hosp,quantile,0.85,370.55761291232096
35,2026-08-22,2,2026-09-05,wk inc covid hosp,quantile,0.85,1311.3893846973674
36,2026-08-22,2,2026-09-05,wk inc covid hosp,quantile,0.85,1628.4339620114229
37,2026-08-22,2,2026-09-05,wk inc covid hosp,quantile,0.85,385.6124280614952
38,2026-08-22,2,2026-09-05,wk inc covid hosp,quantile,0.85,861.1280814843573
39,2026-08-22,2,2026-09-05,wk inc covid hosp,quantile,0.85,576.3879899575827
40,2026-08-22,2,2026-09-05,wk inc covid hosp,quantile,0.85,404.4602558307053
41,2026-08-22,2,2026-09-05,wk inc covid hosp,quantile,0.85,657.1306201078389
42,2026-08-22,2,2026-09-05,wk inc covid hosp,quantile,0.85,632.8985140498895
44,2026-08-22,2,2026-09-05,wk inc covid hosp,quantile,0.85,356.0137535745142
45,2026-08-22,2,2026-09-05,wk inc covid hosp,quantile,0.85,185.35822044486548
46,2026-08-22,2,2026-09-05,wk inc covid hosp,quantile,0.85,535.6896914818665
47,2026-08-22,2,2026-09-05,wk inc covid hosp,quantile,0.85,1651.429078813914
48,2026-08-22,2,2026-09-05,wk inc covid hosp,quantile,0.85,817.3719649970601
49,2026-08-22,2,2026-09-05,wk inc covid hosp,quantile,0.85,93.87999281541815
50,2026-08-22,2,2026-09-05,wk inc covid hosp,quantile,0.85,512.2757178875247
51,2026-08-22,2,2026-09-05,wk inc covid hosp,quantile,0.85,685.6559046705793
53,2026-08-22,2,2026-09-05,wk inc covid hosp,quantile,0.85,194.82229867755018
54,2026-08-22,2,2026-09-05,wk inc covid hosp,quantile,0.85,543.1382481597706
55,2026-08-22,2,2026-09-05,wk inc covid hosp,quantile,0.85,329.51333674318374
56,2026-08-22,2,2026-09-05,wk inc covid hosp,quantile,0.85,234.72746290343193
72,2026-08-22,2,2026-09-05,wk inc covid hosp,quantile,0.85,15438.732542228692
US,2026-08-22,2,2026-09-05,wk inc covid hosp,quantile,0.85,3975.0090121405638
01,2026-08-22,3,2026-09-12,wk inc covid hosp,quantile,0.85,254.05589151419122
02,2026-08-22,3,2026-09-12,wk inc covid hosp,quantile,0.85,298.10091921636024
04,2026-08-22,3,2026-09-12,wk inc covid hosp,quantile,0.85,491.8356452221411
05,2026-08-22,3,2026-09-12,wk inc covid hosp,quantile,0.85,2373.9265894246564
06,2026-08-22,3,2026-09-12,wk inc covid hosp,quantile,0.85,1057.1322424933162
08,2026-08-22,3,2026-09-12,wk inc covid hosp,quantile,0.85,461.7990574057309
09,2026-08-22,3,2026-09-12,wk inc covid hosp,quantile,0.85,360.7049292300103
10,2026-08-22,3,2026-09-12,wk inc covid hosp,quantile,0.85,125.92706791534593
11,2026-08-22,3,2026-09-12,wk inc covid hosp,quantile,0.85,3284.6103564047085
12,2026-08-22,3,2026-09-12,wk inc covid hosp,quantile,0.85,2216.2107809319796
13,2026-08-22,3,2026-09-12,wk inc covid hosp,quantile,0.85,496.74212335312956
15,2026-08-22,3,2026-09-12,wk inc covid hosp,quantile,0.85,173.53992157441743
16,2026-08-22,3,2026-09-12,wk inc covid hosp,quantile,0.85,644.8704833453583
17,2026-08-22,3,2026-09-12,wk inc covid hosp,quantile,0.85,663.6347133871649
18,2026-08-22,3,2026-09-12,wk inc covid hosp,quantile,0.85,522.1463428986975
19,2026-08-22,3,2026-09-12,wk inc covid hosp,quantile,0.85,276.6226064502138
20,2026-08-22,3,2026-09-12,wk inc covid hosp,quantile,0.85,515.7255471679113
21,2026-08-22,3,2026-09-12,wk inc covid hosp,quantile,0.85,564.9905601070404
22,2026-08-22,3,2026-09-12,wk inc covid hosp,quantile,0.85,309.7998194967416
23,2026-08-22,3,2026-09-12,wk inc covid hosp,quantile,0.85,458.84679360602365
24,2026-08-22,3,2026-09-12,wk inc covid hosp,quantile,0.85,596.0433525579413
25,2026-08-22,3,2026-09-12,wk inc covid hosp,quantile,0.85,1212.3758109846563
26,2026-08-22,3,2026-09-12,wk inc covid hosp,quantile,0.85,975.170961582438
27,2026-08-22,3,2026-09-12,wk inc covid hosp,quantile,0.85,287.10632924384134
28,2026-08-22,3,2026-09-12,wk inc covid hosp,quantile,0.85,461.97448525003887
29,2026-08-22,3,2026-09-12,wk inc covid hosp,quantile,0.85,445.3099080357606
30,2026-08-22,3,2026-09-12,wk inc covid hosp,quantile,0.85,226.2140614058274
31,2026-08-22,3,2026-09-12,wk inc covid hosp,quantile,0.85,315.52241127157697
32,2026-08-22,3,2026-09-12,wk inc covid hosp,quantile,0.85,172.17630873865858
33,2026-08-22,3,2026-09-12,wk inc covid hosp,quantile,0.85,900.8682269178331
34,2026-08-22,3,2026-09-12,wk inc covid hosp,quantile,0.85,430.2039177042085
35,2026-08-22,3,2026-09-12,wk inc covid hosp,quantile,0.85,1532.1964660083775
36,2026-08-22,3,2026-09-12,wk inc covid hosp,quantile,0.85,1868.698259796952
37,2026-08-22,3,2026-09-12,wk inc covid hosp,quantile,0.85,430.39799217886076
38,2026-08-22,3,2026-09-12,wk inc covid hosp,quantile,0.85,1037.0635042430154
39,2026-08-22,3,2026-09-12,wk inc covid hosp,quantile,0.85,672.1912910999383
40,2026-08-22,3,2026-09-12,wk inc covid hosp,quantile,0.85,473.5250208111479
41,2026-08-22,3,2026-09-12,wk inc covid hosp,quantile,0.85,764.1059187078453
42,2026-08-22,3,2026-09-12,wk inc covid hosp,quantile,0.85,749.359888124494
44,2026-08-22,3,2026-09-12,wk inc covid hosp,quantile,0.85,437.09589637236354
45,2026-08-22,3,2026-09-12,wk inc covid hosp,quantile,0.85,215.3387152613257
46,2026-08-22,3,2026-09-12,wk inc covid hosp,quantile,0.85,652.9539009441364
47,2026-08-22,3,2026-09-12,wk inc covid hosp,quantile,0.85,1893.7666661643204
48,2026-08-22,3,2026-09-12,wk inc covid hosp,quantile,0.85,913.8208215067008
49,2026-08-22,3,2026-09-12,wk inc covid hosp,quantile,0.85,107.98018947966048
50,2026-08-22,3,2026-09-12,wk inc covid hosp,quantile,0.85,630.8377263072539
51,2026-08-22,3,2026-09-12,wk inc covid hosp,quantile,0.85,786.8254764839022
53,2026-08-22,3,2026-09-12,wk inc covid hosp,quantile,0.85,220.80489666326466
54,2026-08-22,3,2026-09-12,wk inc covid hosp,quantile,0.85,652.5020327540151
55,2026-08-22,3,2026-09-12,wk inc covid hosp,quantile,0.85,385.3645506065953
56,2026-08-22,3,2026-09-12,wk inc covid hosp,quantile,0.85,296.81694959226365
72,2026-08-22,3,2026-09-12,wk inc covid hosp,quantile,0.85,17653.26603241646
US,2026-08-22,3,2026-09-12,wk inc covid hosp,quantile,0.85,4727.774825331238
01,2026-08-22,0,2026-08-22,wk inc covid hosp,quantile,0.9,165.34925971790364
02,2026-08-22,0,2026-08-22,wk inc covid hosp,quantile,0.9,156.6323445274186
04,2026-08-22,0,2026-08-22,wk inc covid hosp,quantile,0.9,283.67838384510424
05,2026-08-22,0,2026-08-22,wk inc covid hosp,quantile,0.9,1275.9140481451595
06,2026-08-22,0,2026-08-22,wk inc covid hosp,quantile,0.9,715.0678922720887
08,2026-08-22,0,2026-08-22,wk inc covid hosp,quantile,0.9,259.3451540977595
09,2026-08-22,0,2026-08-22,wk inc covid hosp,quantile,0.9,192.40406150450647
10,2026-08-22,0,2026-08-22,wk inc covid hosp,quantile,0.9,64.8049690740539
11,2026-08-22,0,2026-08-22,wk inc covid hosp,quantile,0.9,1655.6910625343746
12,2026-08-22,0,2026-08-22,wk inc covid hosp,quantile,0.9,1443.853856700914
13,2026-08-22,0,2026-08-22,wk inc covid hosp,quantile,0.9,310.4355828967028
15,2026-08-22,0,2026-08-22,wk inc covid hosp,quantile,0.9,105.76284676157654
16,2026-08-22,0,2026-08-22,wk inc covid hosp,quantile,0.9,336.3693436230259
17,2026-08-22,0,2026-08-22,wk inc covid hosp,quantile,0.9,364.41663876981045
18,2026-08-22,0,2026-08-22,wk inc covid hosp,quantile,0.9,286.88486300299905
19,2026-08-22,0,2026-08-22,wk inc covid hosp,quantile,0.9,149.58626694985938
20,2026-08-22,0,2026-08-22,wk inc covid hosp,quantile,0.9,280.9102039517665
21,2026-08-22,0,2026-08-22,wk inc covid hosp,quantile,0.9,303.90578847153904
22,2026-08-22,0,2026-08-22,wk inc covid hosp,quantile,0.9,204.0861822783655
23,2026-08-22,0,2026-08-22,wk inc covid hosp,quantile,0.9,237.855428242614
24,2026-08-22,0,2026-08-22,wk inc covid hosp,quantile,0.9,332.63313795675407
25,2026-08-22,0,2026-08-22,wk inc covid hosp,quantile,0.9,650.1659497596411
26,2026-08-22,0,2026-08-22,wk inc covid hosp,quantile,0.9,487.7597402209085
27,2026-08-22,0,2026-08-22,wk inc covid hosp,quantile,0.9,156.87539768063817
28,2026-08-22,0,2026-08-22,wk inc covid hosp,quantile,0.9,291.1417018104564
29,2026-08-22,0,2026-08-22,wk inc covid hosp,quantile,0.9,245.36214536625786
30,2026-08-22,0,2026-08-22,wk inc covid hosp,quantile,0.9,119.789648786535
31,2026-08-22,0,2026-08-22,wk inc covid hosp,quantile,0.9,157.0258206214761
32,2026-08-22,0,2026-08-22,wk inc covid hosp,quantile,0.9,106.48243292160413
33,2026-08-22,0,2026-08-22,wk inc covid hosp,quantile,0.9,473.4705826280604
34,2026-08-22,0,2026-08-22,wk inc covid hosp,quantile,0.9,240.68344139251246
35,2026-08-22,0,2026-08-22,wk inc covid hosp,quantile,0.9,871.2966264797294
36,2026-08-22,0,2026-08-22,wk inc covid hosp,quantile,0.9,1101.6714438096244
37,2026-08-22,0,2026-08-22,wk inc covid hosp,quantile,0.9,269.04085789444224
38,2026-08-22,0,2026-08-22,wk inc covid hosp,quantile,0.9,528.6149709794663
39,2026-08-22,0,2026-08-22,wk inc covid hosp,quantile,0.9,371.4668484208573
40,2026-08-22,0,2026-08-22,wk inc covid hosp,quantile,0.9,265.80379315926695
41,2026-08-22,0,2026-08-22,wk inc covid hosp,quantile,0.9,441.86807904508504
42,2026-08-22,0,2026-08-22,wk inc covid hosp,quantile,0.9,397.6978629346586
44,2026-08-22,0,2026-08-22,wk inc covid hosp,quantile,0.9,227.45170479536478
45,2026-08-22,0,2026-08-22,wk inc covid hosp,quantile,0.9,125.31090401897528
46,2026-08-22,0,2026-08-22,wk inc covid hosp,quantile,0.9,315.44361349566486
47,2026-08-22,0,2026-08-22,wk inc covid hosp,quantile,0.9,1128.5473336134205
48,2026-08-22,0,2026-08-22,wk inc covid hosp,quantile,0.9,602.615611360484
49,2026-08-22,0,2026-08-22,wk inc covid hosp,quantile,0.9,63.36154145247827
50,2026-08-22,0,2026-08-22,wk inc covid hosp,quantile,0.9,301.68976595713576
51,2026-08-22,0,2026-08-22,wk inc covid hosp,quantile,0.9,447.1473641988304
53,2026-08-22,0,2026-08-22,wk inc covid hosp,quantile,0.9,136.37291231399954
54,2026-08-22,0,2026-08-22,wk inc covid hosp,quantile,0.9,333.74782770491623
55,2026-08-22,0,2026-08-22,wk inc covid hosp,quantile,0.9,209.86892850689102
56,2026-08-22,0,2026-08-22,wk inc covid hosp,quantile,0.9,136.52164707498542
72,2026-08-22,0,2026-08-22,wk inc covid hosp,quantile,0.9,11025.148164779928
US,2026-08-22,0,2026-08-22,wk inc covid hosp,quantile,0.9,2786.9106876229434
01,2026-08-22,1,2026-08-29,wk inc covid hosp,quantile,0.9,205.0558308265172
02,2026-08-22,1,2026-08-29,wk inc covid hosp,quantile,0.9,228.41852472277068
04,2026-08-22,1,2026-08-29,wk inc covid hosp,quantile,0.9,373.5574906777864
05,2026-08-22,1,2026-08-29,wk inc covid hosp,quantile,0.9,1715.04415739896
06,2026-08-22,1,2026-08-29,wk inc covid hosp,quantile,0.9,869.8230638853937
08,2026-08-22,1,2026-08-29,wk inc covid hosp,quantile,0.9,347.03916506088854
09,2026-08-22,1,2026-08-29,wk inc covid hosp,quantile,0.9,267.29301335248306
10,2026-08-22,1,2026-08-29,wk inc covid hosp,quantile,0.9,89.57474978817643
11,2026-08-22,1,2026-08-29,wk inc covid hosp,quantile,0.9,2326.23108531385
12,2026-08-22,1,2026-08-29,wk inc covid hosp,quantile,0.9,1829.3649440334866
13,2026-08-22,1,2026-08-29,wk inc covid hosp,quantile,0.9,397.9726932133081
15,2026-08-22,1,2026-08-29,wk inc covid hosp,quantile,0.9,138.5871922546263
16,2026-08-22,1,2026-08-29,wk inc covid hosp,quantile,0.9,455.68871735998175
17,2026-08-22,1,2026-08-29,wk inc covid hosp,quantile,0.9,482.68811279021037
18,2026-08-22,1,2026-08-29,wk inc covid hosp,quantile,0.9,387.6364630420867
19,2026-08-22,1,2026-08-29,wk inc covid hosp,quantile,0.9,206.01652990679935
20,2026-08-22,1,2026-08-29,wk inc covid hosp,quantile,0.9,378.8818030111724
21,2026-08-22,1,2026-08-29,wk inc covid hosp,quantile,0.9,414.1502589987978
22,2026-08-22,1,2026-08-29,wk inc covid hosp,quantile,0.9,258.7479695430994
23,2026-08-22,1,2026-08-29,wk inc covid hosp,quantile,0.9,325.8291271655791
24,2026-08-22,1,2026-08-29,wk inc covid hosp,quantile,0.9,452.1872327322963
25,2026-08-22,1,2026-08-29,wk inc covid hosp,quantile,0.9,883.5267619793324
26,2026-08-22,1,2026-08-29,wk inc covid hosp,quantile,0.9,686.4801242383252
27,2026-08-22,1,2026-08-29,wk inc covid hosp,quantile,0.9,210.50114684934059
28,2026-08-22,1,2026-08-29,wk inc covid hosp,quantile,0.9,365.1680308605823
29,2026-08-22,1,2026-08-29,wk inc covid hosp,quantile,0.9,333.66472618476996
30,2026-08-22,1,2026-08-29,wk inc covid hosp,quantile,0.9,163.48394649928198
31,2026-08-22,1,2026-08-29,wk inc covid hosp,quantile,0.9,219.7736533996629
32,2026-08-22,1,2026-08-29,wk inc covid hosp,quantile,0.9,135.8801510126558
33,2026-08-22,1,2026-08-29,wk inc covid hosp,quantile,0.9,659.1763739477622
34,2026-08-22,1,2026-08-29,wk inc covid hosp,quantile,0.9,323.50626631334484
35,2026-08-22,1,2026-08-29,wk inc covid hosp,quantile,0.9,1160.5653615145611
36,2026-08-22,1,2026-08-29,wk inc covid hosp,quantile,0.9,1440.738633561204
37,2026-08-22,1,2026-08-29,wk inc covid hosp,quantile,0.9,341.0853512780359
38,2026-08-22,1,2026-08-29,wk inc covid hosp,quantile,0.9,753.5755552880003
39,2026-08-22,1,2026-08-29,wk inc covid hosp,quantile,0.9,500.06827683482675
40,2026-08-22,1,2026-08-29,wk inc covid hosp,quantile,0.9,353.8881561228223
41,2026-08-22,1,2026-08-29,wk inc covid hosp,quantile,0.9,571.2177848778055
42,2026-08-22,1,2026-08-29,wk inc covid hosp,quantile,0.9,548.5418947084362
44,2026-08-22,1,2026-08-29,wk inc covid hosp,quantile,0.9,309.5686835495906
45,2026-08-22,1,2026-08-29,wk inc covid hosp,quantile,0.9,161.16342632739256
46,2026-08-22,1,2026-08-29,wk inc covid hosp,quantile,0.9,461.5894160757246
47,2026-08-22,1,2026-08-29,wk inc covid hosp,quantile,0.9,1446.4016854866736
48,2026-08-22,1,2026-08-29,wk inc covid hosp,quantile,0.9,749.721583339967
49,2026-08-22,1,2026-08-29,wk inc covid hosp,quantile,0.9,82.7389341312891
50,2026-08-22,1,2026-08-29,wk inc covid hosp,quantile,0.9,435.23903496348856
51,2026-08-22,1,2026-08-29,wk inc covid hosp,quantile,0.9,598.6220407013482
53,2026-08-22,1,2026-08-29,wk inc covid hosp,quantile,0.9,172.3273491773693
54,2026-08-22,1,2026-08-29,wk inc covid hosp,quantile,0.9,465.33831647489933
55,2026-08-22,1,2026-08-29,wk inc covid hosp,quantile,0.9,282.15784772577985
56,2026-08-22,1,2026-08-29,wk inc covid hosp,quantile,0.9,206.76430528919173
72,2026-08-22,1,2026-08-29,wk inc covid hosp,quantile,0.9,14178.005927211798
US,2026-08-22,1,2026-08-29,wk inc covid hosp,quantile,0.9,3486.5242282842482
01,2026-08-22,2,2026-09-05,wk inc covid hosp,quantile,0.9,241.71476800663513
02,2026-08-22,2,2026-09-05,wk inc covid hosp,quantile,0.9,289.33354506129626
04,2026-08-22,2,2026-09-05,wk inc covid hosp,quantile,0.9,453.89431866910013
05,2026-08-22,2,2026-09-05,wk inc covid hosp,quantile,0.9,2189.63140098074
06,2026-08-22,2,2026-09-05,wk inc covid hosp,quantile,0.9,1005.2218967351447
08,2026-08-22,2,2026-09-05,wk inc covid hosp,quantile,0.9,420.71472809096366
09,2026-08-22,2,2026-09-05,wk inc covid hosp,quantile,0.9,334.53952782933237
10,2026-08-22,2,2026-09-05,wk inc covid hosp,quantile,0.9,115.40778464371567
11,2026-08-22,2,2026-09-05,wk inc covid hosp,quantile,0.9,3053.78576010601
12,2026-08-22,2,2026-09-05,wk inc covid hosp,quantile,0.9,2148.42517719883
13,2026-08-22,2,2026-09-05,wk inc covid hosp,quantile,0.9,472.0851996164403
15,2026-08-22,2,2026-09-05,wk inc covid hosp,quantile,0.9,166.82129977370866
16,2026-08-22,2,2026-09-05,wk inc covid hosp,quantile,0.9,586.7300761369696
17,2026-08-22,2,2026-09-05,wk inc covid hosp,quantile,0.9,596.0770513492695
18,2026-08-22,2,2026-09-05,wk inc covid hosp,quantile,0.9,471.96287919230366
19,2026-08-22,2,2026-09-05,wk inc covid hosp,quantile,0.9,252.18522678280144
20,2026-08-22,2,2026-09-05,wk inc covid hosp,quantile,0.9,474.4112390856936
21,2026-08-22,2,2026-09-05,wk inc covid hosp,quantile,0.9,516.1807359545179
22,2026-08-22,2,2026-09-05,wk inc covid hosp,quantile,0.9,291.51296470101283
23,2026-08-22,2,2026-09-05,wk inc covid hosp,quantile,0.9,421.92465684902555
24,2026-08-22,2,2026-09-05,wk inc covid hosp,quantile,0.9,556.806162696788
25,2026-08-22,2,2026-09-05,wk inc covid hosp,quantile,0.9,1087.816621326932
26,2026-08-22,2,2026-09-05,wk inc covid hosp,quantile,0.9,869.6428840162894
27,2026-08-22,2,2026-09-05,wk inc covid hosp,quantile,0.9,260.11660361944706
28,2026-08-22,2,2026-09-05,wk inc covid hosp,quantile,0.9,438.59620567194474
29,2026-08-22,2,2026-09-05,wk inc covid hosp,quantile,0.9,404.0796871958337
30,2026-08-22,2,2026-09-05,wk inc covid hosp,quantile,0.9,213.64993663030074
31,2026-08-22,2,2026-09-05,wk inc covid hosp,quantile,0.9,285.9423223952624
32,2026-08-22,2,2026-09-05,wk inc covid hosp,quantile,0.9,161.60132161296602
33,2026-08-22,2,2026-09-05,wk inc covid hosp,quantile,0.9,824.6151133845993
34,2026-08-22,2,2026-09-05,wk inc covid hosp,quantile,0.9,403.2744934093081
35,2026-08-22,2,2026-09-05,wk inc covid hosp,quantile,0.9,1431.2183861528513
36,2026-08-22,2,2026-09-05,wk inc covid hosp,quantile,0.9,1726.0425211654174
37,2026-08-22,2,2026-09-05,wk inc covid hosp,quantile,0.9,407.64637180292823
38,2026-08-22,2,2026-09-05,wk inc covid hosp,quantile,0.9,963.0382739470544
39,2026-08-22,2,2026-09-05,wk inc covid hosp,quantile,0.9,616.8086963478507
40,2026-08-22,2,2026-09-05,wk inc covid hosp,quantile,0.9,439.7036545154431
41,2026-08-22,2,2026-09-05,wk inc covid hosp,quantile,0.9,705.7362019777091
42,2026-08-22,2,2026-09-05,wk inc covid hosp,quantile,0.9,684.8046177550646
44,2026-08-22,2,2026-09-05,wk inc covid hosp,quantile,0.9,407.2118194233803
45,2026-08-22,2,2026-09-05,wk inc covid hosp,quantile,0.9,199.15557116409857
46,2026-08-22,2,2026-09-05,wk inc covid hosp,quantile,0.9,610.872841966333
47,2026-08-22,2,2026-09-05,wk inc covid hosp,quantile,0.9,1798.8938871821076
48,2026-08-22,2,2026-09-05,wk inc covid hosp,quantile,0.9,875.0999136542005
49,2026-08-22,2,2026-09-05,wk inc covid hosp,quantile,0.9,102.02032442427972
50,2026-08-22,2,2026-09-05,wk inc covid hosp,quantile,0.9,590.1602408203233
51,2026-08-22,2,2026-09-05,wk inc covid hosp,quantile,0.9,731.3788601251499
53,2026-08-22,2,2026-09-05,wk inc covid hosp,quantile,0.9,206.18472829082216
54,2026-08-22,2,2026-09-05,wk inc covid hosp,quantile,0.9,596.7329188240238
55,2026-08-22,2,2026-09-05,wk inc covid hosp,quantile,0.9,351.97871502725525
56,2026-08-22,2,2026-09-05,wk inc covid hosp,quantile,0.9,271.8104942767974
72,2026-08-22,2,2026-09-05,wk inc covid hosp,quantile,0.9,16997.421775097733
US,2026-08-22,2,2026-09-05,wk inc covid hosp,quantile,0.9,4259.8577695970835
01,2026-08-22,3,2026-09-12,wk inc covid hosp,quantile,0.9,272.7718972397058
02,2026-08-22,3,2026-09-12,wk inc covid hosp,quantile,0.9,358.4473826782981
04,2026-08-22,3,2026-09-12,wk inc covid hosp,quantile,0.9,529.5344350744564
05,2026-08-22,3,2026-09-12,wk inc covid hosp,quantile,0.9,2595.6569040852796
06,2026-08-22,3,2026-09-12,wk inc covid hosp,quantile,0.9,1114.3677657985295
08,2026-08-22,3,2026-09-12,wk inc covid hosp,quantile,0.9,502.3138531978918
09,2026-08-22,3,2026-09-12,wk inc covid hosp,quantile,0.9,399.3525212570482
10,2026-08-22,3,2026-09-12,wk inc covid hosp,quantile,0.9,139.00940217968824
11,2026-08-22,3,2026-09-12,wk inc covid hosp,quantile,0.9,3714.5963935678465
12,2026-08-22,3,2026-09-12,wk inc covid hosp,quantile,0.9,2446.9059471022906
13,2026-08-22,3,2026-09-12,wk inc covid hosp,quantile,0.9,534.1421373142019
15,2026-08-22,3,2026-09-12,wk inc covid hosp,quantile,0.9,193.56738694862275
16,2026-08-22,3,2026-09-12,wk inc covid hosp,quantile,0.9,716.9620731288235
17,2026-08-22,3,2026-09-12,wk inc covid hosp,quantile,0.9,703.5824511501478
18,2026-08-22,3,2026-09-12,wk inc covid hosp,quantile,0.9,560.5666628175932
19,2026-08-22,3,2026-09-12,wk inc covid hosp,quantile,0.9,301.1929468983818
20,2026-08-22,3,2026-09-12,wk inc covid hosp,quantile,0.9,567.7782194560489
21,2026-08-22,3,2026-09-12,wk inc covid hosp,quantile,0.9,622.3877250095139
22,2026-08-22,3,2026-09-12,wk inc covid hosp,quantile,0.9,341.4827908984797
23,2026-08-22,3,2026-09-12,wk inc covid hosp,quantile,0.9,510.4072929801231
24,2026-08-22,3,2026-09-12,wk inc covid hosp,quantile,0.9,650.0422583638415
25,2026-08-22,3,2026-09-12,wk inc covid hosp,quantile,0.9,1292.948419007694
26,2026-08-22,3,2026-09-12,wk inc covid hosp,quantile,0.9,1064.5388231526197
27,2026-08-22,3,2026-09-12,wk inc covid hosp,quantile,0.9,312.0721145424119
28,2026-08-22,3,2026-09-12,wk inc covid hosp,quantile,0.9,511.83401602205987
29,2026-08-22,3,2026-09-12,wk inc covid hosp,quantile,0.9,478.18791298979744
30,2026-08-22,3,2026-09-12,wk inc covid hosp,quantile,0.9,256.11255956608636
31,2026-08-22,3,2026-09-12,wk inc covid hosp,quantile,0.9,354.1988854520955
32,2026-08-22,3,2026-09-12,wk inc covid hosp,quantile,0.9,186.968030149466
33,2026-08-22,3,2026-09-12,wk inc covid hosp,quantile,0.9,1014.4557743968685
34,2026-08-22,3,2026-09-12,wk inc covid hosp,quantile,0.9,478.7540369025027
35,2026-08-22,3,2026-09-12,wk inc covid hosp,quantile,0.9,1705.4512516882035
36,2026-08-22,3,2026-09-12,wk inc covid hosp,quantile,0.9,2001.7377408857208
37,2026-08-22,3,2026-09-12,wk inc covid hosp,quantile,0.9,465.7482250748957
38,2026-08-22,3,2026-09-12,wk inc covid hosp,quantile,0.9,1179.442687985027
39,2026-08-22,3,2026-09-12,wk inc covid hosp,quantile,0.9,728.1533864910768
40,2026-08-22,3,2026-09-12,wk inc covid hosp,quantile,0.9,520.6361246131371
41,2026-08-22,3,2026-09-12,wk inc covid hosp,quantile,0.9,829.3612789828354
42,2026-08-22,3,2026-09-12,wk inc covid hosp,quantile,0.9,827.6209156327875
44,2026-08-22,3,2026-09-12,wk inc covid hosp,quantile,0.9,497.7111740623139
45,2026-08-22,3,2026-09-12,wk inc covid hosp,quantile,0.9,237.5379256907593
46,2026-08-22,3,2026-09-12,wk inc covid hosp,quantile,0.9,758.4616639151614
47,2026-08-22,3,2026-09-12,wk inc covid hosp,quantile,0.9,2052.336851134069
48,2026-08-22,3,2026-09-12,wk inc covid hosp,quantile,0.9,1003.0416356773898
49,2026-08-22,3,2026-09-12,wk inc covid hosp,quantile,0.9,121.17398744974064
50,2026-08-22,3,2026-09-12,wk inc covid hosp,quantile,0.9,750.4843626763354
51,2026-08-22,3,2026-09-12,wk inc covid hosp,quantile,0.9,837.982477836049
53,2026-08-22,3,2026-09-12,wk inc covid hosp,quantile,0.9,239.51458053510424
54,2026-08-22,3,2026-09-12,wk inc covid hosp,quantile,0.9,724.7179693372871
55,2026-08-22,3,2026-09-12,wk inc covid hosp,quantile,0.9,416.6364612795986
56,2026-08-22,3,2026-09-12,wk inc covid hosp,quantile,0.9,359.1179493165917
72,2026-08-22,3,2026-09-12,wk inc covid hosp,quantile,0.9,20180.918483593843
US,2026-08-22,3,2026-09-12,wk inc covid hosp,quantile,0.9,5130.642347498859
01,2026-08-22,0,2026-08-22,wk inc covid hosp,quantile,0.95,173.76301848617945
02,2026-08-22,0,2026-08-22,wk inc covid hosp,quantile,0.95,179.14998054965665
04,2026-08-22,0,2026-08-22,wk inc covid hosp,quantile,0.95,301.4075884567
05,2026-08-22,0,2026-08-22,wk inc covid hosp,quantile,0.95,1383.4381906265637
06,2026-08-22,0,2026-08-22,wk inc covid hosp,quantile,0.95,743.7956994066715
08,2026-08-22,0,2026-08-22,wk inc covid hosp,quantile,0.95,275.70545068149227
09,2026-08-22,0,2026-08-22,wk inc covid hosp,quantile,0.95,210.17422752987872
10,2026-08-22,0,2026-08-22,wk inc covid hosp,quantile,0.95,71.40097896062787
11,2026-08-22,0,2026-08-22,wk inc covid hosp,quantile,0.95,1855.368893828907
12,2026-08-22,0,2026-08-22,wk inc covid hosp,quantile,0.95,1535.1548581149236
13,2026-08-22,0,2026-08-22,wk inc covid hosp,quantile,0.95,328.0810841927279
15,2026-08-22,0,2026-08-22,wk inc covid hosp,quantile,0.95,114.07836605750043
16,2026-08-22,0,2026-08-22,wk inc covid hosp,quantile,0.95,366.07168281825534
17,2026-08-22,0,2026-08-22,wk inc covid hosp,quantile,0.95,384.45408319540104
18,2026-08-22,0,2026-08-22,wk inc covid hosp,quantile,0.95,305.5817328040489
19,2026-08-22,0,2026-08-22,wk inc covid hosp,quantile,0.95,163.57701936319822
20,2026-08-22,0,2026-08-22,wk inc covid hosp,quantile,0.95,304.95869366639243
21,2026-08-22,0,2026-08-22,wk inc covid hosp,quantile,0.95,328.9490661228087
22,2026-08-22,0,2026-08-22,wk inc covid hosp,quantile,0.95,215.22137289194728
23,2026-08-22,0,2026-08-22,wk inc covid hosp,quantile,0.95,264.92833680350134
24,2026-08-22,0,2026-08-22,wk inc covid hosp,quantile,0.95,357.73747297523335
25,2026-08-22,0,2026-08-22,wk inc covid hosp,quantile,0.95,687.2853920760787
26,2026-08-22,0,2026-08-22,wk inc covid hosp,quantile,0.95,529.2357704424626
27,2026-08-22,0,2026-08-22,wk inc covid hosp,quantile,0.95,168.14267402246804
28,2026-08-22,0,2026-08-22,wk inc covid hosp,quantile,0.95,314.4933941690711
29,2026-08-22,0,2026-08-22,wk inc covid hosp,quantile,0.95,259.01227245200323
30,2026-08-22,0,2026-08-22,wk inc covid hosp,quantile,0.95,132.48330480127274
31,2026-08-22,0,2026-08-22,wk inc covid hosp,quantile,0.95,172.10485493337717
32,2026-08-22,0,2026-08-22,wk inc covid hosp,quantile,0.95,114.73557294843017
33,2026-08-22,0,2026-08-22,wk inc covid hosp,quantile,0.95,520.084182623001
34,2026-08-22,0,2026-08-22,wk inc covid hosp,quantile,0.95,263.1497536820021
35,2026-08-22,0,2026-08-22,wk inc covid hosp,quantile,0.95,939.791990578037
36,2026-08-22,0,2026-08-22,wk inc covid hosp,quantile,0.95,1154.2641514936286
37,2026-08-22,0,2026-08-22,wk inc covid hosp,quantile,0.95,283.8250688805146
38,2026-08-22,0,2026-08-22,wk inc covid hosp,quantile,0.95,587.1285000519152
39,2026-08-22,0,2026-08-22,wk inc covid hosp,quantile,0.95,390.80235852639674
40,2026-08-22,0,2026-08-22,wk inc covid hosp,quantile,0.95,281.79939790537276
41,2026-08-22,0,2026-08-22,wk inc covid hosp,quantile,0.95,469.04999118946375
42,2026-08-22,0,2026-08-22,wk inc covid hosp,quantile,0.95,428.22257341446186
44,2026-08-22,0,2026-08-22,wk inc covid hosp,quantile,0.95,252.26255201008235
45,2026-08-22,0,2026-08-22,wk inc covid hosp,quantile,0.95,133.6586886824431
46,2026-08-22,0,2026-08-22,wk inc covid hosp,quantile,0.95,353.8516682585983
47,2026-08-22,0,2026-08-22,wk inc covid hosp,quantile,0.95,1208.528617326181
48,2026-08-22,0,2026-08-22,wk inc covid hosp,quantile,0.95,643.9922810941629
49,2026-08-22,0,2026-08-22,wk inc covid hosp,quantile,0.95,67.87476167778009
50,2026-08-22,0,2026-08-22,wk inc covid hosp,quantile,0.95,348.74853662881577
51,2026-08-22,0,2026-08-22,wk inc covid hosp,quantile,0.95,476.54076790537886
53,2026-08-22,0,2026-08-22,wk inc covid hosp,quantile,0.95,144.23162882634497
54,2026-08-22,0,2026-08-22,wk inc covid hosp,quantile,0.95,364.2077922904029
55,2026-08-22,0,2026-08-22,wk inc covid hosp,quantile,0.95,223.0989335986164
56,2026-08-22,0,2026-08-22,wk inc covid hosp,quantile,0.95,161.15663554879177
72,2026-08-22,0,2026-08-22,wk inc covid hosp,quantile,0.95,12152.590577420573
US,2026-08-22,0,2026-08-22,wk inc covid hosp,quantile,0.95,2982.777433499115
01,2026-08-22,1,2026-08-29,wk inc covid hosp,quantile,0.95,222.20925579080884
02,2026-08-22,1,2026-08-29,wk inc covid hosp,quantile,0.95,264.4412484488219
04,2026-08-22,1,2026-08-29,wk inc covid hosp,quantile,0.95,406.31517761366746
05,2026-08-22,1,2026-08-29,wk inc covid hosp,quantile,0.95,1900.1196246791378
06,2026-08-22,1,2026-08-29,wk inc covid hosp,quantile,0.95,918.8374715227254
08,2026-08-22,1,2026-08-29,wk inc covid hosp,quantile,0.95,372.90040309376235
09,2026-08-22,1,2026-08-29,wk inc covid hosp,quantile,0.95,294.6401205709223
10,2026-08-22,1,2026-08-29,wk inc covid hosp,quantile,0.95,100.63457870596666
11,2026-08-22,1,2026-08-29,wk inc covid hosp,quantile,0.95,2734.463717623403
12,2026-08-22,1,2026-08-29,wk inc covid hosp,quantile,0.95,2001.885220249767
13,2026-08-22,1,2026-08-29,wk inc covid hosp,quantile,0.95,429.6242584434028
15,2026-08-22,1,2026-08-29,wk inc covid hosp,quantile,0.95,152.2216228429719
16,2026-08-22,1,2026-08-29,wk inc covid hosp,quantile,0.95,513.1363922865244
17,2026-08-22,1,2026-08-29,wk inc covid hosp,quantile,0.95,519.4221826638736
18,2026-08-22,1,2026-08-29,wk inc covid hosp,quantile,0.95,420.35493420850224
19,2026-08-22,1,2026-08-29,wk inc covid hosp,quantile,0.95,226.4543507725802
20,2026-08-22,1,2026-08-29,wk inc covid hosp,quantile,0.95,412.92050327338467
21,2026-08-22,1,2026-08-29,wk inc covid hosp,quantile,0.95,456.09478383367707
22,2026-08-22,1,2026-08-29,wk inc covid hosp,quantile,0.95,283.3649466388755
23,2026-08-22,1,2026-08-29,wk inc covid hosp,quantile,0.95,373.01776838442197
24,2026-08-22,1,2026-08-29,wk inc covid hosp,quantile,0.95,488.570568499455
25,2026-08-22,1,2026-08-29,wk inc covid hosp,quantile,0.95,959.6555683564038
26,2026-08-22,1,2026-08-29,wk inc covid hosp,quantile,0.95,743.403534779998
27,2026-08-22,1,2026-08-29,wk inc covid hosp,quantile,0.95,229.7857628154021
28,2026-08-22,1,2026-08-29,wk inc covid hosp,quantile,0.95,406.51838838468166
29,2026-08-22,1,2026-08-29,wk inc covid hosp,quantile,0.95,356.27132009025456
30,2026-08-22,1,2026-08-29,wk inc covid hosp,quantile,0.95,187.65094664173293
31,2026-08-22,1,2026-08-29,wk inc covid hosp,quantile,0.95,253.42405652770043
32,2026-08-22,1,2026-08-29,wk inc covid hosp,quantile,0.95,148.30555638828326
33,2026-08-22,1,2026-08-29,wk inc covid hosp,quantile,0.95,746.292933385847
34,2026-08-22,1,2026-08-29,wk inc covid hosp,quantile,0.95,356.6470485244337
35,2026-08-22,1,2026-08-29,wk inc covid hosp,quantile,0.95,1288.5915180156724
36,2026-08-22,1,2026-08-29,wk inc covid hosp,quantile,0.95,1541.3612913039467
37,2026-08-22,1,2026-08-29,wk inc covid hosp,quantile,0.95,369.18636073102937
38,2026-08-22,1,2026-08-29,wk inc covid hosp,quantile,0.95,857.7366529123739
39,2026-08-22,1,2026-08-29,wk inc covid hosp,quantile,0.95,544.8419154894539
40,2026-08-22,1,2026-08-29,wk inc covid hosp,quantile,0.95,385.93343413451004
41,2026-08-22,1,2026-08-29,wk inc covid hosp,quantile,0.95,621.0089743906586
42,2026-08-22,1,2026-08-29,wk inc covid hosp,quantile,0.95,603.5360676790323
44,2026-08-22,1,2026-08-29,wk inc covid hosp,quantile,0.95,358.61102140309424
45,2026-08-22,1,2026-08-29,wk inc covid hosp,quantile,0.95,178.61443077300206
46,2026-08-22,1,2026-08-29,wk inc covid hosp,quantile,0.95,525.5279515445058
47,2026-08-22,1,2026-08-29,wk inc covid hosp,quantile,0.95,1586.8599126879108
48,2026-08-22,1,2026-08-29,wk inc covid hosp,quantile,0.95,818.4902940939547
49,2026-08-22,1,2026-08-29,wk inc covid hosp,quantile,0.95,90.6686114660335
50,2026-08-22,1,2026-08-29,wk inc covid hosp,quantile,0.95,531.8078977130973
51,2026-08-22,1,2026-08-29,wk inc covid hosp,quantile,0.95,647.0319614981512
53,2026-08-22,1,2026-08-29,wk inc covid hosp,quantile,0.95,185.3803723196847
54,2026-08-22,1,2026-08-29,wk inc covid hosp,quantile,0.95,520.1816382038894
55,2026-08-22,1,2026-08-29,wk inc covid hosp,quantile,0.95,307.89252496948376
56,2026-08-22,1,2026-08-29,wk inc covid hosp,quantile,0.95,252.00765818780832
72,2026-08-22,1,2026-08-29,wk inc covid hosp,quantile,0.95,16036.923766053686
US,2026-08-22,1,2026-08-29,wk inc covid hosp,quantile,0.95,3760.940681907244
01,2026-08-22,2,2026-09-05,wk inc covid hosp,quantile,0.95,264.73151779448654
02,2026-08-22,2,2026-09-05,wk inc covid hosp,quantile,0.95,354.00419054894996
04,2026-08-22,2,2026-09-05,wk inc covid hosp,quantile,0.95,500.9344400060541
05,2026-08-22,2,2026-09-05,wk inc covid hosp,quantile,0.95,2483.775786098218
06,2026-08-22,2,2026-09-05,wk inc covid hosp,quantile,0.95,1070.6998754704819
08,2026-08-22,2,2026-09-05,wk inc covid hosp,quantile,0.95,459.88371828099304
09,2026-08-22,2,2026-09-05,wk inc covid hosp,quantile,0.95,381.22252062940674
10,2026-08-22,2,2026-09-05,wk inc covid hosp,quantile,0.95,128.41515422543074
11,2026-08-22,2,2026-09-05,wk inc covid hosp,quantile,0.95,3544.3617177756705
12,2026-08-22,2,2026-09-05,wk inc covid hosp,quantile,0.95,2406.83963150797
13,2026-08-22,2,2026-09-05,wk inc covid hosp,quantile,0.95,511.50206954475505
15,2026-08-22,2,2026-09-05,wk inc covid hosp,quantile,0.95,188.33340996299188
16,2026-08-22,2,2026-09-05,wk inc covid hosp,quantile,0.95,678.4392976049891
17,2026-08-22,2,2026-09-05,wk inc covid hosp,quantile,0.95,654.9481992876721
18,2026-08-22,2,2026-09-05,wk inc covid hosp,quantile,0.95,523.1912243731728
19,2026-08-22,2,2026-09-05,wk inc covid hosp,quantile,0.95,284.27547242147045
20,2026-08-22,2,2026-09-05,wk inc covid hosp,quantile,0.95,533.2604099487552
21,2026-08-22,2,2026-09-05,wk inc covid hosp,quantile,0.95,576.5123754399792
22,2026-08-22,2,2026-09-05,wk inc covid hosp,quantile,0.95,326.01166748488686
23,2026-08-22,2,2026-09-05,wk inc covid hosp,quantile,0.95,498.87340084476267
24,2026-08-22,2,2026-09-05,wk inc covid hosp,quantile,0.95,607.5053113952121
25,2026-08-22,2,2026-09-05,wk inc covid hosp,quantile,0.95,1189.297800792462
26,2026-08-22,2,2026-09-05,wk inc covid hosp,quantile,0.95,969.4497063766771
27,2026-08-22,2,2026-09-05,wk inc covid hosp,quantile,0.95,289.08555505509486
28,2026-08-22,2,2026-09-05,wk inc covid hosp,quantile,0.95,503.488450845041
29,2026-08-22,2,2026-09-05,wk inc covid hosp,quantile,0.95,444.1904560956068
30,2026-08-22,2,2026-09-05,wk inc covid hosp,quantile,0.95,250.72216816439413
31,2026-08-22,2,2026-09-05,wk inc covid hosp,quantile,0.95,332.75292089078164
32,2026-08-22,2,2026-09-05,wk inc covid hosp,quantile,0.95,179.53110064067704
33,2026-08-22,2,2026-09-05,wk inc covid hosp,quantile,0.95,970.4159921122513
34,2026-08-22,2,2026-09-05,wk inc covid hosp,quantile,0.95,457.2229453746516
35,2026-08-22,2,2026-09-05,wk inc covid hosp,quantile,0.95,1640.5400984722367
36,2026-08-22,2,2026-09-05,wk inc covid hosp,quantile,0.95,1872.2311580474689
37,2026-08-22,2,2026-09-05,wk inc covid hosp,quantile,0.95,438.71827577993093
38,2026-08-22,2,2026-09-05,wk inc covid hosp,quantile,0.95,1121.726374249529
39,2026-08-22,2,2026-09-05,wk inc covid hosp,quantile,0.95,687.3777043788696
40,2026-08-22,2,2026-09-05,wk inc covid hosp,quantile,0.95,485.40347055242154
41,2026-08-22,2,2026-09-05,wk inc covid hosp,quantile,0.95,770.7301358671656
42,2026-08-22,2,2026-09-05,wk inc covid hosp,quantile,0.95,771.0397102829309
44,2026-08-22,2,2026-09-05,wk inc covid hosp,quantile,0.95,482.29696868491413
45,2026-08-22,2,2026-09-05,wk inc covid hosp,quantile,0.95,220.05764899157668
46,2026-08-22,2,2026-09-05,wk inc covid hosp,quantile,0.95,731.3326028464232
47,2026-08-22,2,2026-09-05,wk inc covid hosp,quantile,0.95,1993.6251483426697
48,2026-08-22,2,2026-09-05,wk inc covid hosp,quantile,0.95,967.1697506792359
49,2026-08-22,2,2026-09-05,wk inc covid hosp,quantile,0.95,116.77505681492413
50,2026-08-22,2,2026-09-05,wk inc covid hosp,quantile,0.95,710.0965770254087
51,2026-08-22,2,2026-09-05,wk inc covid hosp,quantile,0.95,793.9058945156867
53,2026-08-22,2,2026-09-05,wk inc covid hosp,quantile,0.95,230.3655218570114
54,2026-08-22,2,2026-09-05,wk inc covid hosp,quantile,0.95,674.7022331500249
55,2026-08-22,2,2026-09-05,wk inc covid hosp,quantile,0.95,391.1705818480759
56,2026-08-22,2,2026-09-05,wk inc covid hosp,quantile,0.95,343.4089576870896
72,2026-08-22,2,2026-09-05,wk inc covid hosp,quantile,0.95,19502.748644629024
US,2026-08-22,2,2026-09-05,wk inc covid hosp,quantile,0.95,4717.871101540146
01,2026-08-22,3,2026-09-12,wk inc covid hosp,quantile,0.95,306.7129887333615
02,2026-08-22,3,2026-09-12,wk inc covid hosp,quantile,0.95,440.9721253165766
04,2026-08-22,3,2026-09-12,wk inc covid hosp,quantile,0.95,587.3203086378664
05,2026-08-22,3,2026-09-12,wk inc covid hosp,quantile,0.95,3002.0693588417053
06,2026-08-22,3,2026-09-12,wk inc covid hosp,quantile,0.95,1204.7853639417106
08,2026-08-22,3,2026-09-12,wk inc covid hosp,quantile,0.95,561.6848657880265
09,2026-08-22,3,2026-09-12,wk inc covid hosp,quantile,0.95,468.56167925724304
10,2026-08-22,3,2026-09-12,wk inc covid hosp,quantile,0.95,160.96632550745238
11,2026-08-22,3,2026-09-12,wk inc covid hosp,quantile,0.95,4355.536003386108
12,2026-08-22,3,2026-09-12,wk inc covid hosp,quantile,0.95,2828.6915946853946
13,2026-08-22,3,2026-09-12,wk inc covid hosp,quantile,0.95,584.6040191925816
15,2026-08-22,3,2026-09-12,wk inc covid hosp,quantile,0.95,224.38618371292216
16,2026-08-22,3,2026-09-12,wk inc covid hosp,quantile,0.95,822.3473460253142
17,2026-08-22,3,2026-09-12,wk inc covid hosp,quantile,0.95,800.5208596680676
18,2026-08-22,3,2026-09-12,wk inc covid hosp,quantile,0.95,635.6519605022311
19,2026-08-22,3,2026-09-12,wk inc covid hosp,quantile,0.95,350.7711638421787
20,2026-08-22,3,2026-09-12,wk inc covid hosp,quantile,0.95,647.968003468021
21,2026-08-22,3,2026-09-12,wk inc covid hosp,quantile,0.95,698.0401694673094
22,2026-08-22,3,2026-09-12,wk inc covid hosp,quantile,0.95,379.0785209966171
23,2026-08-22,3,2026-09-12,wk inc covid hosp,quantile,0.95,594.6585692382084
24,2026-08-22,3,2026-09-12,wk inc covid hosp,quantile,0.95,725.9247249404236
25,2026-08-22,3,2026-09-12,wk inc covid hosp,quantile,0.95,1450.71089761767
26,2026-08-22,3,2026-09-12,wk inc covid hosp,quantile,0.95,1211.474317064804
27,2026-08-22,3,2026-09-12,wk inc covid hosp,quantile,0.95,350.0132578471189
28,2026-08-22,3,2026-09-12,wk inc covid hosp,quantile,0.95,584.9693259269868
29,2026-08-22,3,2026-09-12,wk inc covid hosp,quantile,0.95,532.3060893489203
30,2026-08-22,3,2026-09-12,wk inc covid hosp,quantile,0.95,305.4710822110525
31,2026-08-22,3,2026-09-12,wk inc covid hosp,quantile,0.95,414.9357892798057
32,2026-08-22,3,2026-09-12,wk inc covid hosp,quantile,0.95,210.81696344095994
33,2026-08-22,3,2026-09-12,wk inc covid hosp,quantile,0.95,1199.8450448879644
34,2026-08-22,3,2026-09-12,wk inc covid hosp,quantile,0.95,549.9680449318554
35,2026-08-22,3,2026-09-12,wk inc covid hosp,quantile,0.95,2021.4637306330635
36,2026-08-22,3,2026-09-12,wk inc covid hosp,quantile,0.95,2174.2371838376953
37,2026-08-22,3,2026-09-12,wk inc covid hosp,quantile,0.95,513.7652816000115
38,2026-08-22,3,2026-09-12,wk inc covid hosp,quantile,0.95,1372.506603365975
39,2026-08-22,3,2026-09-12,wk inc covid hosp,quantile,0.95,827.0233865584486
40,2026-08-22,3,2026-09-12,wk inc covid hosp,quantile,0.95,579.3475526733641
41,2026-08-22,3,2026-09-12,wk inc covid hosp,quantile,0.95,933.7537579904679
42,2026-08-22,3,2026-09-12,wk inc covid hosp,quantile,0.95,929.8405232147443
44,2026-08-22,3,2026-09-12,wk inc covid hosp,quantile,0.95,622.2592919943098
45,2026-08-22,3,2026-09-12,wk inc covid hosp,quantile,0.95,262.29528347132066
46,2026-08-22,3,2026-09-12,wk inc covid hosp,quantile,0.95,978.9763806480704
47,2026-08-22,3,2026-09-12,wk inc covid hosp,quantile,0.95,2306.7797717717917
48,2026-08-22,3,2026-09-12,wk inc covid hosp,quantile,0.95,1112.5605724847185
49,2026-08-22,3,2026-09-12,wk inc covid hosp,quantile,0.95,138.002926048001
50,2026-08-22,3,2026-09-12,wk inc covid hosp,quantile,0.95,937.6417132090061
51,2026-08-22,3,2026-09-12,wk inc covid hosp,quantile,0.95,947.0225662007264
53,2026-08-22,3,2026-09-12,wk inc covid hosp,quantile,0.95,266.82288959650765
54,2026-08-22,3,2026-09-12,wk inc covid hosp,quantile,0.95,840.6782847734506
55,2026-08-22,3,2026-09-12,wk inc covid hosp,quantile,0.95,464.5523602125142
56,2026-08-22,3,2026-09-12,wk inc covid hosp,quantile,0.95,450.9477257075779
72,2026-08-22,3,2026-09-12,wk inc covid hosp,quantile,0.95,23900.956433837204
US,2026-08-22,3,2026-09-12,wk inc covid hosp,quantile,0.95,5704.871149391077
01,2026-08-22,0,2026-08-22,wk inc covid hosp,quantile,0.975,182.39323952008797
02,2026-08-22,0,2026-08-22,wk inc covid hosp,quantile,0.975,197.69730197627493
04,2026-08-22,0,2026-08-22,wk inc covid hosp,quantile,0.975,319.2855479494503
05,2026-08-22,0,2026-08-22,wk inc covid hosp,quantile,0.975,1485.373726972987
06,2026-08-22,0,2026-08-22,wk inc covid hosp,quantile,0.975,770.7978865573788
08,2026-08-22,0,2026-08-22,wk inc covid hosp,quantile,0.975,292.2070442487299
09,2026-08-22,0,2026-08-22,wk inc covid hosp,quantile,0.975,226.58677882058424
10,2026-08-22,0,2026-08-22,wk inc covid hosp,quantile,0.975,76.45866356374363
11,2026-08-22,0,2026-08-22,wk inc covid hosp,quantile,0.975,2029.167594822548
12,2026-08-22,0,2026-08-22,wk inc covid hosp,quantile,0.975,1641.706871767225
13,2026-08-22,0,2026-08-22,wk inc covid hosp,quantile,0.975,342.36014862993045
15,2026-08-22,0,2026-08-22,wk inc covid hosp,quantile,0.975,121.14802295375182
16,2026-08-22,0,2026-08-22,wk inc covid hosp,quantile,0.975,404.4551793561496
17,2026-08-22,0,2026-08-22,wk inc covid hosp,quantile,0.975,400.4738010633048
18,2026-08-22,0,2026-08-22,wk inc covid hosp,quantile,0.975,319.3939095946274
19,2026-08-22,0,2026-08-22,wk inc covid hosp,quantile,0.975,175.7175310462154
20,2026-08-22,0,2026-08-22,wk inc covid hosp,quantile,0.975,326.05522228693223
21,2026-08-22,0,2026-08-22,wk inc covid hosp,quantile,0.975,351.8019263261713
22,2026-08-22,0,2026-08-22,wk inc covid hosp,quantile,0.975,226.9701271306972
23,2026-08-22,0,2026-08-22,wk inc covid hosp,quantile,0.975,285.61072540750826
24,2026-08-22,0,2026-08-22,wk inc covid hosp,quantile,0.975,376.12020494947654
25,2026-08-22,0,2026-08-22,wk inc covid hosp,quantile,0.975,722.9827459892258
26,2026-08-22,0,2026-08-22,wk inc covid hosp,quantile,0.975,560.781999600115
27,2026-08-22,0,2026-08-22,wk inc covid hosp,quantile,0.975,180.1642529617929
28,2026-08-22,0,2026-08-22,wk inc covid hosp,quantile,0.975,335.3566675400093
29,2026-08-22,0,2026-08-22,wk inc covid hosp,quantile,0.975,272.2878956844605
30,2026-08-22,0,2026-08-22,wk inc covid hosp,quantile,0.975,142.81788293183305
31,2026-08-22,0,2026-08-22,wk inc covid hosp,quantile,0.975,186.2495758585542
32,2026-08-22,0,2026-08-22,wk inc covid hosp,quantile,0.975,120.92714544935994
33,2026-08-22,0,2026-08-22,wk inc covid hosp,quantile,0.975,552.9572770919816
34,2026-08-22,0,2026-08-22,wk inc covid hosp,quantile,0.975,278.4610604854672
35,2026-08-22,0,2026-08-22,wk inc covid hosp,quantile,0.975,999.0718253315115
36,2026-08-22,0,2026-08-22,wk inc covid hosp,quantile,0.975,1205.0724845511268
37,2026-08-22,0,2026-08-22,wk inc covid hosp,quantile,0.975,297.6898441500159
38,2026-08-22,0,2026-08-22,wk inc covid hosp,quantile,0.975,631.3087404910943
39,2026-08-22,0,2026-08-22,wk inc covid hosp,quantile,0.975,416.51183005069487
40,2026-08-22,0,2026-08-22,wk inc covid hosp,quantile,0.975,300.47044044435563
41,2026-08-22,0,2026-08-22,wk inc covid hosp,quantile,0.975,494.09685338848305
42,2026-08-22,0,2026-08-22,wk inc covid hosp,quantile,0.975,462.6722934397399
44,2026-08-22,0,2026-08-22,wk inc covid hosp,quantile,0.975,273.299890107918
45,2026-08-22,0,2026-08-22,wk inc covid hosp,quantile,0.975,141.79732589849726
46,2026-08-22,0,2026-08-22,wk inc covid hosp,quantile,0.975,389.8941999012511
47,2026-08-22,0,2026-08-22,wk inc covid hosp,quantile,0.975,1280.8257797142671
48,2026-08-22,0,2026-08-22,wk inc covid hosp,quantile,0.975,678.2533379484122
49,2026-08-22,0,2026-08-22,wk inc covid hosp,quantile,0.975,72.29301005457116
50,2026-08-22,0,2026-08-22,wk inc covid hosp,quantile,0.975,396.4506469327529
51,2026-08-22,0,2026-08-22,wk inc covid hosp,quantile,0.975,496.69784261930084
53,2026-08-22,0,2026-08-22,wk inc covid hosp,quantile,0.975,151.05327826508446
54,2026-08-22,0,2026-08-22,wk inc covid hosp,quantile,0.975,392.24961696662297
55,2026-08-22,0,2026-08-22,wk inc covid hosp,quantile,0.975,236.80518129757144
56,2026-08-22,0,2026-08-22,wk inc covid hosp,quantile,0.975,186.13444969325982
72,2026-08-22,0,2026-08-22,wk inc covid hosp,quantile,0.975,13181.143180368384
US,2026-08-22,0,2026-08-22,wk inc covid hosp,quantile,0.975,3172.2649080656624
01,2026-08-22,1,2026-08-29,wk inc covid hosp,quantile,0.975,235.8123384941423
02,2026-08-22,1,2026-08-29,wk inc covid hosp,quantile,0.975,305.55046886441056
04,2026-08-22,1,2026-08-29,wk inc covid hosp,quantile,0.975,435.39781524629007
05,2026-08-22,1,2026-08-29,wk inc covid hosp,quantile,0.975,2064.606800507777
06,2026-08-22,1,2026-08-29,wk inc covid hosp,quantile,0.975,956.9137766926111
08,2026-08-22,1,2026-08-29,wk inc covid hosp,quantile,0.975,393.98437728527193
09,2026-08-22,1,2026-08-29,wk inc covid hosp,quantile,0.975,324.57362159611296
10,2026-08-22,1,2026-08-29,wk inc covid hosp,quantile,0.975,111.36704283449268
11,2026-08-22,1,2026-08-29,wk inc covid hosp,quantile,0.975,3034.112532384843
12,2026-08-22,1,2026-08-29,wk inc covid hosp,quantile,0.975,2203.622368078218
13,2026-08-22,1,2026-08-29,wk inc covid hosp,quantile,0.975,452.9055421519127
15,2026-08-22,1,2026-08-29,wk inc covid hosp,quantile,0.975,163.03845887259018
16,2026-08-22,1,2026-08-29,wk inc covid hosp,quantile,0.975,580.7977580494936
17,2026-08-22,1,2026-08-29,wk inc covid hosp,quantile,0.975,557.3715555713077
18,2026-08-22,1,2026-08-29,wk inc covid hosp,quantile,0.975,448.02973362578257
19,2026-08-22,1,2026-08-29,wk inc covid hosp,quantile,0.975,244.64738173391464
20,2026-08-22,1,2026-08-29,wk inc covid hosp,quantile,0.975,445.79335827362775
21,2026-08-22,1,2026-08-29,wk inc covid hosp,quantile,0.975,490.90828726581174
22,2026-08-22,1,2026-08-29,wk inc covid hosp,quantile,0.975,303.2597552325474
23,2026-08-22,1,2026-08-29,wk inc covid hosp,quantile,0.975,410.4434947197725
24,2026-08-22,1,2026-08-29,wk inc covid hosp,quantile,0.975,525.2816575781651
25,2026-08-22,1,2026-08-29,wk inc covid hosp,quantile,0.975,1022.3980435035397
26,2026-08-22,1,2026-08-29,wk inc covid hosp,quantile,0.975,814.576791179949
27,2026-08-22,1,2026-08-29,wk inc covid hosp,quantile,0.975,246.04548596502758
28,2026-08-22,1,2026-08-29,wk inc covid hosp,quantile,0.975,444.21677222816885
29,2026-08-22,1,2026-08-29,wk inc covid hosp,quantile,0.975,375.6603807747608
30,2026-08-22,1,2026-08-29,wk inc covid hosp,quantile,0.975,209.19271028142558
31,2026-08-22,1,2026-08-29,wk inc covid hosp,quantile,0.975,279.5236747187258
32,2026-08-22,1,2026-08-29,wk inc covid hosp,quantile,0.975,163.29011568598003
33,2026-08-22,1,2026-08-29,wk inc covid hosp,quantile,0.975,821.1145675436202
34,2026-08-22,1,2026-08-29,wk inc covid hosp,quantile,0.975,387.4697876221624
35,2026-08-22,1,2026-08-29,wk inc covid hosp,quantile,0.975,1372.1197422562766
36,2026-08-22,1,2026-08-29,wk inc covid hosp,quantile,0.975,1628.846932194915
37,2026-08-22,1,2026-08-29,wk inc covid hosp,quantile,0.975,393.23922599265507
38,2026-08-22,1,2026-08-29,wk inc covid hosp,quantile,0.975,937.4611503759434
39,2026-08-22,1,2026-08-29,wk inc covid hosp,quantile,0.975,572.6791847571014
40,2026-08-22,1,2026-08-29,wk inc covid hosp,quantile,0.975,419.79528554611625
41,2026-08-22,1,2026-08-29,wk inc covid hosp,quantile,0.975,665.2418274945735
42,2026-08-22,1,2026-08-29,wk inc covid hosp,quantile,0.975,656.9828471022519
44,2026-08-22,1,2026-08-29,wk inc covid hosp,quantile,0.975,399.4029789593861
45,2026-08-22,1,2026-08-29,wk inc covid hosp,quantile,0.975,195.01073384100235
46,2026-08-22,1,2026-08-29,wk inc covid hosp,quantile,0.975,615.6691983206235
47,2026-08-22,1,2026-08-29,wk inc covid hosp,quantile,0.975,1729.2681804697422
48,2026-08-22,1,2026-08-29,wk inc covid hosp,quantile,0.975,874.1473672901059
49,2026-08-22,1,2026-08-29,wk inc covid hosp,quantile,0.975,98.97242642765619
50,2026-08-22,1,2026-08-29,wk inc covid hosp,quantile,0.975,591.9524978712966
51,2026-08-22,1,2026-08-29,wk inc covid hosp,quantile,0.975,689.6178878246615
53,2026-08-22,1,2026-08-29,wk inc covid hosp,quantile,0.975,200.0845742416152
54,2026-08-22,1,2026-08-29,wk inc covid hosp,quantile,0.975,562.4025776693246
55,2026-08-22,1,2026-08-29,wk inc covid hosp,quantile,0.975,321.9848200891707
56,2026-08-22,1,2026-08-29,wk inc covid hosp,quantile,0.975,304.2558284393002
72,2026-08-22,1,2026-08-29,wk inc covid hosp,quantile,0.975,17870.54517257477
US,2026-08-22,1,2026-08-29,wk inc covid hosp,quantile,0.975,4031.4395244131915
01,2026-08-22,2,2026-09-05,wk inc covid hosp,quantile,0.975,287.46780301064865
02,2026-08-22,2,2026-09-05,wk inc covid hosp,quantile,0.975,401.9276355562526
04,2026-08-22,2,2026-09-05,wk inc covid hosp,quantile,0.975,548.1466451077208
05,2026-08-22,2,2026-09-05,wk inc covid hosp,quantile,0.975,2701.638009736849
06,2026-08-22,2,2026-09-05,wk inc covid hosp,quantile,0.975,1140.4587824013927
08,2026-08-22,2,2026-09-05,wk inc covid hosp,quantile,0.975,506.0394372877039
09,2026-08-22,2,2026-09-05,wk inc covid hosp,quantile,0.975,418.96841919230343
10,2026-08-22,2,2026-09-05,wk inc covid hosp,quantile,0.975,146.1832447473189
11,2026-08-22,2,2026-09-05,wk inc covid hosp,quantile,0.975,3982.4667392562137
12,2026-08-22,2,2026-09-05,wk inc covid hosp,quantile,0.975,2707.451648174573
13,2026-08-22,2,2026-09-05,wk inc covid hosp,quantile,0.975,549.7132349726799
15,2026-08-22,2,2026-09-05,wk inc covid hosp,quantile,0.975,207.7395791656408
16,2026-08-22,2,2026-09-05,wk inc covid hosp,quantile,0.975,767.7703865589963
17,2026-08-22,2,2026-09-05,wk inc covid hosp,quantile,0.975,722.1581796783577
18,2026-08-22,2,2026-09-05,wk inc covid hosp,quantile,0.975,579.42511663114
19,2026-08-22,2,2026-09-05,wk inc covid hosp,quantile,0.975,314.43296596492985
20,2026-08-22,2,2026-09-05,wk inc covid hosp,quantile,0.975,577.1792585249673
21,2026-08-22,2,2026-09-05,wk inc covid hosp,quantile,0.975,643.3753183571389
22,2026-08-22,2,2026-09-05,wk inc covid hosp,quantile,0.975,363.55275304568283
23,2026-08-22,2,2026-09-05,wk inc covid hosp,quantile,0.975,555.9783927117054
24,2026-08-22,2,2026-09-05,wk inc covid hosp,quantile,0.975,667.171673725142
25,2026-08-22,2,2026-09-05,wk inc covid hosp,quantile,0.975,1310.3522180258615
26,2026-08-22,2,2026-09-05,wk inc covid hosp,quantile,0.975,1082.1377483997665
27,2026-08-22,2,2026-09-05,wk inc covid hosp,quantile,0.975,317.306620809459
28,2026-08-22,2,2026-09-05,wk inc covid hosp,quantile,0.975,552.4877287059909
29,2026-08-22,2,2026-09-05,wk inc covid hosp,quantile,0.975,480.75705216885336
30,2026-08-22,2,2026-09-05,wk inc covid hosp,quantile,0.975,296.68689144159714
31,2026-08-22,2,2026-09-05,wk inc covid hosp,quantile,0.975,372.133272230172
32,2026-08-22,2,2026-09-05,wk inc covid hosp,quantile,0.975,198.3385723093551
33,2026-08-22,2,2026-09-05,wk inc covid hosp,quantile,0.975,1098.8355181654917
34,2026-08-22,2,2026-09-05,wk inc covid hosp,quantile,0.975,502.24228184340046
35,2026-08-22,2,2026-09-05,wk inc covid hosp,quantile,0.975,1794.4951623523614
36,2026-08-22,2,2026-09-05,wk inc covid hosp,quantile,0.975,1996.1753496856347
37,2026-08-22,2,2026-09-05,wk inc covid hosp,quantile,0.975,469.846304332776
38,2026-08-22,2,2026-09-05,wk inc covid hosp,quantile,0.975,1258.3851058543203
39,2026-08-22,2,2026-09-05,wk inc covid hosp,quantile,0.975,752.8114777955082
40,2026-08-22,2,2026-09-05,wk inc covid hosp,quantile,0.975,539.1511947449445
41,2026-08-22,2,2026-09-05,wk inc covid hosp,quantile,0.975,835.5040996917805
42,2026-08-22,2,2026-09-05,wk inc covid hosp,quantile,0.975,854.8312513188316
44,2026-08-22,2,2026-09-05,wk inc covid hosp,quantile,0.975,549.6432241998215
45,2026-08-22,2,2026-09-05,wk inc covid hosp,quantile,0.975,246.72635479583315
46,2026-08-22,2,2026-09-05,wk inc covid hosp,quantile,0.975,858.8486500485172
47,2026-08-22,2,2026-09-05,wk inc covid hosp,quantile,0.975,2144.6174278385183
48,2026-08-22,2,2026-09-05,wk inc covid hosp,quantile,0.975,1048.9486806030104
49,2026-08-22,2,2026-09-05,wk inc covid hosp,quantile,0.975,128.93960781945842
50,2026-08-22,2,2026-09-05,wk inc covid hosp,quantile,0.975,856.0026562408649
51,2026-08-22,2,2026-09-05,wk inc covid hosp,quantile,0.975,857.7949286030388
53,2026-08-22,2,2026-09-05,wk inc covid hosp,quantile,0.975,248.31258950388622
54,2026-08-22,2,2026-09-05,wk inc covid hosp,quantile,0.975,753.2975444024243
55,2026-08-22,2,2026-09-05,wk inc covid hosp,quantile,0.975,432.42855950136806
56,2026-08-22,2,2026-09-05,wk inc covid hosp,quantile,0.975,403.26835357041205
72,2026-08-22,2,2026-09-05,wk inc covid hosp,quantile,0.975,22850.80445913389
US,2026-08-22,2,2026-09-05,wk inc covid hosp,quantile,0.975,5096.7265905205695
01,2026-08-22,3,2026-09-12,wk inc covid hosp,quantile,0.975,336.95683599554167
02,2026-08-22,3,2026-09-12,wk inc covid hosp,quantile,0.975,561.5289826068828
04,2026-08-22,3,2026-09-12,wk inc covid hosp,quantile,0.975,652.5553534276241
05,2026-08-22,3,2026-09-12,wk inc covid hosp,quantile,0.975,3424.005794787223
06,2026-08-22,3,2026-09-12,wk inc covid hosp,quantile,0.975,1288.5368137490855
08,2026-08-22,3,2026-09-12,wk inc covid hosp,quantile,0.975,612.1696575579361
09,2026-08-22,3,2026-09-12,wk inc covid hosp,quantile,0.975,528.670252007174
10,2026-08-22,3,2026-09-12,wk inc covid hosp,quantile,0.975,181.14395805497506
11,2026-08-22,3,2026-09-12,wk inc covid hosp,quantile,0.975,4966.208795448701
12,2026-08-22,3,2026-09-12,wk inc covid hosp,quantile,0.975,3240.020310904177
13,2026-08-22,3,2026-09-12,wk inc covid hosp,quantile,0.975,636.9321308958976
15,2026-08-22,3,2026-09-12,wk inc covid hosp,quantile,0.975,255.20531088409857
16,2026-08-22,3,2026-09-12,wk inc covid hosp,quantile,0.975,945.3491810843544
17,2026-08-22,3,2026-09-12,wk inc covid hosp,quantile,0.975,877.5271835451161
18,2026-08-22,3,2026-09-12,wk inc covid hosp,quantile,0.975,690.4509047514204
19,2026-08-22,3,2026-09-12,wk inc covid hosp,quantile,0.975,390.18253385302825
20,2026-08-22,3,2026-09-12,wk inc covid hosp,quantile,0.975,734.8192205576612
21,2026-08-22,3,2026-09-12,wk inc covid hosp,quantile,0.975,775.384168688124
22,2026-08-22,3,2026-09-12,wk inc covid hosp,quantile,0.975,422.11422550969996
23,2026-08-22,3,2026-09-12,wk inc covid hosp,quantile,0.975,689.9946602563975
24,2026-08-22,3,2026-09-12,wk inc covid hosp,quantile,0.975,810.852717337641
25,2026-08-22,3,2026-09-12,wk inc covid hosp,quantile,0.975,1590.3099654482717
26,2026-08-22,3,2026-09-12,wk inc covid hosp,quantile,0.975,1349.4646427925486
27,2026-08-22,3,2026-09-12,wk inc covid hosp,quantile,0.975,390.579285386558
28,2026-08-22,3,2026-09-12,wk inc covid hosp,quantile,0.975,657.4086827638512
29,2026-08-22,3,2026-09-12,wk inc covid hosp,quantile,0.975,576.8361002755059
30,2026-08-22,3,2026-09-12,wk inc covid hosp,quantile,0.975,357.430387423792
31,2026-08-22,3,2026-09-12,wk inc covid hosp,quantile,0.975,478.9688887881551
32,2026-08-22,3,2026-09-12,wk inc covid hosp,quantile,0.975,238.9135288768135
33,2026-08-22,3,2026-09-12,wk inc covid hosp,quantile,0.975,1378.0746089487116
34,2026-08-22,3,2026-09-12,wk inc covid hosp,quantile,0.975,620.1960072854318
35,2026-08-22,3,2026-09-12,wk inc covid hosp,quantile,0.975,2295.699341247173
36,2026-08-22,3,2026-09-12,wk inc covid hosp,quantile,0.975,2339.3665876837954
37,2026-08-22,3,2026-09-12,wk inc covid hosp,quantile,0.975,548.5319265183886
38,2026-08-22,3,2026-09-12,wk inc covid hosp,quantile,0.975,1572.9513304041845
39,2026-08-22,3,2026-09-12,wk inc covid hosp,quantile,0.975,915.3524369885885
40,2026-08-22,3,2026-09-12,wk inc covid hosp,quantile,0.975,654.5304580273101
41,2026-08-22,3,2026-09-12,wk inc covid hosp,quantile,0.975,1021.3851615706938
42,2026-08-22,3,2026-09-12,wk inc covid hosp,quantile,0.975,1033.7373999649294
44,2026-08-22,3,2026-09-12,wk inc covid hosp,quantile,0.975,727.2887954566432
45,2026-08-22,3,2026-09-12,wk inc covid hosp,quantile,0.975,292.6720276187409
46,2026-08-22,3,2026-09-12,wk inc covid hosp,quantile,0.975,1170.1586119155377
47,2026-08-22,3,2026-09-12,wk inc covid hosp,quantile,0.975,2594.917710020544
48,2026-08-22,3,2026-09-12,wk inc covid hosp,quantile,0.975,1218.5639874380038
49,2026-08-22,3,2026-09-12,wk inc covid hosp,quantile,0.975,159.45018982033926
50,2026-08-22,3,2026-09-12,wk inc covid hosp,quantile,0.975,1155.0168012078207
51,2026-08-22,3,2026-09-12,wk inc covid hosp,quantile,0.975,1039.6208924752639
53,2026-08-22,3,2026-09-12,wk inc covid hosp,quantile,0.975,293.779363801322
54,2026-08-22,3,2026-09-12,wk inc covid hosp,quantile,0.975,949.4929409186265
55,2026-08-22,3,2026-09-12,wk inc covid hosp,quantile,0.975,519.2617909177409
56,2026-08-22,3,2026-09-12,wk inc covid hosp,quantile,0.975,542.955927421836
72,2026-08-22,3,2026-09-12,wk inc covid hosp,quantile,0.975,27140.46549762072
US,2026-08-22,3,2026-09-12,wk inc covid hosp,quantile,0.975,6313.388316248591
01,2026-08-22,0,2026-08-22,wk inc covid hosp,quantile,0.99,193.80747952123193
02,2026-08-22,0,2026-08-22,wk inc covid hosp,quantile,0.99,215.24782091601372
04,2026-08-22,0,2026-08-22,wk inc covid hosp,quantile,0.99,338.6511543562967
05,2026-08-22,0,2026-08-22,wk inc covid hosp,quantile,0.99,1630.8492805452192
06,2026-08-22,0,2026-08-22,wk inc covid hosp,quantile,0.99,802.2724550813044
08,2026-08-22,0,2026-08-22,wk inc covid hosp,quantile,0.99,317.5946655354455
09,2026-08-22,0,2026-08-22,wk inc covid hosp,quantile,0.99,240.41877358356882
10,2026-08-22,0,2026-08-22,wk inc covid hosp,quantile,0.99,84.9044027232362
11,2026-08-22,0,2026-08-22,wk inc covid hosp,quantile,0.99,2265.9115954625813
12,2026-08-22,0,2026-08-22,wk inc covid hosp,quantile,0.99,1743.2615681990296
13,2026-08-22,0,2026-08-22,wk inc covid hosp,quantile,0.99,360.01221516375483
15,2026-08-22,0,2026-08-22,wk inc covid hosp,quantile,0.99,130.40363819558158
16,2026-08-22,0,2026-08-22,wk inc covid hosp,quantile,0.99,456.16103901040026
17,2026-08-22,0,2026-08-22,wk inc covid hosp,quantile,0.99,424.73809972354854
18,2026-08-22,0,2026-08-22,wk inc covid hosp,quantile,0.99,339.3423266367365
19,2026-08-22,0,2026-08-22,wk inc covid hosp,quantile,0.99,186.46081350474836
20,2026-08-22,0,2026-08-22,wk inc covid hosp,quantile,0.99,341.7808599420628
21,2026-08-22,0,2026-08-22,wk inc covid hosp,quantile,0.99,375.47707347423966
22,2026-08-22,0,2026-08-22,wk inc covid hosp,quantile,0.99,240.45392990819252
23,2026-08-22,0,2026-08-22,wk inc covid hosp,quantile,0.99,309.87326374524815
24,2026-08-22,0,2026-08-22,wk inc covid hosp,quantile,0.99,391.94835556021064
25,2026-08-22,0,2026-08-22,wk inc covid hosp,quantile,0.99,771.3031549969127
26,2026-08-22,0,2026-08-22,wk inc covid hosp,quantile,0.99,606.9056279677714
27,2026-08-22,0,2026-08-22,wk inc covid hosp,quantile,0.99,194.3301656557123
28,2026-08-22,0,2026-08-22,wk inc covid hosp,quantile,0.99,359.0655818678353
29,2026-08-22,0,2026-08-22,wk inc covid hosp,quantile,0.99,287.6221298360905
30,2026-08-22,0,2026-08-22,wk inc covid hosp,quantile,0.99,165.98906915710486
31,2026-08-22,0,2026-08-22,wk inc covid hosp,quantile,0.99,200.8982838747164
32,2026-08-22,0,2026-08-22,wk inc covid hosp,quantile,0.99,131.02847634230477
33,2026-08-22,0,2026-08-22,wk inc covid hosp,quantile,0.99,607.2379882815538
34,2026-08-22,0,2026-08-22,wk inc covid hosp,quantile,0.99,299.20786431462477
35,2026-08-22,0,2026-08-22,wk inc covid hosp,quantile,0.99,1044.9904618847813
36,2026-08-22,0,2026-08-22,wk inc covid hosp,quantile,0.99,1260.721762397606
37,2026-08-22,0,2026-08-22,wk inc covid hosp,quantile,0.99,310.11578584327367
38,2026-08-22,0,2026-08-22,wk inc covid hosp,quantile,0.99,709.705445365152
39,2026-08-22,0,2026-08-22,wk inc covid hosp,quantile,0.99,445.2465372487279
40,2026-08-22,0,2026-08-22,wk inc covid hosp,quantile,0.99,311.79773858329133
41,2026-08-22,0,2026-08-22,wk inc covid hosp,quantile,0.99,535.4395816025484
42,2026-08-22,0,2026-08-22,wk inc covid hosp,quantile,0.99,504.96402069232465
44,2026-08-22,0,2026-08-22,wk inc covid hosp,quantile,0.99,297.69117112086235
45,2026-08-22,0,2026-08-22,wk inc covid hosp,quantile,0.99,151.30575786338332
46,2026-08-22,0,2026-08-22,wk inc covid hosp,quantile,0.99,438.16116234316036
47,2026-08-22,0,2026-08-22,wk inc covid hosp,quantile,0.99,1357.1707989250874
48,2026-08-22,0,2026-08-22,wk inc covid hosp,quantile,0.99,720.9922510759833
49,2026-08-22,0,2026-08-22,wk inc covid hosp,quantile,0.99,79.4077619998409
50,2026-08-22,0,2026-08-22,wk inc covid hosp,quantile,0.99,444.0838900508589
51,2026-08-22,0,2026-08-22,wk inc covid hosp,quantile,0.99,524.9061911151103
53,2026-08-22,0,2026-08-22,wk inc covid hosp,quantile,0.99,156.08063214792372
54,2026-08-22,0,2026-08-22,wk inc covid hosp,quantile,0.99,422.88566609680294
55,2026-08-22,0,2026-08-22,wk inc covid hosp,quantile,0.99,250.06736478745637
56,2026-08-22,0,2026-08-22,wk inc covid hosp,quantile,0.99,223.75391770359494
72,2026-08-22,0,2026-08-22,wk inc covid hosp,quantile,0.99,14523.866184559573
US,2026-08-22,0,2026-08-22,wk inc covid hosp,quantile,0.99,3376.4864190871667
01,2026-08-22,1,2026-08-29,wk inc covid hosp,quantile,0.99,252.6872096340259
02,2026-08-22,1,2026-08-29,wk inc covid hosp,quantile,0.99,347.533179259876
04,2026-08-22,1,2026-08-29,wk inc covid hosp,quantile,0.99,467.48032710660107
05,2026-08-22,1,2026-08-29,wk inc covid hosp,quantile,0.99,2304.206113549157
06,2026-08-22,1,2026-08-29,wk inc covid hosp,quantile,0.99,994.2512888701341
08,2026-08-22,1,2026-08-29,wk inc covid hosp,quantile,0.99,424.36772468435316
09,2026-08-22,1,2026-08-29,wk inc covid hosp,quantile,0.99,367.4988346641699
10,2026-08-22,1,2026-08-29,wk inc covid hosp,quantile,0.99,131.179556356158
11,2026-08-22,1,2026-08-29,wk inc covid hosp,quantile,0.99,3535.5964530372266
12,2026-08-22,1,2026-08-29,wk inc covid hosp,quantile,0.99,2462.010817464106
13,2026-08-22,1,2026-08-29,wk inc covid hosp,quantile,0.99,479.1794886631651
15,2026-08-22,1,2026-08-29,wk inc covid hosp,quantile,0.99,184.71052546537953
16,2026-08-22,1,2026-08-29,wk inc covid hosp,quantile,0.99,638.4340037799726
17,2026-08-22,1,2026-08-29,wk inc covid hosp,quantile,0.99,609.4908548455569
18,2026-08-22,1,2026-08-29,wk inc covid hosp,quantile,0.99,485.8591864216967
19,2026-08-22,1,2026-08-29,wk inc covid hosp,quantile,0.99,270.42767841666563
20,2026-08-22,1,2026-08-29,wk inc covid hosp,quantile,0.99,503.5487479275555
21,2026-08-22,1,2026-08-29,wk inc covid hosp,quantile,0.99,551.796589737559
22,2026-08-22,1,2026-08-29,wk inc covid hosp,quantile,0.99,331.42966015578975
23,2026-08-22,1,2026-08-29,wk inc covid hosp,quantile,0.99,464.8806687973506
24,2026-08-22,1,2026-08-29,wk inc covid hosp,quantile,0.99,556.7631850143595
25,2026-08-22,1,2026-08-29,wk inc covid hosp,quantile,0.99,1090.7531141139277
26,2026-08-22,1,2026-08-29,wk inc covid hosp,quantile,0.99,897.0265129601494
27,2026-08-22,1,2026-08-29,wk inc covid hosp,quantile,0.99,265.2852867316071
28,2026-08-22,1,2026-08-29,wk inc covid hosp,quantile,0.99,477.2644173487874
29,2026-08-22,1,2026-08-29,wk inc covid hosp,quantile,0.99,399.53485145455556
30,2026-08-22,1,2026-08-29,wk inc covid hosp,quantile,0.99,235.44222177316306
31,2026-08-22,1,2026-08-29,wk inc covid hosp,quantile,0.99,305.04190179277106
32,2026-08-22,1,2026-08-29,wk inc covid hosp,quantile,0.99,182.3847207411929
33,2026-08-22,1,2026-08-29,wk inc covid hosp,quantile,0.99,941.7287003693227
34,2026-08-22,1,2026-08-29,wk inc covid hosp,quantile,0.99,420.1645717251109
35,2026-08-22,1,2026-08-29,wk inc covid hosp,quantile,0.99,1530.2595443020737
36,2026-08-22,1,2026-08-29,wk inc covid hosp,quantile,0.99,1754.0392261726274
37,2026-08-22,1,2026-08-29,wk inc covid hosp,quantile,0.99,417.73993827137843
38,2026-08-22,1,2026-08-29,wk inc covid hosp,quantile,0.99,1039.3965244132228
39,2026-08-22,1,2026-08-29,wk inc covid hosp,quantile,0.99,623.7000331461732
40,2026-08-22,1,2026-08-29,wk inc covid hosp,quantile,0.99,451.3354720021435
41,2026-08-22,1,2026-08-29,wk inc covid hosp,quantile,0.99,734.9316819499709
42,2026-08-22,1,2026-08-29,wk inc covid hosp,quantile,0.99,734.6944024523658
44,2026-08-22,1,2026-08-29,wk inc covid hosp,quantile,0.99,457.33310633060074
45,2026-08-22,1,2026-08-29,wk inc covid hosp,quantile,0.99,211.2425787370077
46,2026-08-22,1,2026-08-29,wk inc covid hosp,quantile,0.99,689.1361075410458
47,2026-08-22,1,2026-08-29,wk inc covid hosp,quantile,0.99,1909.4808266578373
48,2026-08-22,1,2026-08-29,wk inc covid hosp,quantile,0.99,954.8312494887106
49,2026-08-22,1,2026-08-29,wk inc covid hosp,quantile,0.99,107.04230183151962
50,2026-08-22,1,2026-08-29,wk inc covid hosp,quantile,0.99,724.4932286810559
51,2026-08-22,1,2026-08-29,wk inc covid hosp,quantile,0.99,772.8301372094468
53,2026-08-22,1,2026-08-29,wk inc covid hosp,quantile,0.99,216.26541531063515
54,2026-08-22,1,2026-08-29,wk inc covid hosp,quantile,0.99,621.242652742031
55,2026-08-22,1,2026-08-29,wk inc covid hosp,quantile,0.99,359.4014621170884
56,2026-08-22,1,2026-08-29,wk inc covid hosp,quantile,0.99,364.90502259953587
72,2026-08-22,1,2026-08-29,wk inc covid hosp,quantile,0.99,20341.18960697037
US,2026-08-22,1,2026-08-29,wk inc covid hosp,quantile,0.99,4320.943062455217
01,2026-08-22,2,2026-09-05,wk inc covid hosp,quantile,0.99,311.7753019384724
02,2026-08-22,2,2026-09-05,wk inc covid hosp,quantile,0.99,520.9737198794159
04,2026-08-22,2,2026-09-05,wk inc covid hosp,quantile,0.99,593.0887980813563
05,2026-08-22,2,2026-09-05,wk inc covid hosp,quantile,0.99,2980.699010835863
06,2026-08-22,2,2026-09-05,wk inc covid hosp,quantile,0.99,1229.9391191856046
08,2026-08-22,2,2026-09-05,wk inc covid hosp,quantile,0.99,545.056210309342
09,2026-08-22,2,2026-09-05,wk inc covid hosp,quantile,0.99,463.7911968803331
10,2026-08-22,2,2026-09-05,wk inc covid hosp,quantile,0.99,160.64771901452482
11,2026-08-22,2,2026-09-05,wk inc covid hosp,quantile,0.99,4614.575586905265
12,2026-08-22,2,2026-09-05,wk inc covid hosp,quantile,0.99,3108.706866039918
13,2026-08-22,2,2026-09-05,wk inc covid hosp,quantile,0.99,586.5068248100699
15,2026-08-22,2,2026-09-05,wk inc covid hosp,quantile,0.99,233.37124543815972
16,2026-08-22,2,2026-09-05,wk inc covid hosp,quantile,0.99,899.1664805396756
17,2026-08-22,2,2026-09-05,wk inc covid hosp,quantile,0.99,793.761006942053
18,2026-08-22,2,2026-09-05,wk inc covid hosp,quantile,0.99,631.6759756192308
19,2026-08-22,2,2026-09-05,wk inc covid hosp,quantile,0.99,351.66835958143724
20,2026-08-22,2,2026-09-05,wk inc covid hosp,quantile,0.99,635.3279025086697
21,2026-08-22,2,2026-09-05,wk inc covid hosp,quantile,0.99,703.1203510535632
22,2026-08-22,2,2026-09-05,wk inc covid hosp,quantile,0.99,400.8197976414023
23,2026-08-22,2,2026-09-05,wk inc covid hosp,quantile,0.99,627.9911165900704
24,2026-08-22,2,2026-09-05,wk inc covid hosp,quantile,0.99,728.5745830706722
25,2026-08-22,2,2026-09-05,wk inc covid hosp,quantile,0.99,1421.0020472823148
26,2026-08-22,2,2026-09-05,wk inc covid hosp,quantile,0.99,1186.1451969407879
27,2026-08-22,2,2026-09-05,wk inc covid hosp,quantile,0.99,347.65794378279753
28,2026-08-22,2,2026-09-05,wk inc covid hosp,quantile,0.99,604.0703409442899
29,2026-08-22,2,2026-09-05,wk inc covid hosp,quantile,0.99,519.1665926004085
30,2026-08-22,2,2026-09-05,wk inc covid hosp,quantile,0.99,336.84397334762184
31,2026-08-22,2,2026-09-05,wk inc covid hosp,quantile,0.99,420.7082234293527
32,2026-08-22,2,2026-09-05,wk inc covid hosp,quantile,0.99,221.4973865828912
33,2026-08-22,2,2026-09-05,wk inc covid hosp,quantile,0.99,1267.650366167493
34,2026-08-22,2,2026-09-05,wk inc covid hosp,quantile,0.99,558.4706595595503
35,2026-08-22,2,2026-09-05,wk inc covid hosp,quantile,0.99,2086.092499511592
36,2026-08-22,2,2026-09-05,wk inc covid hosp,quantile,0.99,2179.587541096609
37,2026-08-22,2,2026-09-05,wk inc covid hosp,quantile,0.99,511.2443524225879
38,2026-08-22,2,2026-09-05,wk inc covid hosp,quantile,0.99,1472.6365721086042
39,2026-08-22,2,2026-09-05,wk inc covid hosp,quantile,0.99,817.6365969946079
40,2026-08-22,2,2026-09-05,wk inc covid hosp,quantile,0.99,596.6037647643348
41,2026-08-22,2,2026-09-05,wk inc covid hosp,quantile,0.99,935.2767028577575
42,2026-08-22,2,2026-09-05,wk inc covid hosp,quantile,0.99,921.0462222382187
44,2026-08-22,2,2026-09-05,wk inc covid hosp,quantile,0.99,621.9529513140893
45,2026-08-22,2,2026-09-05,wk inc covid hosp,quantile,0.99,278.49928637317305
46,2026-08-22,2,2026-09-05,wk inc covid hosp,quantile,0.99,1041.0265472839362
47,2026-08-22,2,2026-09-05,wk inc covid hosp,quantile,0.99,2362.0531990986456
48,2026-08-22,2,2026-09-05,wk inc covid hosp,quantile,0.99,1155.164966991497
49,2026-08-22,2,2026-09-05,wk inc covid hosp,quantile,0.99,141.4628654949834
50,2026-08-22,2,2026-09-05,wk inc covid hosp,quantile,0.99,1084.3795648481382
51,2026-08-22,2,2026-09-05,wk inc covid hosp,quantile,0.99,955.533858915793
53,2026-08-22,2,2026-09-05,wk inc covid hosp,quantile,0.99,273.41808251964227
54,2026-08-22,2,2026-09-05,wk inc covid hosp,quantile,0.99,834.3340249151051
55,2026-08-22,2,2026-09-05,wk inc covid hosp,quantile,0.99,460.8957359765146
56,2026-08-22,2,2026-09-05,wk inc covid hosp,quantile,0.99,535.5662652244738
72,2026-08-22,2,2026-09-05,wk inc covid hosp,quantile,0.99,25666.984550155074
US,2026-08-22,2,2026-09-05,wk inc covid hosp,quantile,0.99,5684.666715656908
01,2026-08-22,3,2026-09-12,wk inc covid hosp,quantile,0.99,371.1345113721958
02,2026-08-22,3,2026-09-12,wk inc covid hosp,quantile,0.99,661.1416621748563
04,2026-08-22,3,2026-09-12,wk inc covid hosp,quantile,0.99,728.1865795863137
05,2026-08-22,3,2026-09-12,wk inc covid hosp,quantile,0.99,3857.542362636644
06,2026-08-22,3,2026-09-12,wk inc covid hosp,quantile,0.99,1435.1932577922255
08,2026-08-22,3,2026-09-12,wk inc covid hosp,quantile,0.99,679.5137514987157
09,2026-08-22,3,2026-09-12,wk inc covid hosp,quantile,0.99,608.6351208857111
10,2026-08-22,3,2026-09-12,wk inc covid hosp,quantile,0.99,205.92444519497576
11,2026-08-22,3,2026-09-12,wk inc covid hosp,quantile,0.99,5929.777963388079
12,2026-08-22,3,2026-09-12,wk inc covid hosp,quantile,0.99,3645.0101108882095
13,2026-08-22,3,2026-09-12,wk inc covid hosp,quantile,0.99,686.0344583555197
15,2026-08-22,3,2026-09-12,wk inc covid hosp,quantile,0.99,303.2728027035484
16,2026-08-22,3,2026-09-12,wk inc covid hosp,quantile,0.99,1093.396580933087
17,2026-08-22,3,2026-09-12,wk inc covid hosp,quantile,0.99,986.1239648613602
18,2026-08-22,3,2026-09-12,wk inc covid hosp,quantile,0.99,798.0880346523926
19,2026-08-22,3,2026-09-12,wk inc covid hosp,quantile,0.99,445.01355832537257
20,2026-08-22,3,2026-09-12,wk inc covid hosp,quantile,0.99,848.4599386136554
21,2026-08-22,3,2026-09-12,wk inc covid hosp,quantile,0.99,866.814776691191
22,2026-08-22,3,2026-09-12,wk inc covid hosp,quantile,0.99,472.80255594782153
23,2026-08-22,3,2026-09-12,wk inc covid hosp,quantile,0.99,799.022552908134
24,2026-08-22,3,2026-09-12,wk inc covid hosp,quantile,0.99,913.8723656511138
25,2026-08-22,3,2026-09-12,wk inc covid hosp,quantile,0.99,1793.032718464225
26,2026-08-22,3,2026-09-12,wk inc covid hosp,quantile,0.99,1497.3481283247024
27,2026-08-22,3,2026-09-12,wk inc covid hosp,quantile,0.99,433.6030163878252
28,2026-08-22,3,2026-09-12,wk inc covid hosp,quantile,0.99,716.2685231219403
29,2026-08-22,3,2026-09-12,wk inc covid hosp,quantile,0.99,634.0849654121808
30,2026-08-22,3,2026-09-12,wk inc covid hosp,quantile,0.99,418.8600080251605
31,2026-08-22,3,2026-09-12,wk inc covid hosp,quantile,0.99,552.8958044822077
32,2026-08-22,3,2026-09-12,wk inc covid hosp,quantile,0.99,270.78846559025044
33,2026-08-22,3,2026-09-12,wk inc covid hosp,quantile,0.99,1609.5370263090474
34,2026-08-22,3,2026-09-12,wk inc covid hosp,quantile,0.99,700.4967467034726
35,2026-08-22,3,2026-09-12,wk inc covid hosp,quantile,0.99,2626.3550334259057
36,2026-08-22,3,2026-09-12,wk inc covid hosp,quantile,0.99,2558.1460851248326
37,2026-08-22,3,2026-09-12,wk inc covid hosp,quantile,0.99,611.2722613007234
38,2026-08-22,3,2026-09-12,wk inc covid hosp,quantile,0.99,1872.867425876771
39,2026-08-22,3,2026-09-12,wk inc covid hosp,quantile,0.99,1015.3230801019881
40,2026-08-22,3,2026-09-12,wk inc covid hosp,quantile,0.99,720.0627157078186
41,2026-08-22,3,2026-09-12,wk inc covid hosp,quantile,0.99,1124.708959229298
42,2026-08-22,3,2026-09-12,wk inc covid hosp,quantile,0.99,1168.3305634622454
44,2026-08-22,3,2026-09-12,wk inc covid hosp,quantile,0.99,837.413284803008
45,2026-08-22,3,2026-09-12,wk inc covid hosp,quantile,0.99,324.79425003499676
46,2026-08-22,3,2026-09-12,wk inc covid hosp,quantile,0.99,1439.8076270465044
47,2026-08-22,3,2026-09-12,wk inc covid hosp,quantile,0.99,2930.461540526381
48,2026-08-22,3,2026-09-12,wk inc covid hosp,quantile,0.99,1345.2369605461943
49,2026-08-22,3,2026-09-12,wk inc covid hosp,quantile,0.99,185.1849339349861
50,2026-08-22,3,2026-09-12,wk inc covid hosp,quantile,0.99,1539.0915513140005
51,2026-08-22,3,2026-09-12,wk inc covid hosp,quantile,0.99,1155.9033670516171
53,2026-08-22,3,2026-09-12,wk inc covid hosp,quantile,0.99,318.7024496943079
54,2026-08-22,3,2026-09-12,wk inc covid hosp,quantile,0.99,1091.4127300386872
55,2026-08-22,3,2026-09-12,wk inc covid hosp,quantile,0.99,555.3072950186984
56,2026-08-22,3,2026-09-12,wk inc covid hosp,quantile,0.99,714.0403046916724
72,2026-08-22,3,2026-09-12,wk inc covid hosp,quantile,0.99,31309.310791254095
US,2026-08-22,3,2026-09-12,wk inc covid hosp,quantile,0.99,6910.372289191065
