location,reference_date,horizon,target_end_date,target,output_type,output_type_id,value
01,2026-09-26,0,2026-09-26,wk inc covid hosp,quantile,0.01,43.14426264597033
02,2026-09-26,0,2026-09-26,wk inc covid hosp,quantile,0.01,0.0
04,2026-09-26,0,2026-09-26,wk inc covid hosp,quantile,0.01,33.12693776807916
05,2026-09-26,0,2026-09-26,wk inc covid hosp,quantile,0.01,3.2600806373408577
06,2026-09-26,0,2026-09-26,wk inc covid hosp,quantile,0.01,593.2802644058203
08,2026-09-26,0,2026-09-26,wk inc covid hosp,quantile,0.01,9.958537855059564
09,2026-09-26,0,2026-09-26,wk inc covid hosp,quantile,0.01,12.214829313965666
10,2026-09-26,0,2026-09-26,wk inc covid hosp,quantile,0.01,1.1245932210185199
11,2026-09-26,0,2026-09-26,wk inc covid hosp,quantile,0.01,0.664181164804304
12,2026-09-26,0,2026-09-26,wk inc covid hosp,quantile,0.01,288.2752444342453
13,2026-09-26,0,2026-09-26,wk inc covid hosp,quantile,0.01,36.378924270855755
15,2026-09-26,0,2026-09-26,wk inc covid hosp,quantile,0.01,17.83881767957384
16,2026-09-26,0,2026-09-26,wk inc covid hosp,quantile,0.01,2.4955402435899563
17,2026-09-26,0,2026-09-26,wk inc covid hosp,quantile,0.01,25.74544480078923
18,2026-09-26,0,2026-09-26,wk inc covid hosp,quantile,0.01,8.2538546092388
19,2026-09-26,0,2026-09-26,wk inc covid hosp,quantile,0.01,4.475074232172086
20,2026-09-26,0,2026-09-26,wk inc covid hosp,quantile,0.01,0.2528918151728051
21,2026-09-26,0,2026-09-26,wk inc covid hosp,quantile,0.01,7.329704853749413
22,2026-09-26,0,2026-09-26,wk inc covid hosp,quantile,0.01,35.49561258169439
23,2026-09-26,0,2026-09-26,wk inc covid hosp,quantile,0.01,0.0
24,2026-09-26,0,2026-09-26,wk inc covid hosp,quantile,0.01,12.772449579648534
25,2026-09-26,0,2026-09-26,wk inc covid hosp,quantile,0.01,15.261375951863613
26,2026-09-26,0,2026-09-26,wk inc covid hosp,quantile,0.01,20.332008624337693
27,2026-09-26,0,2026-09-26,wk inc covid hosp,quantile,0.01,9.135837234566086
28,2026-09-26,0,2026-09-26,wk inc covid hosp,quantile,0.01,10.72221847828042
29,2026-09-26,0,2026-09-26,wk inc covid hosp,quantile,0.01,15.842474354143006
30,2026-09-26,0,2026-09-26,wk inc covid hosp,quantile,0.01,4.144868041122903
31,2026-09-26,0,2026-09-26,wk inc covid hosp,quantile,0.01,0.0
32,2026-09-26,0,2026-09-26,wk inc covid hosp,quantile,0.01,11.617122178430538
33,2026-09-26,0,2026-09-26,wk inc covid hosp,quantile,0.01,0.0
34,2026-09-26,0,2026-09-26,wk inc covid hosp,quantile,0.01,59.830582913248044
35,2026-09-26,0,2026-09-26,wk inc covid hosp,quantile,0.01,2.7091246333751555
36,2026-09-26,0,2026-09-26,wk inc covid hosp,quantile,0.01,138.9532704318293
37,2026-09-26,0,2026-09-26,wk inc covid hosp,quantile,0.01,110.28850036107218
38,2026-09-26,0,2026-09-26,wk inc covid hosp,quantile,0.01,0.0
39,2026-09-26,0,2026-09-26,wk inc covid hosp,quantile,0.01,26.50235206619641
40,2026-09-26,0,2026-09-26,wk inc covid hosp,quantile,0.01,6.077757153633114
41,2026-09-26,0,2026-09-26,wk inc covid hosp,quantile,0.01,18.535499507936194
42,2026-09-26,0,2026-09-26,wk inc covid hosp,quantile,0.01,88.92607153045161
44,2026-09-26,0,2026-09-26,wk inc covid hosp,quantile,0.01,4.827261599472299
45,2026-09-26,0,2026-09-26,wk inc covid hosp,quantile,0.01,26.776779872490852
46,2026-09-26,0,2026-09-26,wk inc covid hosp,quantile,0.01,0.8804507235553414
47,2026-09-26,0,2026-09-26,wk inc covid hosp,quantile,0.01,37.63300094540255
48,2026-09-26,0,2026-09-26,wk inc covid hosp,quantile,0.01,212.757482864052
49,2026-09-26,0,2026-09-26,wk inc covid hosp,quantile,0.01,8.647701983138244
50,2026-09-26,0,2026-09-26,wk inc covid hosp,quantile,0.01,0.16221847622077046
51,2026-09-26,0,2026-09-26,wk inc covid hosp,quantile,0.01,19.658467239327916
53,2026-09-26,0,2026-09-26,wk inc covid hosp,quantile,0.01,77.84707789583442
54,2026-09-26,0,2026-09-26,wk inc covid hosp,quantile,0.01,6.032911825551861
55,2026-09-26,0,2026-09-26,wk inc covid hosp,quantile,0.01,7.910505060288868
56,2026-09-26,0,2026-09-26,wk inc covid hosp,quantile,0.01,0.0
72,2026-09-26,0,2026-09-26,wk inc covid hosp,quantile,0.01,43.19512414399372
US,2026-09-26,0,2026-09-26,wk inc covid hosp,quantile,0.01,2757.9523159892797
01,2026-09-26,1,2026-10-03,wk inc covid hosp,quantile,0.01,35.6960289409909
02,2026-09-26,1,2026-10-03,wk inc covid hosp,quantile,0.01,0.0
04,2026-09-26,1,2026-10-03,wk inc covid hosp,quantile,0.01,31.445902957644364
05,2026-09-26,1,2026-10-03,wk inc covid hosp,quantile,0.01,2.3797673423404766
06,2026-09-26,1,2026-10-03,wk inc covid hosp,quantile,0.01,532.5257267577713
08,2026-09-26,1,2026-10-03,wk inc covid hosp,quantile,0.01,9.500173781054237
09,2026-09-26,1,2026-10-03,wk inc covid hosp,quantile,0.01,10.491070301144857
10,2026-09-26,1,2026-10-03,wk inc covid hosp,quantile,0.01,1.0642334200939778
11,2026-09-26,1,2026-10-03,wk inc covid hosp,quantile,0.01,0.5344184783412932
12,2026-09-26,1,2026-10-03,wk inc covid hosp,quantile,0.01,260.3786660245551
13,2026-09-26,1,2026-10-03,wk inc covid hosp,quantile,0.01,30.743337322817073
15,2026-09-26,1,2026-10-03,wk inc covid hosp,quantile,0.01,15.39921926681765
16,2026-09-26,1,2026-10-03,wk inc covid hosp,quantile,0.01,1.7107758129463062
17,2026-09-26,1,2026-10-03,wk inc covid hosp,quantile,0.01,22.58954577336613
18,2026-09-26,1,2026-10-03,wk inc covid hosp,quantile,0.01,6.6408994427335895
19,2026-09-26,1,2026-10-03,wk inc covid hosp,quantile,0.01,3.6769987813227485
20,2026-09-26,1,2026-10-03,wk inc covid hosp,quantile,0.01,0.03243701649184821
21,2026-09-26,1,2026-10-03,wk inc covid hosp,quantile,0.01,6.417090823399184
22,2026-09-26,1,2026-10-03,wk inc covid hosp,quantile,0.01,28.221055570371544
23,2026-09-26,1,2026-10-03,wk inc covid hosp,quantile,0.01,0.0
24,2026-09-26,1,2026-10-03,wk inc covid hosp,quantile,0.01,11.695495487338805
25,2026-09-26,1,2026-10-03,wk inc covid hosp,quantile,0.01,13.28360314786116
26,2026-09-26,1,2026-10-03,wk inc covid hosp,quantile,0.01,18.53595422010077
27,2026-09-26,1,2026-10-03,wk inc covid hosp,quantile,0.01,8.229694596549432
28,2026-09-26,1,2026-10-03,wk inc covid hosp,quantile,0.01,8.487514144069976
29,2026-09-26,1,2026-10-03,wk inc covid hosp,quantile,0.01,14.24799618206516
30,2026-09-26,1,2026-10-03,wk inc covid hosp,quantile,0.01,3.7320493500950405
31,2026-09-26,1,2026-10-03,wk inc covid hosp,quantile,0.01,0.0
32,2026-09-26,1,2026-10-03,wk inc covid hosp,quantile,0.01,10.227020422220185
33,2026-09-26,1,2026-10-03,wk inc covid hosp,quantile,0.01,0.0
34,2026-09-26,1,2026-10-03,wk inc covid hosp,quantile,0.01,51.905497562503314
35,2026-09-26,1,2026-10-03,wk inc covid hosp,quantile,0.01,1.984428510756358
36,2026-09-26,1,2026-10-03,wk inc covid hosp,quantile,0.01,131.18635586700196
37,2026-09-26,1,2026-10-03,wk inc covid hosp,quantile,0.01,99.87723796157023
38,2026-09-26,1,2026-10-03,wk inc covid hosp,quantile,0.01,0.0
39,2026-09-26,1,2026-10-03,wk inc covid hosp,quantile,0.01,22.107113224516983
40,2026-09-26,1,2026-10-03,wk inc covid hosp,quantile,0.01,5.542425004007001
41,2026-09-26,1,2026-10-03,wk inc covid hosp,quantile,0.01,15.92725298210116
42,2026-09-26,1,2026-10-03,wk inc covid hosp,quantile,0.01,84.64493862242037
44,2026-09-26,1,2026-10-03,wk inc covid hosp,quantile,0.01,4.586199765046361
45,2026-09-26,1,2026-10-03,wk inc covid hosp,quantile,0.01,22.692064834868944
46,2026-09-26,1,2026-10-03,wk inc covid hosp,quantile,0.01,0.7711440299600776
47,2026-09-26,1,2026-10-03,wk inc covid hosp,quantile,0.01,33.889126456790166
48,2026-09-26,1,2026-10-03,wk inc covid hosp,quantile,0.01,184.45581191936233
49,2026-09-26,1,2026-10-03,wk inc covid hosp,quantile,0.01,7.313514282173379
50,2026-09-26,1,2026-10-03,wk inc covid hosp,quantile,0.01,0.05868872164230544
51,2026-09-26,1,2026-10-03,wk inc covid hosp,quantile,0.01,17.78802427413973
53,2026-09-26,1,2026-10-03,wk inc covid hosp,quantile,0.01,71.40165559629709
54,2026-09-26,1,2026-10-03,wk inc covid hosp,quantile,0.01,5.404796333073533
55,2026-09-26,1,2026-10-03,wk inc covid hosp,quantile,0.01,6.613915832452597
56,2026-09-26,1,2026-10-03,wk inc covid hosp,quantile,0.01,0.0
72,2026-09-26,1,2026-10-03,wk inc covid hosp,quantile,0.01,39.93234610078924
US,2026-09-26,1,2026-10-03,wk inc covid hosp,quantile,0.01,2423.251730617679
01,2026-09-26,2,2026-10-10,wk inc covid hosp,quantile,0.01,32.19030407728014
02,2026-09-26,2,2026-10-10,wk inc covid hosp,quantile,0.01,0.0
04,2026-09-26,2,2026-10-10,wk inc covid hosp,quantile,0.01,28.064168630567952
05,2026-09-26,2,2026-10-10,wk inc covid hosp,quantile,0.01,1.9074463270516633
06,2026-09-26,2,2026-10-10,wk inc covid hosp,quantile,0.01,464.3978097295315
08,2026-09-26,2,2026-10-10,wk inc covid hosp,quantile,0.01,8.937094933777962
09,2026-09-26,2,2026-10-10,wk inc covid hosp,quantile,0.01,10.284523293381145
10,2026-09-26,2,2026-10-10,wk inc covid hosp,quantile,0.01,0.9742858042886108
11,2026-09-26,2,2026-10-10,wk inc covid hosp,quantile,0.01,0.5070258333596832
12,2026-09-26,2,2026-10-10,wk inc covid hosp,quantile,0.01,222.72366374283456
13,2026-09-26,2,2026-10-10,wk inc covid hosp,quantile,0.01,26.192893564917785
15,2026-09-26,2,2026-10-10,wk inc covid hosp,quantile,0.01,13.841156902848008
16,2026-09-26,2,2026-10-10,wk inc covid hosp,quantile,0.01,1.546869913548288
17,2026-09-26,2,2026-10-10,wk inc covid hosp,quantile,0.01,21.190326240884144
18,2026-09-26,2,2026-10-10,wk inc covid hosp,quantile,0.01,6.264836179473159
19,2026-09-26,2,2026-10-10,wk inc covid hosp,quantile,0.01,3.180738111045955
20,2026-09-26,2,2026-10-10,wk inc covid hosp,quantile,0.01,0.0
21,2026-09-26,2,2026-10-10,wk inc covid hosp,quantile,0.01,6.108661148953075
22,2026-09-26,2,2026-10-10,wk inc covid hosp,quantile,0.01,24.703966963318326
23,2026-09-26,2,2026-10-10,wk inc covid hosp,quantile,0.01,0.0
24,2026-09-26,2,2026-10-10,wk inc covid hosp,quantile,0.01,11.824101081988534
25,2026-09-26,2,2026-10-10,wk inc covid hosp,quantile,0.01,13.347363543866644
26,2026-09-26,2,2026-10-10,wk inc covid hosp,quantile,0.01,17.331024761900903
27,2026-09-26,2,2026-10-10,wk inc covid hosp,quantile,0.01,7.263565189401858
28,2026-09-26,2,2026-10-10,wk inc covid hosp,quantile,0.01,6.6724032335952295
29,2026-09-26,2,2026-10-10,wk inc covid hosp,quantile,0.01,13.540006046157632
30,2026-09-26,2,2026-10-10,wk inc covid hosp,quantile,0.01,3.7043486350368275
31,2026-09-26,2,2026-10-10,wk inc covid hosp,quantile,0.01,0.0
32,2026-09-26,2,2026-10-10,wk inc covid hosp,quantile,0.01,9.217515026111782
33,2026-09-26,2,2026-10-10,wk inc covid hosp,quantile,0.01,0.0
34,2026-09-26,2,2026-10-10,wk inc covid hosp,quantile,0.01,49.24194948707956
35,2026-09-26,2,2026-10-10,wk inc covid hosp,quantile,0.01,2.034813841303102
36,2026-09-26,2,2026-10-10,wk inc covid hosp,quantile,0.01,123.94432294403325
37,2026-09-26,2,2026-10-10,wk inc covid hosp,quantile,0.01,89.11622366040339
38,2026-09-26,2,2026-10-10,wk inc covid hosp,quantile,0.01,0.0
39,2026-09-26,2,2026-10-10,wk inc covid hosp,quantile,0.01,21.68662092939863
40,2026-09-26,2,2026-10-10,wk inc covid hosp,quantile,0.01,5.080050525351029
41,2026-09-26,2,2026-10-10,wk inc covid hosp,quantile,0.01,15.872317837814354
42,2026-09-26,2,2026-10-10,wk inc covid hosp,quantile,0.01,82.9671259932642
44,2026-09-26,2,2026-10-10,wk inc covid hosp,quantile,0.01,4.494687789330173
45,2026-09-26,2,2026-10-10,wk inc covid hosp,quantile,0.01,20.954893380806375
46,2026-09-26,2,2026-10-10,wk inc covid hosp,quantile,0.01,0.6516653517052818
47,2026-09-26,2,2026-10-10,wk inc covid hosp,quantile,0.01,31.9025736676629
48,2026-09-26,2,2026-10-10,wk inc covid hosp,quantile,0.01,171.1376468061911
49,2026-09-26,2,2026-10-10,wk inc covid hosp,quantile,0.01,7.1307565138817335
50,2026-09-26,2,2026-10-10,wk inc covid hosp,quantile,0.01,0.09024394499214329
51,2026-09-26,2,2026-10-10,wk inc covid hosp,quantile,0.01,16.305870974742515
53,2026-09-26,2,2026-10-10,wk inc covid hosp,quantile,0.01,67.64131493558486
54,2026-09-26,2,2026-10-10,wk inc covid hosp,quantile,0.01,5.221385334452653
55,2026-09-26,2,2026-10-10,wk inc covid hosp,quantile,0.01,6.53275385744206
56,2026-09-26,2,2026-10-10,wk inc covid hosp,quantile,0.01,0.0
72,2026-09-26,2,2026-10-10,wk inc covid hosp,quantile,0.01,36.2300360338051
US,2026-09-26,2,2026-10-10,wk inc covid hosp,quantile,0.01,2329.136376186559
01,2026-09-26,3,2026-10-17,wk inc covid hosp,quantile,0.01,29.693594232852725
02,2026-09-26,3,2026-10-17,wk inc covid hosp,quantile,0.01,0.0
04,2026-09-26,3,2026-10-17,wk inc covid hosp,quantile,0.01,24.26583333443965
05,2026-09-26,3,2026-10-17,wk inc covid hosp,quantile,0.01,1.7536668539458964
06,2026-09-26,3,2026-10-17,wk inc covid hosp,quantile,0.01,412.50523192566686
08,2026-09-26,3,2026-10-17,wk inc covid hosp,quantile,0.01,8.596366631327081
09,2026-09-26,3,2026-10-17,wk inc covid hosp,quantile,0.01,9.808232244839292
10,2026-09-26,3,2026-10-17,wk inc covid hosp,quantile,0.01,0.9541564319445536
11,2026-09-26,3,2026-10-17,wk inc covid hosp,quantile,0.01,0.4783192170592337
12,2026-09-26,3,2026-10-17,wk inc covid hosp,quantile,0.01,186.284485341471
13,2026-09-26,3,2026-10-17,wk inc covid hosp,quantile,0.01,20.40130307495153
15,2026-09-26,3,2026-10-17,wk inc covid hosp,quantile,0.01,11.64560011723144
16,2026-09-26,3,2026-10-17,wk inc covid hosp,quantile,0.01,1.2883156963387796
17,2026-09-26,3,2026-10-17,wk inc covid hosp,quantile,0.01,19.21375576027175
18,2026-09-26,3,2026-10-17,wk inc covid hosp,quantile,0.01,5.073738563072976
19,2026-09-26,3,2026-10-17,wk inc covid hosp,quantile,0.01,2.891590415821163
20,2026-09-26,3,2026-10-17,wk inc covid hosp,quantile,0.01,0.0
21,2026-09-26,3,2026-10-17,wk inc covid hosp,quantile,0.01,5.416491045554908
22,2026-09-26,3,2026-10-17,wk inc covid hosp,quantile,0.01,20.574881976668195
23,2026-09-26,3,2026-10-17,wk inc covid hosp,quantile,0.01,0.0
24,2026-09-26,3,2026-10-17,wk inc covid hosp,quantile,0.01,10.524003262480099
25,2026-09-26,3,2026-10-17,wk inc covid hosp,quantile,0.01,12.39497820726226
26,2026-09-26,3,2026-10-17,wk inc covid hosp,quantile,0.01,16.232964213286046
27,2026-09-26,3,2026-10-17,wk inc covid hosp,quantile,0.01,6.676265960968056
28,2026-09-26,3,2026-10-17,wk inc covid hosp,quantile,0.01,6.394498976795867
29,2026-09-26,3,2026-10-17,wk inc covid hosp,quantile,0.01,12.041249822057964
30,2026-09-26,3,2026-10-17,wk inc covid hosp,quantile,0.01,3.567673324467591
31,2026-09-26,3,2026-10-17,wk inc covid hosp,quantile,0.01,0.0
32,2026-09-26,3,2026-10-17,wk inc covid hosp,quantile,0.01,7.633246068165776
33,2026-09-26,3,2026-10-17,wk inc covid hosp,quantile,0.01,0.0
34,2026-09-26,3,2026-10-17,wk inc covid hosp,quantile,0.01,42.10564434421163
35,2026-09-26,3,2026-10-17,wk inc covid hosp,quantile,0.01,1.5374919781895837
36,2026-09-26,3,2026-10-17,wk inc covid hosp,quantile,0.01,111.61038335814004
37,2026-09-26,3,2026-10-17,wk inc covid hosp,quantile,0.01,83.75274466146763
38,2026-09-26,3,2026-10-17,wk inc covid hosp,quantile,0.01,0.0
39,2026-09-26,3,2026-10-17,wk inc covid hosp,quantile,0.01,18.792424718294047
40,2026-09-26,3,2026-10-17,wk inc covid hosp,quantile,0.01,4.532678189896655
41,2026-09-26,3,2026-10-17,wk inc covid hosp,quantile,0.01,14.8245445236613
42,2026-09-26,3,2026-10-17,wk inc covid hosp,quantile,0.01,79.04629010502325
44,2026-09-26,3,2026-10-17,wk inc covid hosp,quantile,0.01,4.659727387724074
45,2026-09-26,3,2026-10-17,wk inc covid hosp,quantile,0.01,18.43050603967418
46,2026-09-26,3,2026-10-17,wk inc covid hosp,quantile,0.01,0.5910858062118568
47,2026-09-26,3,2026-10-17,wk inc covid hosp,quantile,0.01,28.03541745935326
48,2026-09-26,3,2026-10-17,wk inc covid hosp,quantile,0.01,143.55302873182842
49,2026-09-26,3,2026-10-17,wk inc covid hosp,quantile,0.01,6.886185647890292
50,2026-09-26,3,2026-10-17,wk inc covid hosp,quantile,0.01,0.029722079995009837
51,2026-09-26,3,2026-10-17,wk inc covid hosp,quantile,0.01,15.219206046668003
53,2026-09-26,3,2026-10-17,wk inc covid hosp,quantile,0.01,63.06449487113312
54,2026-09-26,3,2026-10-17,wk inc covid hosp,quantile,0.01,5.127890018639741
55,2026-09-26,3,2026-10-17,wk inc covid hosp,quantile,0.01,6.185620887250962
56,2026-09-26,3,2026-10-17,wk inc covid hosp,quantile,0.01,0.0
72,2026-09-26,3,2026-10-17,wk inc covid hosp,quantile,0.01,32.57460671874953
US,2026-09-26,3,2026-10-17,wk inc covid hosp,quantile,0.01,2191.4502566062574
01,2026-09-26,0,2026-09-26,wk inc covid hosp,quantile,0.025,62.0765721740051
02,2026-09-26,0,2026-09-26,wk inc covid hosp,quantile,0.025,0.1443370078917279
04,2026-09-26,0,2026-09-26,wk inc covid hosp,quantile,0.025,47.75743258519897
05,2026-09-26,0,2026-09-26,wk inc covid hosp,quantile,0.025,4.628002334293849
06,2026-09-26,0,2026-09-26,wk inc covid hosp,quantile,0.025,788.5769561463659
08,2026-09-26,0,2026-09-26,wk inc covid hosp,quantile,0.025,15.18906803253921
09,2026-09-26,0,2026-09-26,wk inc covid hosp,quantile,0.025,15.774097543919941
10,2026-09-26,0,2026-09-26,wk inc covid hosp,quantile,0.025,1.86432607783438
11,2026-09-26,0,2026-09-26,wk inc covid hosp,quantile,0.025,0.8286169552355074
12,2026-09-26,0,2026-09-26,wk inc covid hosp,quantile,0.025,429.9628608111782
13,2026-09-26,0,2026-09-26,wk inc covid hosp,quantile,0.025,60.97985657289135
15,2026-09-26,0,2026-09-26,wk inc covid hosp,quantile,0.025,22.671034699715385
16,2026-09-26,0,2026-09-26,wk inc covid hosp,quantile,0.025,4.199160157730657
17,2026-09-26,0,2026-09-26,wk inc covid hosp,quantile,0.025,38.03789410037499
18,2026-09-26,0,2026-09-26,wk inc covid hosp,quantile,0.025,13.665566125816891
19,2026-09-26,0,2026-09-26,wk inc covid hosp,quantile,0.025,6.5255707572667685
20,2026-09-26,0,2026-09-26,wk inc covid hosp,quantile,0.025,1.8243648466192057
21,2026-09-26,0,2026-09-26,wk inc covid hosp,quantile,0.025,10.235787651310352
22,2026-09-26,0,2026-09-26,wk inc covid hosp,quantile,0.025,49.97461321340657
23,2026-09-26,0,2026-09-26,wk inc covid hosp,quantile,0.025,0.0
24,2026-09-26,0,2026-09-26,wk inc covid hosp,quantile,0.025,19.52743662350327
25,2026-09-26,0,2026-09-26,wk inc covid hosp,quantile,0.025,20.39215131254297
26,2026-09-26,0,2026-09-26,wk inc covid hosp,quantile,0.025,25.652282883952708
27,2026-09-26,0,2026-09-26,wk inc covid hosp,quantile,0.025,13.849801642373917
28,2026-09-26,0,2026-09-26,wk inc covid hosp,quantile,0.025,14.658480573831913
29,2026-09-26,0,2026-09-26,wk inc covid hosp,quantile,0.025,22.74583107756185
30,2026-09-26,0,2026-09-26,wk inc covid hosp,quantile,0.025,4.676472491347793
31,2026-09-26,0,2026-09-26,wk inc covid hosp,quantile,0.025,0.47556812591156084
32,2026-09-26,0,2026-09-26,wk inc covid hosp,quantile,0.025,17.364314152221432
33,2026-09-26,0,2026-09-26,wk inc covid hosp,quantile,0.025,0.0
34,2026-09-26,0,2026-09-26,wk inc covid hosp,quantile,0.025,85.72557384005395
35,2026-09-26,0,2026-09-26,wk inc covid hosp,quantile,0.025,4.04637540201428
36,2026-09-26,0,2026-09-26,wk inc covid hosp,quantile,0.025,193.0521157987386
37,2026-09-26,0,2026-09-26,wk inc covid hosp,quantile,0.025,147.78334430625347
38,2026-09-26,0,2026-09-26,wk inc covid hosp,quantile,0.025,0.0
39,2026-09-26,0,2026-09-26,wk inc covid hosp,quantile,0.025,37.48633723973414
40,2026-09-26,0,2026-09-26,wk inc covid hosp,quantile,0.025,8.838096327050923
41,2026-09-26,0,2026-09-26,wk inc covid hosp,quantile,0.025,24.400462677267342
42,2026-09-26,0,2026-09-26,wk inc covid hosp,quantile,0.025,113.89163855464297
44,2026-09-26,0,2026-09-26,wk inc covid hosp,quantile,0.025,5.66031995550406
45,2026-09-26,0,2026-09-26,wk inc covid hosp,quantile,0.025,35.08022325717951
46,2026-09-26,0,2026-09-26,wk inc covid hosp,quantile,0.025,1.1680344966549148
47,2026-09-26,0,2026-09-26,wk inc covid hosp,quantile,0.025,51.50889643904169
48,2026-09-26,0,2026-09-26,wk inc covid hosp,quantile,0.025,289.2159594417952
49,2026-09-26,0,2026-09-26,wk inc covid hosp,quantile,0.025,11.803987524968791
50,2026-09-26,0,2026-09-26,wk inc covid hosp,quantile,0.025,0.4263986071502715
51,2026-09-26,0,2026-09-26,wk inc covid hosp,quantile,0.025,30.722992864732966
53,2026-09-26,0,2026-09-26,wk inc covid hosp,quantile,0.025,100.9523613439031
54,2026-09-26,0,2026-09-26,wk inc covid hosp,quantile,0.025,6.599099527848648
55,2026-09-26,0,2026-09-26,wk inc covid hosp,quantile,0.025,10.661776664954267
56,2026-09-26,0,2026-09-26,wk inc covid hosp,quantile,0.025,0.0
72,2026-09-26,0,2026-09-26,wk inc covid hosp,quantile,0.025,55.37900558358672
US,2026-09-26,0,2026-09-26,wk inc covid hosp,quantile,0.025,3651.4687874036426
01,2026-09-26,1,2026-10-03,wk inc covid hosp,quantile,0.025,49.71279540960446
02,2026-09-26,1,2026-10-03,wk inc covid hosp,quantile,0.025,0.1655911032083361
04,2026-09-26,1,2026-10-03,wk inc covid hosp,quantile,0.025,42.0012301883255
05,2026-09-26,1,2026-10-03,wk inc covid hosp,quantile,0.025,3.8631722907111223
06,2026-09-26,1,2026-10-03,wk inc covid hosp,quantile,0.025,729.5650841666909
08,2026-09-26,1,2026-10-03,wk inc covid hosp,quantile,0.025,13.823198179723581
09,2026-09-26,1,2026-10-03,wk inc covid hosp,quantile,0.025,14.22447971857935
10,2026-09-26,1,2026-10-03,wk inc covid hosp,quantile,0.025,1.840474531729804
11,2026-09-26,1,2026-10-03,wk inc covid hosp,quantile,0.025,0.7573341638428386
12,2026-09-26,1,2026-10-03,wk inc covid hosp,quantile,0.025,363.30422479194095
13,2026-09-26,1,2026-10-03,wk inc covid hosp,quantile,0.025,43.931063064148425
15,2026-09-26,1,2026-10-03,wk inc covid hosp,quantile,0.025,19.51480492571607
16,2026-09-26,1,2026-10-03,wk inc covid hosp,quantile,0.025,3.5832252758428473
17,2026-09-26,1,2026-10-03,wk inc covid hosp,quantile,0.025,36.390134283860704
18,2026-09-26,1,2026-10-03,wk inc covid hosp,quantile,0.025,12.436138450853525
19,2026-09-26,1,2026-10-03,wk inc covid hosp,quantile,0.025,5.644492584714152
20,2026-09-26,1,2026-10-03,wk inc covid hosp,quantile,0.025,1.5105361646309088
21,2026-09-26,1,2026-10-03,wk inc covid hosp,quantile,0.025,9.353415985900517
22,2026-09-26,1,2026-10-03,wk inc covid hosp,quantile,0.025,41.65505879472414
23,2026-09-26,1,2026-10-03,wk inc covid hosp,quantile,0.025,0.0
24,2026-09-26,1,2026-10-03,wk inc covid hosp,quantile,0.025,17.609648337723534
25,2026-09-26,1,2026-10-03,wk inc covid hosp,quantile,0.025,19.106583269277735
26,2026-09-26,1,2026-10-03,wk inc covid hosp,quantile,0.025,23.38699089156094
27,2026-09-26,1,2026-10-03,wk inc covid hosp,quantile,0.025,12.716464358472983
28,2026-09-26,1,2026-10-03,wk inc covid hosp,quantile,0.025,11.169495807868742
29,2026-09-26,1,2026-10-03,wk inc covid hosp,quantile,0.025,20.813341883347896
30,2026-09-26,1,2026-10-03,wk inc covid hosp,quantile,0.025,4.467183173131242
31,2026-09-26,1,2026-10-03,wk inc covid hosp,quantile,0.025,0.28402565536743046
32,2026-09-26,1,2026-10-03,wk inc covid hosp,quantile,0.025,14.749181851190984
33,2026-09-26,1,2026-10-03,wk inc covid hosp,quantile,0.025,0.0
34,2026-09-26,1,2026-10-03,wk inc covid hosp,quantile,0.025,72.94213507380637
35,2026-09-26,1,2026-10-03,wk inc covid hosp,quantile,0.025,3.7485321455924954
36,2026-09-26,1,2026-10-03,wk inc covid hosp,quantile,0.025,173.20087496022768
37,2026-09-26,1,2026-10-03,wk inc covid hosp,quantile,0.025,124.9836651713347
38,2026-09-26,1,2026-10-03,wk inc covid hosp,quantile,0.025,0.0
39,2026-09-26,1,2026-10-03,wk inc covid hosp,quantile,0.025,35.142998087858025
40,2026-09-26,1,2026-10-03,wk inc covid hosp,quantile,0.025,7.904288921251229
41,2026-09-26,1,2026-10-03,wk inc covid hosp,quantile,0.025,22.166552832240285
42,2026-09-26,1,2026-10-03,wk inc covid hosp,quantile,0.025,107.85588742285006
44,2026-09-26,1,2026-10-03,wk inc covid hosp,quantile,0.025,5.253933305488946
45,2026-09-26,1,2026-10-03,wk inc covid hosp,quantile,0.025,31.508180717153987
46,2026-09-26,1,2026-10-03,wk inc covid hosp,quantile,0.025,1.2078406290358774
47,2026-09-26,1,2026-10-03,wk inc covid hosp,quantile,0.025,45.923653121947886
48,2026-09-26,1,2026-10-03,wk inc covid hosp,quantile,0.025,257.9368187495326
49,2026-09-26,1,2026-10-03,wk inc covid hosp,quantile,0.025,10.499433759362239
50,2026-09-26,1,2026-10-03,wk inc covid hosp,quantile,0.025,0.4519094614594087
51,2026-09-26,1,2026-10-03,wk inc covid hosp,quantile,0.025,27.15236128244377
53,2026-09-26,1,2026-10-03,wk inc covid hosp,quantile,0.025,89.76422884144488
54,2026-09-26,1,2026-10-03,wk inc covid hosp,quantile,0.025,6.132773013722393
55,2026-09-26,1,2026-10-03,wk inc covid hosp,quantile,0.025,9.917620368208128
56,2026-09-26,1,2026-10-03,wk inc covid hosp,quantile,0.025,0.0
72,2026-09-26,1,2026-10-03,wk inc covid hosp,quantile,0.025,51.36994789013955
US,2026-09-26,1,2026-10-03,wk inc covid hosp,quantile,0.025,3344.2710919244146
01,2026-09-26,2,2026-10-10,wk inc covid hosp,quantile,0.025,42.44432859702478
02,2026-09-26,2,2026-10-10,wk inc covid hosp,quantile,0.025,0.16287464604200058
04,2026-09-26,2,2026-10-10,wk inc covid hosp,quantile,0.025,38.39736557777556
05,2026-09-26,2,2026-10-10,wk inc covid hosp,quantile,0.025,3.450758643232129
06,2026-09-26,2,2026-10-10,wk inc covid hosp,quantile,0.025,680.9289783817015
08,2026-09-26,2,2026-10-10,wk inc covid hosp,quantile,0.025,12.51552609400907
09,2026-09-26,2,2026-10-10,wk inc covid hosp,quantile,0.025,13.77035501058314
10,2026-09-26,2,2026-10-10,wk inc covid hosp,quantile,0.025,1.864080521478577
11,2026-09-26,2,2026-10-10,wk inc covid hosp,quantile,0.025,0.71833577602652
12,2026-09-26,2,2026-10-10,wk inc covid hosp,quantile,0.025,302.54070732693134
13,2026-09-26,2,2026-10-10,wk inc covid hosp,quantile,0.025,41.46947284500051
15,2026-09-26,2,2026-10-10,wk inc covid hosp,quantile,0.025,16.448659847155284
16,2026-09-26,2,2026-10-10,wk inc covid hosp,quantile,0.025,3.277191523939079
17,2026-09-26,2,2026-10-10,wk inc covid hosp,quantile,0.025,35.47433299448281
18,2026-09-26,2,2026-10-10,wk inc covid hosp,quantile,0.025,11.754368904482524
19,2026-09-26,2,2026-10-10,wk inc covid hosp,quantile,0.025,5.415480047284722
20,2026-09-26,2,2026-10-10,wk inc covid hosp,quantile,0.025,1.5508032523144397
21,2026-09-26,2,2026-10-10,wk inc covid hosp,quantile,0.025,9.138937079020844
22,2026-09-26,2,2026-10-10,wk inc covid hosp,quantile,0.025,32.847386886286664
23,2026-09-26,2,2026-10-10,wk inc covid hosp,quantile,0.025,0.0
24,2026-09-26,2,2026-10-10,wk inc covid hosp,quantile,0.025,16.299136749150147
25,2026-09-26,2,2026-10-10,wk inc covid hosp,quantile,0.025,18.266439126267993
26,2026-09-26,2,2026-10-10,wk inc covid hosp,quantile,0.025,22.730739294921104
27,2026-09-26,2,2026-10-10,wk inc covid hosp,quantile,0.025,11.591911354831334
28,2026-09-26,2,2026-10-10,wk inc covid hosp,quantile,0.025,9.894695415256633
29,2026-09-26,2,2026-10-10,wk inc covid hosp,quantile,0.025,20.22694342552353
30,2026-09-26,2,2026-10-10,wk inc covid hosp,quantile,0.025,4.305848872774937
31,2026-09-26,2,2026-10-10,wk inc covid hosp,quantile,0.025,0.2576267134727283
32,2026-09-26,2,2026-10-10,wk inc covid hosp,quantile,0.025,13.74367190749523
33,2026-09-26,2,2026-10-10,wk inc covid hosp,quantile,0.025,0.0
34,2026-09-26,2,2026-10-10,wk inc covid hosp,quantile,0.025,70.70414714865761
35,2026-09-26,2,2026-10-10,wk inc covid hosp,quantile,0.025,3.7334695765569226
36,2026-09-26,2,2026-10-10,wk inc covid hosp,quantile,0.025,169.77126207035207
37,2026-09-26,2,2026-10-10,wk inc covid hosp,quantile,0.025,111.64718627419131
38,2026-09-26,2,2026-10-10,wk inc covid hosp,quantile,0.025,0.0
39,2026-09-26,2,2026-10-10,wk inc covid hosp,quantile,0.025,31.668260452499943
40,2026-09-26,2,2026-10-10,wk inc covid hosp,quantile,0.025,7.722140933360796
41,2026-09-26,2,2026-10-10,wk inc covid hosp,quantile,0.025,21.476373586301808
42,2026-09-26,2,2026-10-10,wk inc covid hosp,quantile,0.025,107.43823186539267
44,2026-09-26,2,2026-10-10,wk inc covid hosp,quantile,0.025,5.031973197311122
45,2026-09-26,2,2026-10-10,wk inc covid hosp,quantile,0.025,29.240199828804013
46,2026-09-26,2,2026-10-10,wk inc covid hosp,quantile,0.025,1.1527393747322718
47,2026-09-26,2,2026-10-10,wk inc covid hosp,quantile,0.025,42.89783154394183
48,2026-09-26,2,2026-10-10,wk inc covid hosp,quantile,0.025,231.56547510471702
49,2026-09-26,2,2026-10-10,wk inc covid hosp,quantile,0.025,9.667597023760589
50,2026-09-26,2,2026-10-10,wk inc covid hosp,quantile,0.025,0.4568523613029399
51,2026-09-26,2,2026-10-10,wk inc covid hosp,quantile,0.025,25.452801210106028
53,2026-09-26,2,2026-10-10,wk inc covid hosp,quantile,0.025,83.21842728002326
54,2026-09-26,2,2026-10-10,wk inc covid hosp,quantile,0.025,5.965773527048636
55,2026-09-26,2,2026-10-10,wk inc covid hosp,quantile,0.025,9.576748113836224
56,2026-09-26,2,2026-10-10,wk inc covid hosp,quantile,0.025,0.0
72,2026-09-26,2,2026-10-10,wk inc covid hosp,quantile,0.025,44.85157968531867
US,2026-09-26,2,2026-10-10,wk inc covid hosp,quantile,0.025,3225.9019734135622
01,2026-09-26,3,2026-10-17,wk inc covid hosp,quantile,0.025,36.345953099257706
02,2026-09-26,3,2026-10-17,wk inc covid hosp,quantile,0.025,0.18249154397461181
04,2026-09-26,3,2026-10-17,wk inc covid hosp,quantile,0.025,35.302642304587515
05,2026-09-26,3,2026-10-17,wk inc covid hosp,quantile,0.025,2.7805825380148104
06,2026-09-26,3,2026-10-17,wk inc covid hosp,quantile,0.025,531.2282631095054
08,2026-09-26,3,2026-10-17,wk inc covid hosp,quantile,0.025,11.641811390498665
09,2026-09-26,3,2026-10-17,wk inc covid hosp,quantile,0.025,12.318248340958341
10,2026-09-26,3,2026-10-17,wk inc covid hosp,quantile,0.025,1.7382088012262265
11,2026-09-26,3,2026-10-17,wk inc covid hosp,quantile,0.025,0.7571707032430486
12,2026-09-26,3,2026-10-17,wk inc covid hosp,quantile,0.025,270.3044149388289
13,2026-09-26,3,2026-10-17,wk inc covid hosp,quantile,0.025,32.99834932031793
15,2026-09-26,3,2026-10-17,wk inc covid hosp,quantile,0.025,14.617363656752206
16,2026-09-26,3,2026-10-17,wk inc covid hosp,quantile,0.025,2.704465923169257
17,2026-09-26,3,2026-10-17,wk inc covid hosp,quantile,0.025,30.14927742237198
18,2026-09-26,3,2026-10-17,wk inc covid hosp,quantile,0.025,10.718176340076605
19,2026-09-26,3,2026-10-17,wk inc covid hosp,quantile,0.025,4.842050399192987
20,2026-09-26,3,2026-10-17,wk inc covid hosp,quantile,0.025,1.3828096460314596
21,2026-09-26,3,2026-10-17,wk inc covid hosp,quantile,0.025,8.635371931103995
22,2026-09-26,3,2026-10-17,wk inc covid hosp,quantile,0.025,24.574005186643543
23,2026-09-26,3,2026-10-17,wk inc covid hosp,quantile,0.025,0.0
24,2026-09-26,3,2026-10-17,wk inc covid hosp,quantile,0.025,14.338923214644982
25,2026-09-26,3,2026-10-17,wk inc covid hosp,quantile,0.025,17.644726456817892
26,2026-09-26,3,2026-10-17,wk inc covid hosp,quantile,0.025,21.258364787344068
27,2026-09-26,3,2026-10-17,wk inc covid hosp,quantile,0.025,10.106608305156739
28,2026-09-26,3,2026-10-17,wk inc covid hosp,quantile,0.025,9.459108196814173
29,2026-09-26,3,2026-10-17,wk inc covid hosp,quantile,0.025,17.94928699718234
30,2026-09-26,3,2026-10-17,wk inc covid hosp,quantile,0.025,4.151447139528678
31,2026-09-26,3,2026-10-17,wk inc covid hosp,quantile,0.025,0.3636875436408496
32,2026-09-26,3,2026-10-17,wk inc covid hosp,quantile,0.025,12.858496408543063
33,2026-09-26,3,2026-10-17,wk inc covid hosp,quantile,0.025,0.0
34,2026-09-26,3,2026-10-17,wk inc covid hosp,quantile,0.025,64.66808923854849
35,2026-09-26,3,2026-10-17,wk inc covid hosp,quantile,0.025,3.544550556348834
36,2026-09-26,3,2026-10-17,wk inc covid hosp,quantile,0.025,155.63965513544912
37,2026-09-26,3,2026-10-17,wk inc covid hosp,quantile,0.025,100.2335469416236
38,2026-09-26,3,2026-10-17,wk inc covid hosp,quantile,0.025,0.0
39,2026-09-26,3,2026-10-17,wk inc covid hosp,quantile,0.025,28.85419555679397
40,2026-09-26,3,2026-10-17,wk inc covid hosp,quantile,0.025,6.671755465478747
41,2026-09-26,3,2026-10-17,wk inc covid hosp,quantile,0.025,19.349557678231758
42,2026-09-26,3,2026-10-17,wk inc covid hosp,quantile,0.025,99.2708949205401
44,2026-09-26,3,2026-10-17,wk inc covid hosp,quantile,0.025,4.865525037428166
45,2026-09-26,3,2026-10-17,wk inc covid hosp,quantile,0.025,26.59480882698982
46,2026-09-26,3,2026-10-17,wk inc covid hosp,quantile,0.025,1.2673569633349777
47,2026-09-26,3,2026-10-17,wk inc covid hosp,quantile,0.025,39.720705072171015
48,2026-09-26,3,2026-10-17,wk inc covid hosp,quantile,0.025,170.11317013600438
49,2026-09-26,3,2026-10-17,wk inc covid hosp,quantile,0.025,8.807000393122141
50,2026-09-26,3,2026-10-17,wk inc covid hosp,quantile,0.025,0.47518420952453044
51,2026-09-26,3,2026-10-17,wk inc covid hosp,quantile,0.025,22.448853828198015
53,2026-09-26,3,2026-10-17,wk inc covid hosp,quantile,0.025,77.51538433553355
54,2026-09-26,3,2026-10-17,wk inc covid hosp,quantile,0.025,5.548792930196552
55,2026-09-26,3,2026-10-17,wk inc covid hosp,quantile,0.025,8.678994694376074
56,2026-09-26,3,2026-10-17,wk inc covid hosp,quantile,0.025,0.0
72,2026-09-26,3,2026-10-17,wk inc covid hosp,quantile,0.025,40.06544092295724
US,2026-09-26,3,2026-10-17,wk inc covid hosp,quantile,0.025,2915.7811319463376
01,2026-09-26,0,2026-09-26,wk inc covid hosp,quantile,0.05,69.67302361310074
02,2026-09-26,0,2026-09-26,wk inc covid hosp,quantile,0.05,0.537516847995209
04,2026-09-26,0,2026-09-26,wk inc covid hosp,quantile,0.05,52.307898853772336
05,2026-09-26,0,2026-09-26,wk inc covid hosp,quantile,0.05,6.955003096048966
06,2026-09-26,0,2026-09-26,wk inc covid hosp,quantile,0.05,871.4190739836557
08,2026-09-26,0,2026-09-26,wk inc covid hosp,quantile,0.05,18.395117810253396
09,2026-09-26,0,2026-09-26,wk inc covid hosp,quantile,0.05,19.058695100204517
10,2026-09-26,0,2026-09-26,wk inc covid hosp,quantile,0.05,2.0401254119626766
11,2026-09-26,0,2026-09-26,wk inc covid hosp,quantile,0.05,1.0996246417436464
12,2026-09-26,0,2026-09-26,wk inc covid hosp,quantile,0.05,480.7987509216342
13,2026-09-26,0,2026-09-26,wk inc covid hosp,quantile,0.05,69.2360232007264
15,2026-09-26,0,2026-09-26,wk inc covid hosp,quantile,0.05,24.099986654697332
16,2026-09-26,0,2026-09-26,wk inc covid hosp,quantile,0.05,5.286711061590357
17,2026-09-26,0,2026-09-26,wk inc covid hosp,quantile,0.05,46.66833785331795
18,2026-09-26,0,2026-09-26,wk inc covid hosp,quantile,0.05,14.30729069374487
19,2026-09-26,0,2026-09-26,wk inc covid hosp,quantile,0.05,7.2406700568888445
20,2026-09-26,0,2026-09-26,wk inc covid hosp,quantile,0.05,2.7025002335946873
21,2026-09-26,0,2026-09-26,wk inc covid hosp,quantile,0.05,11.421828975526305
22,2026-09-26,0,2026-09-26,wk inc covid hosp,quantile,0.05,60.95695619846997
23,2026-09-26,0,2026-09-26,wk inc covid hosp,quantile,0.05,0.0
24,2026-09-26,0,2026-09-26,wk inc covid hosp,quantile,0.05,21.806986339060295
25,2026-09-26,0,2026-09-26,wk inc covid hosp,quantile,0.05,20.42735722159474
26,2026-09-26,0,2026-09-26,wk inc covid hosp,quantile,0.05,25.992440291350974
27,2026-09-26,0,2026-09-26,wk inc covid hosp,quantile,0.05,14.866988633299167
28,2026-09-26,0,2026-09-26,wk inc covid hosp,quantile,0.05,19.039238705208735
29,2026-09-26,0,2026-09-26,wk inc covid hosp,quantile,0.05,24.419997141634756
30,2026-09-26,0,2026-09-26,wk inc covid hosp,quantile,0.05,5.366904270994415
31,2026-09-26,0,2026-09-26,wk inc covid hosp,quantile,0.05,1.2256100544975708
32,2026-09-26,0,2026-09-26,wk inc covid hosp,quantile,0.05,21.43721655590084
33,2026-09-26,0,2026-09-26,wk inc covid hosp,quantile,0.05,0.0
34,2026-09-26,0,2026-09-26,wk inc covid hosp,quantile,0.05,90.71256184795458
35,2026-09-26,0,2026-09-26,wk inc covid hosp,quantile,0.05,4.616150739316136
36,2026-09-26,0,2026-09-26,wk inc covid hosp,quantile,0.05,212.39327579261058
37,2026-09-26,0,2026-09-26,wk inc covid hosp,quantile,0.05,163.90091595755788
38,2026-09-26,0,2026-09-26,wk inc covid hosp,quantile,0.05,0.06210065917326364
39,2026-09-26,0,2026-09-26,wk inc covid hosp,quantile,0.05,41.12202874844215
40,2026-09-26,0,2026-09-26,wk inc covid hosp,quantile,0.05,11.592765857488706
41,2026-09-26,0,2026-09-26,wk inc covid hosp,quantile,0.05,27.641814969572014
42,2026-09-26,0,2026-09-26,wk inc covid hosp,quantile,0.05,120.53445247629226
44,2026-09-26,0,2026-09-26,wk inc covid hosp,quantile,0.05,5.730516257014189
45,2026-09-26,0,2026-09-26,wk inc covid hosp,quantile,0.05,39.9565963852994
46,2026-09-26,0,2026-09-26,wk inc covid hosp,quantile,0.05,1.4795324549164524
47,2026-09-26,0,2026-09-26,wk inc covid hosp,quantile,0.05,54.14734976558352
48,2026-09-26,0,2026-09-26,wk inc covid hosp,quantile,0.05,330.2191626237255
49,2026-09-26,0,2026-09-26,wk inc covid hosp,quantile,0.05,14.017074193794635
50,2026-09-26,0,2026-09-26,wk inc covid hosp,quantile,0.05,0.6350732147845582
51,2026-09-26,0,2026-09-26,wk inc covid hosp,quantile,0.05,34.1410938572478
53,2026-09-26,0,2026-09-26,wk inc covid hosp,quantile,0.05,109.92626669958085
54,2026-09-26,0,2026-09-26,wk inc covid hosp,quantile,0.05,7.2213141415248465
55,2026-09-26,0,2026-09-26,wk inc covid hosp,quantile,0.05,12.93669217129516
56,2026-09-26,0,2026-09-26,wk inc covid hosp,quantile,0.05,0.0
72,2026-09-26,0,2026-09-26,wk inc covid hosp,quantile,0.05,67.34742251389953
US,2026-09-26,0,2026-09-26,wk inc covid hosp,quantile,0.05,3853.4718793689476
01,2026-09-26,1,2026-10-03,wk inc covid hosp,quantile,0.05,58.00053081800367
02,2026-09-26,1,2026-10-03,wk inc covid hosp,quantile,0.05,0.557205164984166
04,2026-09-26,1,2026-10-03,wk inc covid hosp,quantile,0.05,47.66739426700491
05,2026-09-26,1,2026-10-03,wk inc covid hosp,quantile,0.05,6.544057567025494
06,2026-09-26,1,2026-10-03,wk inc covid hosp,quantile,0.05,808.9138993903621
08,2026-09-26,1,2026-10-03,wk inc covid hosp,quantile,0.05,17.50855412012785
09,2026-09-26,1,2026-10-03,wk inc covid hosp,quantile,0.05,19.416812767838465
10,2026-09-26,1,2026-10-03,wk inc covid hosp,quantile,0.05,1.9238818389440517
11,2026-09-26,1,2026-10-03,wk inc covid hosp,quantile,0.05,1.050200985422762
12,2026-09-26,1,2026-10-03,wk inc covid hosp,quantile,0.05,450.0799732237698
13,2026-09-26,1,2026-10-03,wk inc covid hosp,quantile,0.05,56.58970058569157
15,2026-09-26,1,2026-10-03,wk inc covid hosp,quantile,0.05,21.045300633137174
16,2026-09-26,1,2026-10-03,wk inc covid hosp,quantile,0.05,4.913687650102173
17,2026-09-26,1,2026-10-03,wk inc covid hosp,quantile,0.05,44.52039986119706
18,2026-09-26,1,2026-10-03,wk inc covid hosp,quantile,0.05,13.661803038176823
19,2026-09-26,1,2026-10-03,wk inc covid hosp,quantile,0.05,7.205042422726638
20,2026-09-26,1,2026-10-03,wk inc covid hosp,quantile,0.05,2.7090441141950223
21,2026-09-26,1,2026-10-03,wk inc covid hosp,quantile,0.05,11.19621552164624
22,2026-09-26,1,2026-10-03,wk inc covid hosp,quantile,0.05,48.070293765287296
23,2026-09-26,1,2026-10-03,wk inc covid hosp,quantile,0.05,0.0
24,2026-09-26,1,2026-10-03,wk inc covid hosp,quantile,0.05,21.783066313567755
25,2026-09-26,1,2026-10-03,wk inc covid hosp,quantile,0.05,19.97644725283368
26,2026-09-26,1,2026-10-03,wk inc covid hosp,quantile,0.05,24.59860072395253
27,2026-09-26,1,2026-10-03,wk inc covid hosp,quantile,0.05,14.498802493574361
28,2026-09-26,1,2026-10-03,wk inc covid hosp,quantile,0.05,14.754400085298615
29,2026-09-26,1,2026-10-03,wk inc covid hosp,quantile,0.05,23.475815005122513
30,2026-09-26,1,2026-10-03,wk inc covid hosp,quantile,0.05,5.000381038529221
31,2026-09-26,1,2026-10-03,wk inc covid hosp,quantile,0.05,1.2086194770440013
32,2026-09-26,1,2026-10-03,wk inc covid hosp,quantile,0.05,19.180525851241313
33,2026-09-26,1,2026-10-03,wk inc covid hosp,quantile,0.05,0.0
34,2026-09-26,1,2026-10-03,wk inc covid hosp,quantile,0.05,86.90400222771356
35,2026-09-26,1,2026-10-03,wk inc covid hosp,quantile,0.05,5.216828642375424
36,2026-09-26,1,2026-10-03,wk inc covid hosp,quantile,0.05,203.69844455886013
37,2026-09-26,1,2026-10-03,wk inc covid hosp,quantile,0.05,142.05962175408666
38,2026-09-26,1,2026-10-03,wk inc covid hosp,quantile,0.05,0.06210065917326364
39,2026-09-26,1,2026-10-03,wk inc covid hosp,quantile,0.05,38.66725899675379
40,2026-09-26,1,2026-10-03,wk inc covid hosp,quantile,0.05,10.74398229077702
41,2026-09-26,1,2026-10-03,wk inc covid hosp,quantile,0.05,26.09648879557791
42,2026-09-26,1,2026-10-03,wk inc covid hosp,quantile,0.05,119.26572770557812
44,2026-09-26,1,2026-10-03,wk inc covid hosp,quantile,0.05,5.5839134089213145
45,2026-09-26,1,2026-10-03,wk inc covid hosp,quantile,0.05,38.57399302580529
46,2026-09-26,1,2026-10-03,wk inc covid hosp,quantile,0.05,1.5323961925395904
47,2026-09-26,1,2026-10-03,wk inc covid hosp,quantile,0.05,49.84630694491548
48,2026-09-26,1,2026-10-03,wk inc covid hosp,quantile,0.05,283.7191046595264
49,2026-09-26,1,2026-10-03,wk inc covid hosp,quantile,0.05,13.605293987896722
50,2026-09-26,1,2026-10-03,wk inc covid hosp,quantile,0.05,0.699168607720701
51,2026-09-26,1,2026-10-03,wk inc covid hosp,quantile,0.05,32.84939594073088
53,2026-09-26,1,2026-10-03,wk inc covid hosp,quantile,0.05,101.41835055936053
54,2026-09-26,1,2026-10-03,wk inc covid hosp,quantile,0.05,6.6928331086188075
55,2026-09-26,1,2026-10-03,wk inc covid hosp,quantile,0.05,12.692386829520276
56,2026-09-26,1,2026-10-03,wk inc covid hosp,quantile,0.05,0.0
72,2026-09-26,1,2026-10-03,wk inc covid hosp,quantile,0.05,60.84114673657392
US,2026-09-26,1,2026-10-03,wk inc covid hosp,quantile,0.05,3720.8312645663054
01,2026-09-26,2,2026-10-10,wk inc covid hosp,quantile,0.05,49.57998279555842
02,2026-09-26,2,2026-10-10,wk inc covid hosp,quantile,0.05,0.5693583605041519
04,2026-09-26,2,2026-10-10,wk inc covid hosp,quantile,0.05,44.96537105643232
05,2026-09-26,2,2026-10-10,wk inc covid hosp,quantile,0.05,6.130704393297755
06,2026-09-26,2,2026-10-10,wk inc covid hosp,quantile,0.05,757.7043504759653
08,2026-09-26,2,2026-10-10,wk inc covid hosp,quantile,0.05,15.732081324828401
09,2026-09-26,2,2026-10-10,wk inc covid hosp,quantile,0.05,19.119465803013554
10,2026-09-26,2,2026-10-10,wk inc covid hosp,quantile,0.05,2.1758193321593176
11,2026-09-26,2,2026-10-10,wk inc covid hosp,quantile,0.05,0.9604616740737738
12,2026-09-26,2,2026-10-10,wk inc covid hosp,quantile,0.05,397.2510586882425
13,2026-09-26,2,2026-10-10,wk inc covid hosp,quantile,0.05,49.73810813931151
15,2026-09-26,2,2026-10-10,wk inc covid hosp,quantile,0.05,17.82438704460745
16,2026-09-26,2,2026-10-10,wk inc covid hosp,quantile,0.05,4.639249735007941
17,2026-09-26,2,2026-10-10,wk inc covid hosp,quantile,0.05,42.862689845918
18,2026-09-26,2,2026-10-10,wk inc covid hosp,quantile,0.05,14.32463119187657
19,2026-09-26,2,2026-10-10,wk inc covid hosp,quantile,0.05,7.174166718728362
20,2026-09-26,2,2026-10-10,wk inc covid hosp,quantile,0.05,2.9092557323022206
21,2026-09-26,2,2026-10-10,wk inc covid hosp,quantile,0.05,10.82982010183278
22,2026-09-26,2,2026-10-10,wk inc covid hosp,quantile,0.05,41.33365015460914
23,2026-09-26,2,2026-10-10,wk inc covid hosp,quantile,0.05,0.0
24,2026-09-26,2,2026-10-10,wk inc covid hosp,quantile,0.05,20.465953752159166
25,2026-09-26,2,2026-10-10,wk inc covid hosp,quantile,0.05,19.836664153779157
26,2026-09-26,2,2026-10-10,wk inc covid hosp,quantile,0.05,23.6793187064417
27,2026-09-26,2,2026-10-10,wk inc covid hosp,quantile,0.05,14.331718424450504
28,2026-09-26,2,2026-10-10,wk inc covid hosp,quantile,0.05,13.116626780941955
29,2026-09-26,2,2026-10-10,wk inc covid hosp,quantile,0.05,22.52724264459827
30,2026-09-26,2,2026-10-10,wk inc covid hosp,quantile,0.05,5.089625745302177
31,2026-09-26,2,2026-10-10,wk inc covid hosp,quantile,0.05,1.1693654983472466
32,2026-09-26,2,2026-10-10,wk inc covid hosp,quantile,0.05,17.100217764306556
33,2026-09-26,2,2026-10-10,wk inc covid hosp,quantile,0.05,0.0
34,2026-09-26,2,2026-10-10,wk inc covid hosp,quantile,0.05,81.81790155999656
35,2026-09-26,2,2026-10-10,wk inc covid hosp,quantile,0.05,5.210359907822077
36,2026-09-26,2,2026-10-10,wk inc covid hosp,quantile,0.05,200.48786299951564
37,2026-09-26,2,2026-10-10,wk inc covid hosp,quantile,0.05,123.36225977062055
38,2026-09-26,2,2026-10-10,wk inc covid hosp,quantile,0.05,0.11463790132258997
39,2026-09-26,2,2026-10-10,wk inc covid hosp,quantile,0.05,37.7873414942242
40,2026-09-26,2,2026-10-10,wk inc covid hosp,quantile,0.05,10.994630007419698
41,2026-09-26,2,2026-10-10,wk inc covid hosp,quantile,0.05,24.4612064323062
42,2026-09-26,2,2026-10-10,wk inc covid hosp,quantile,0.05,119.45729625189213
44,2026-09-26,2,2026-10-10,wk inc covid hosp,quantile,0.05,5.876602199478232
45,2026-09-26,2,2026-10-10,wk inc covid hosp,quantile,0.05,35.593977810576604
46,2026-09-26,2,2026-10-10,wk inc covid hosp,quantile,0.05,1.5773058576882593
47,2026-09-26,2,2026-10-10,wk inc covid hosp,quantile,0.05,46.5528347514764
48,2026-09-26,2,2026-10-10,wk inc covid hosp,quantile,0.05,250.8390561915209
49,2026-09-26,2,2026-10-10,wk inc covid hosp,quantile,0.05,12.457993683997751
50,2026-09-26,2,2026-10-10,wk inc covid hosp,quantile,0.05,0.7176892680069256
51,2026-09-26,2,2026-10-10,wk inc covid hosp,quantile,0.05,31.520413120681507
53,2026-09-26,2,2026-10-10,wk inc covid hosp,quantile,0.05,91.74792095546978
54,2026-09-26,2,2026-10-10,wk inc covid hosp,quantile,0.05,6.785187333219106
55,2026-09-26,2,2026-10-10,wk inc covid hosp,quantile,0.05,12.258337919793592
56,2026-09-26,2,2026-10-10,wk inc covid hosp,quantile,0.05,0.0
72,2026-09-26,2,2026-10-10,wk inc covid hosp,quantile,0.05,52.577852629941205
US,2026-09-26,2,2026-10-10,wk inc covid hosp,quantile,0.05,3638.9002383485426
01,2026-09-26,3,2026-10-17,wk inc covid hosp,quantile,0.05,41.75729192110274
02,2026-09-26,3,2026-10-17,wk inc covid hosp,quantile,0.05,0.5269432080573649
04,2026-09-26,3,2026-10-17,wk inc covid hosp,quantile,0.05,40.57771746266038
05,2026-09-26,3,2026-10-17,wk inc covid hosp,quantile,0.05,5.453457025005019
06,2026-09-26,3,2026-10-17,wk inc covid hosp,quantile,0.05,655.9347851961787
08,2026-09-26,3,2026-10-17,wk inc covid hosp,quantile,0.05,13.994849582826646
09,2026-09-26,3,2026-10-17,wk inc covid hosp,quantile,0.05,18.297847191505085
10,2026-09-26,3,2026-10-17,wk inc covid hosp,quantile,0.05,2.210607334488169
11,2026-09-26,3,2026-10-17,wk inc covid hosp,quantile,0.05,1.0085282476571618
12,2026-09-26,3,2026-10-17,wk inc covid hosp,quantile,0.05,316.52273573496933
13,2026-09-26,3,2026-10-17,wk inc covid hosp,quantile,0.05,39.338292301089105
15,2026-09-26,3,2026-10-17,wk inc covid hosp,quantile,0.05,16.48670797386919
16,2026-09-26,3,2026-10-17,wk inc covid hosp,quantile,0.05,3.9320911410128816
17,2026-09-26,3,2026-10-17,wk inc covid hosp,quantile,0.05,38.536023277743595
18,2026-09-26,3,2026-10-17,wk inc covid hosp,quantile,0.05,13.561520369976499
19,2026-09-26,3,2026-10-17,wk inc covid hosp,quantile,0.05,6.511947539932999
20,2026-09-26,3,2026-10-17,wk inc covid hosp,quantile,0.05,2.771781631464655
21,2026-09-26,3,2026-10-17,wk inc covid hosp,quantile,0.05,9.766461885681759
22,2026-09-26,3,2026-10-17,wk inc covid hosp,quantile,0.05,33.469581733240396
23,2026-09-26,3,2026-10-17,wk inc covid hosp,quantile,0.05,0.0
24,2026-09-26,3,2026-10-17,wk inc covid hosp,quantile,0.05,19.27749136002547
25,2026-09-26,3,2026-10-17,wk inc covid hosp,quantile,0.05,19.030494112961133
26,2026-09-26,3,2026-10-17,wk inc covid hosp,quantile,0.05,22.961146240365263
27,2026-09-26,3,2026-10-17,wk inc covid hosp,quantile,0.05,13.803985359133943
28,2026-09-26,3,2026-10-17,wk inc covid hosp,quantile,0.05,11.73003595622907
29,2026-09-26,3,2026-10-17,wk inc covid hosp,quantile,0.05,19.83844183180244
30,2026-09-26,3,2026-10-17,wk inc covid hosp,quantile,0.05,5.029731969673718
31,2026-09-26,3,2026-10-17,wk inc covid hosp,quantile,0.05,1.0085015051160062
32,2026-09-26,3,2026-10-17,wk inc covid hosp,quantile,0.05,15.641871568256708
33,2026-09-26,3,2026-10-17,wk inc covid hosp,quantile,0.05,0.0
34,2026-09-26,3,2026-10-17,wk inc covid hosp,quantile,0.05,71.9675650089462
35,2026-09-26,3,2026-10-17,wk inc covid hosp,quantile,0.05,5.237954936279734
36,2026-09-26,3,2026-10-17,wk inc covid hosp,quantile,0.05,185.13751947314958
37,2026-09-26,3,2026-10-17,wk inc covid hosp,quantile,0.05,108.10309600251759
38,2026-09-26,3,2026-10-17,wk inc covid hosp,quantile,0.05,0.1328753680986995
39,2026-09-26,3,2026-10-17,wk inc covid hosp,quantile,0.05,35.312879997415095
40,2026-09-26,3,2026-10-17,wk inc covid hosp,quantile,0.05,11.111794328549225
41,2026-09-26,3,2026-10-17,wk inc covid hosp,quantile,0.05,21.858751185011887
42,2026-09-26,3,2026-10-17,wk inc covid hosp,quantile,0.05,109.91947401457021
44,2026-09-26,3,2026-10-17,wk inc covid hosp,quantile,0.05,5.945796649978827
45,2026-09-26,3,2026-10-17,wk inc covid hosp,quantile,0.05,33.00504144671742
46,2026-09-26,3,2026-10-17,wk inc covid hosp,quantile,0.05,1.5176071266523856
47,2026-09-26,3,2026-10-17,wk inc covid hosp,quantile,0.05,41.93917442695727
48,2026-09-26,3,2026-10-17,wk inc covid hosp,quantile,0.05,205.84948130116484
49,2026-09-26,3,2026-10-17,wk inc covid hosp,quantile,0.05,11.459170945967152
50,2026-09-26,3,2026-10-17,wk inc covid hosp,quantile,0.05,0.807098365114936
51,2026-09-26,3,2026-10-17,wk inc covid hosp,quantile,0.05,25.7689087340949
53,2026-09-26,3,2026-10-17,wk inc covid hosp,quantile,0.05,84.07697320086262
54,2026-09-26,3,2026-10-17,wk inc covid hosp,quantile,0.05,6.947883588840034
55,2026-09-26,3,2026-10-17,wk inc covid hosp,quantile,0.05,11.839339159328873
56,2026-09-26,3,2026-10-17,wk inc covid hosp,quantile,0.05,0.0
72,2026-09-26,3,2026-10-17,wk inc covid hosp,quantile,0.05,48.716326615899995
US,2026-09-26,3,2026-10-17,wk inc covid hosp,quantile,0.05,3390.3658205943684
01,2026-09-26,0,2026-09-26,wk inc covid hosp,quantile,0.1,74.76627003068427
02,2026-09-26,0,2026-09-26,wk inc covid hosp,quantile,0.1,1.0245417697296824
04,2026-09-26,0,2026-09-26,wk inc covid hosp,quantile,0.1,58.17290440190522
05,2026-09-26,0,2026-09-26,wk inc covid hosp,quantile,0.1,8.816774341699155
06,2026-09-26,0,2026-09-26,wk inc covid hosp,quantile,0.1,937.4059709839545
08,2026-09-26,0,2026-09-26,wk inc covid hosp,quantile,0.1,21.88561619717329
09,2026-09-26,0,2026-09-26,wk inc covid hosp,quantile,0.1,22.222493613561756
10,2026-09-26,0,2026-09-26,wk inc covid hosp,quantile,0.1,2.6758362221537477
11,2026-09-26,0,2026-09-26,wk inc covid hosp,quantile,0.1,1.8519695043428723
12,2026-09-26,0,2026-09-26,wk inc covid hosp,quantile,0.1,507.0247962396877
13,2026-09-26,0,2026-09-26,wk inc covid hosp,quantile,0.1,77.42013494291051
15,2026-09-26,0,2026-09-26,wk inc covid hosp,quantile,0.1,26.40956937200767
16,2026-09-26,0,2026-09-26,wk inc covid hosp,quantile,0.1,7.028247365458967
17,2026-09-26,0,2026-09-26,wk inc covid hosp,quantile,0.1,50.138821552349285
18,2026-09-26,0,2026-09-26,wk inc covid hosp,quantile,0.1,16.615150499989145
19,2026-09-26,0,2026-09-26,wk inc covid hosp,quantile,0.1,9.02901188334014
20,2026-09-26,0,2026-09-26,wk inc covid hosp,quantile,0.1,4.02560114386784
21,2026-09-26,0,2026-09-26,wk inc covid hosp,quantile,0.1,13.831434175311816
22,2026-09-26,0,2026-09-26,wk inc covid hosp,quantile,0.1,64.21397135878132
23,2026-09-26,0,2026-09-26,wk inc covid hosp,quantile,0.1,0.0
24,2026-09-26,0,2026-09-26,wk inc covid hosp,quantile,0.1,25.843705399801326
25,2026-09-26,0,2026-09-26,wk inc covid hosp,quantile,0.1,25.226006088124738
26,2026-09-26,0,2026-09-26,wk inc covid hosp,quantile,0.1,34.52845711887005
27,2026-09-26,0,2026-09-26,wk inc covid hosp,quantile,0.1,18.347343774699855
28,2026-09-26,0,2026-09-26,wk inc covid hosp,quantile,0.1,21.261899658884712
29,2026-09-26,0,2026-09-26,wk inc covid hosp,quantile,0.1,29.325444995977264
30,2026-09-26,0,2026-09-26,wk inc covid hosp,quantile,0.1,6.549249196905211
31,2026-09-26,0,2026-09-26,wk inc covid hosp,quantile,0.1,2.3035961292294984
32,2026-09-26,0,2026-09-26,wk inc covid hosp,quantile,0.1,23.635749765367297
33,2026-09-26,0,2026-09-26,wk inc covid hosp,quantile,0.1,0.5134448712925214
34,2026-09-26,0,2026-09-26,wk inc covid hosp,quantile,0.1,104.44116528419498
35,2026-09-26,0,2026-09-26,wk inc covid hosp,quantile,0.1,6.897968411361307
36,2026-09-26,0,2026-09-26,wk inc covid hosp,quantile,0.1,228.54795167483698
37,2026-09-26,0,2026-09-26,wk inc covid hosp,quantile,0.1,173.21805519498264
38,2026-09-26,0,2026-09-26,wk inc covid hosp,quantile,0.1,0.14547812571494043
39,2026-09-26,0,2026-09-26,wk inc covid hosp,quantile,0.1,48.83746432064908
40,2026-09-26,0,2026-09-26,wk inc covid hosp,quantile,0.1,13.940459553816055
41,2026-09-26,0,2026-09-26,wk inc covid hosp,quantile,0.1,32.174218398130925
42,2026-09-26,0,2026-09-26,wk inc covid hosp,quantile,0.1,135.7799785551544
44,2026-09-26,0,2026-09-26,wk inc covid hosp,quantile,0.1,8.474117846102942
45,2026-09-26,0,2026-09-26,wk inc covid hosp,quantile,0.1,45.82972497172508
46,2026-09-26,0,2026-09-26,wk inc covid hosp,quantile,0.1,2.2463430240977633
47,2026-09-26,0,2026-09-26,wk inc covid hosp,quantile,0.1,60.848615226739554
48,2026-09-26,0,2026-09-26,wk inc covid hosp,quantile,0.1,357.588333561289
49,2026-09-26,0,2026-09-26,wk inc covid hosp,quantile,0.1,15.761918288947943
50,2026-09-26,0,2026-09-26,wk inc covid hosp,quantile,0.1,1.3216792694017985
51,2026-09-26,0,2026-09-26,wk inc covid hosp,quantile,0.1,39.375602583219305
53,2026-09-26,0,2026-09-26,wk inc covid hosp,quantile,0.1,114.23661208781712
54,2026-09-26,0,2026-09-26,wk inc covid hosp,quantile,0.1,9.29497461816564
55,2026-09-26,0,2026-09-26,wk inc covid hosp,quantile,0.1,15.742922129895964
56,2026-09-26,0,2026-09-26,wk inc covid hosp,quantile,0.1,0.0
72,2026-09-26,0,2026-09-26,wk inc covid hosp,quantile,0.1,73.58118945054544
US,2026-09-26,0,2026-09-26,wk inc covid hosp,quantile,0.1,4073.262565848628
01,2026-09-26,1,2026-10-03,wk inc covid hosp,quantile,0.1,67.35063069645496
02,2026-09-26,1,2026-10-03,wk inc covid hosp,quantile,0.1,1.007608253568786
04,2026-09-26,1,2026-10-03,wk inc covid hosp,quantile,0.1,55.61200293189223
05,2026-09-26,1,2026-10-03,wk inc covid hosp,quantile,0.1,8.484448192117377
06,2026-09-26,1,2026-10-03,wk inc covid hosp,quantile,0.1,867.4003455453723
08,2026-09-26,1,2026-10-03,wk inc covid hosp,quantile,0.1,21.60994448104993
09,2026-09-26,1,2026-10-03,wk inc covid hosp,quantile,0.1,22.22427261221751
10,2026-09-26,1,2026-10-03,wk inc covid hosp,quantile,0.1,2.6688067200878156
11,2026-09-26,1,2026-10-03,wk inc covid hosp,quantile,0.1,1.6668730719793878
12,2026-09-26,1,2026-10-03,wk inc covid hosp,quantile,0.1,472.45134033979883
13,2026-09-26,1,2026-10-03,wk inc covid hosp,quantile,0.1,66.99924348741104
15,2026-09-26,1,2026-10-03,wk inc covid hosp,quantile,0.1,23.251708593303597
16,2026-09-26,1,2026-10-03,wk inc covid hosp,quantile,0.1,7.131081922641077
17,2026-09-26,1,2026-10-03,wk inc covid hosp,quantile,0.1,52.37855086192518
18,2026-09-26,1,2026-10-03,wk inc covid hosp,quantile,0.1,17.19036006356845
19,2026-09-26,1,2026-10-03,wk inc covid hosp,quantile,0.1,9.079675797585159
20,2026-09-26,1,2026-10-03,wk inc covid hosp,quantile,0.1,4.036348862786284
21,2026-09-26,1,2026-10-03,wk inc covid hosp,quantile,0.1,13.942283115095398
22,2026-09-26,1,2026-10-03,wk inc covid hosp,quantile,0.1,55.37789504931367
23,2026-09-26,1,2026-10-03,wk inc covid hosp,quantile,0.1,0.0
24,2026-09-26,1,2026-10-03,wk inc covid hosp,quantile,0.1,25.845990711905603
25,2026-09-26,1,2026-10-03,wk inc covid hosp,quantile,0.1,25.384882503545782
26,2026-09-26,1,2026-10-03,wk inc covid hosp,quantile,0.1,32.86656209996548
27,2026-09-26,1,2026-10-03,wk inc covid hosp,quantile,0.1,19.212973749430137
28,2026-09-26,1,2026-10-03,wk inc covid hosp,quantile,0.1,19.295828846348403
29,2026-09-26,1,2026-10-03,wk inc covid hosp,quantile,0.1,29.54278173742408
30,2026-09-26,1,2026-10-03,wk inc covid hosp,quantile,0.1,6.397884710673976
31,2026-09-26,1,2026-10-03,wk inc covid hosp,quantile,0.1,2.2369765859289354
32,2026-09-26,1,2026-10-03,wk inc covid hosp,quantile,0.1,22.40434999171442
33,2026-09-26,1,2026-10-03,wk inc covid hosp,quantile,0.1,0.35254837895582264
34,2026-09-26,1,2026-10-03,wk inc covid hosp,quantile,0.1,95.78218460172899
35,2026-09-26,1,2026-10-03,wk inc covid hosp,quantile,0.1,6.947299808525402
36,2026-09-26,1,2026-10-03,wk inc covid hosp,quantile,0.1,232.93724387393797
37,2026-09-26,1,2026-10-03,wk inc covid hosp,quantile,0.1,157.2199708196157
38,2026-09-26,1,2026-10-03,wk inc covid hosp,quantile,0.1,0.22714566195007987
39,2026-09-26,1,2026-10-03,wk inc covid hosp,quantile,0.1,50.41882600600998
40,2026-09-26,1,2026-10-03,wk inc covid hosp,quantile,0.1,14.420004722535149
41,2026-09-26,1,2026-10-03,wk inc covid hosp,quantile,0.1,31.967996113246908
42,2026-09-26,1,2026-10-03,wk inc covid hosp,quantile,0.1,138.27283254348845
44,2026-09-26,1,2026-10-03,wk inc covid hosp,quantile,0.1,8.01088892425606
45,2026-09-26,1,2026-10-03,wk inc covid hosp,quantile,0.1,44.00097138777764
46,2026-09-26,1,2026-10-03,wk inc covid hosp,quantile,0.1,2.161671448058386
47,2026-09-26,1,2026-10-03,wk inc covid hosp,quantile,0.1,57.6580843840754
48,2026-09-26,1,2026-10-03,wk inc covid hosp,quantile,0.1,310.7287750561566
49,2026-09-26,1,2026-10-03,wk inc covid hosp,quantile,0.1,15.500147614642406
50,2026-09-26,1,2026-10-03,wk inc covid hosp,quantile,0.1,1.3587412733751405
51,2026-09-26,1,2026-10-03,wk inc covid hosp,quantile,0.1,39.42651811543399
53,2026-09-26,1,2026-10-03,wk inc covid hosp,quantile,0.1,106.7116455022903
54,2026-09-26,1,2026-10-03,wk inc covid hosp,quantile,0.1,9.289115113693246
55,2026-09-26,1,2026-10-03,wk inc covid hosp,quantile,0.1,15.98207170766392
56,2026-09-26,1,2026-10-03,wk inc covid hosp,quantile,0.1,0.0
72,2026-09-26,1,2026-10-03,wk inc covid hosp,quantile,0.1,60.95885629421303
US,2026-09-26,1,2026-10-03,wk inc covid hosp,quantile,0.1,4001.644038609786
01,2026-09-26,2,2026-10-10,wk inc covid hosp,quantile,0.1,62.37568746984737
02,2026-09-26,2,2026-10-10,wk inc covid hosp,quantile,0.1,1.104527850920677
04,2026-09-26,2,2026-10-10,wk inc covid hosp,quantile,0.1,54.53724070360436
05,2026-09-26,2,2026-10-10,wk inc covid hosp,quantile,0.1,8.28642411223664
06,2026-09-26,2,2026-10-10,wk inc covid hosp,quantile,0.1,829.881913851549
08,2026-09-26,2,2026-10-10,wk inc covid hosp,quantile,0.1,21.530408728932965
09,2026-09-26,2,2026-10-10,wk inc covid hosp,quantile,0.1,21.382193560660053
10,2026-09-26,2,2026-10-10,wk inc covid hosp,quantile,0.1,2.87856924503791
11,2026-09-26,2,2026-10-10,wk inc covid hosp,quantile,0.1,1.8695089725179184
12,2026-09-26,2,2026-10-10,wk inc covid hosp,quantile,0.1,454.92529301307536
13,2026-09-26,2,2026-10-10,wk inc covid hosp,quantile,0.1,59.68866386320414
15,2026-09-26,2,2026-10-10,wk inc covid hosp,quantile,0.1,21.136204266221334
16,2026-09-26,2,2026-10-10,wk inc covid hosp,quantile,0.1,6.976522140019351
17,2026-09-26,2,2026-10-10,wk inc covid hosp,quantile,0.1,51.56194878050632
18,2026-09-26,2,2026-10-10,wk inc covid hosp,quantile,0.1,17.10520425697017
19,2026-09-26,2,2026-10-10,wk inc covid hosp,quantile,0.1,9.78341458684257
20,2026-09-26,2,2026-10-10,wk inc covid hosp,quantile,0.1,4.202309973998864
21,2026-09-26,2,2026-10-10,wk inc covid hosp,quantile,0.1,14.11745877688304
22,2026-09-26,2,2026-10-10,wk inc covid hosp,quantile,0.1,46.65005593880598
23,2026-09-26,2,2026-10-10,wk inc covid hosp,quantile,0.1,0.0
24,2026-09-26,2,2026-10-10,wk inc covid hosp,quantile,0.1,26.314320199852077
25,2026-09-26,2,2026-10-10,wk inc covid hosp,quantile,0.1,26.08771362741889
26,2026-09-26,2,2026-10-10,wk inc covid hosp,quantile,0.1,32.62078426566825
27,2026-09-26,2,2026-10-10,wk inc covid hosp,quantile,0.1,19.86022573823044
28,2026-09-26,2,2026-10-10,wk inc covid hosp,quantile,0.1,18.62202535167468
29,2026-09-26,2,2026-10-10,wk inc covid hosp,quantile,0.1,30.068043544357618
30,2026-09-26,2,2026-10-10,wk inc covid hosp,quantile,0.1,6.616307443314943
31,2026-09-26,2,2026-10-10,wk inc covid hosp,quantile,0.1,2.4218169010157498
32,2026-09-26,2,2026-10-10,wk inc covid hosp,quantile,0.1,22.033815112601793
33,2026-09-26,2,2026-10-10,wk inc covid hosp,quantile,0.1,0.5631355866889388
34,2026-09-26,2,2026-10-10,wk inc covid hosp,quantile,0.1,94.82282396930054
35,2026-09-26,2,2026-10-10,wk inc covid hosp,quantile,0.1,6.955137922954241
36,2026-09-26,2,2026-10-10,wk inc covid hosp,quantile,0.1,226.81797496995733
37,2026-09-26,2,2026-10-10,wk inc covid hosp,quantile,0.1,144.04462953724146
38,2026-09-26,2,2026-10-10,wk inc covid hosp,quantile,0.1,0.2951594005738916
39,2026-09-26,2,2026-10-10,wk inc covid hosp,quantile,0.1,49.49922884738922
40,2026-09-26,2,2026-10-10,wk inc covid hosp,quantile,0.1,14.647613699895599
41,2026-09-26,2,2026-10-10,wk inc covid hosp,quantile,0.1,30.908977022863045
42,2026-09-26,2,2026-10-10,wk inc covid hosp,quantile,0.1,137.79221159370897
44,2026-09-26,2,2026-10-10,wk inc covid hosp,quantile,0.1,8.404424571723187
45,2026-09-26,2,2026-10-10,wk inc covid hosp,quantile,0.1,40.55786092312018
46,2026-09-26,2,2026-10-10,wk inc covid hosp,quantile,0.1,2.331823997569754
47,2026-09-26,2,2026-10-10,wk inc covid hosp,quantile,0.1,54.909363852408376
48,2026-09-26,2,2026-10-10,wk inc covid hosp,quantile,0.1,290.7626770290218
49,2026-09-26,2,2026-10-10,wk inc covid hosp,quantile,0.1,15.13120643446445
50,2026-09-26,2,2026-10-10,wk inc covid hosp,quantile,0.1,1.424368415712532
51,2026-09-26,2,2026-10-10,wk inc covid hosp,quantile,0.1,40.095218428861074
53,2026-09-26,2,2026-10-10,wk inc covid hosp,quantile,0.1,100.82430565778562
54,2026-09-26,2,2026-10-10,wk inc covid hosp,quantile,0.1,9.427920299919004
55,2026-09-26,2,2026-10-10,wk inc covid hosp,quantile,0.1,15.95092523750521
56,2026-09-26,2,2026-10-10,wk inc covid hosp,quantile,0.1,0.0
72,2026-09-26,2,2026-10-10,wk inc covid hosp,quantile,0.1,54.22923803511681
US,2026-09-26,2,2026-10-10,wk inc covid hosp,quantile,0.1,3847.5547956182522
01,2026-09-26,3,2026-10-17,wk inc covid hosp,quantile,0.1,58.23048650239272
02,2026-09-26,3,2026-10-17,wk inc covid hosp,quantile,0.1,1.0357578590200556
04,2026-09-26,3,2026-10-17,wk inc covid hosp,quantile,0.1,52.69986772214509
05,2026-09-26,3,2026-10-17,wk inc covid hosp,quantile,0.1,7.162793550874877
06,2026-09-26,3,2026-10-17,wk inc covid hosp,quantile,0.1,727.9952653303573
08,2026-09-26,3,2026-10-17,wk inc covid hosp,quantile,0.1,19.634106849376757
09,2026-09-26,3,2026-10-17,wk inc covid hosp,quantile,0.1,20.111097358245452
10,2026-09-26,3,2026-10-17,wk inc covid hosp,quantile,0.1,2.8440968811582095
11,2026-09-26,3,2026-10-17,wk inc covid hosp,quantile,0.1,1.8710732829587648
12,2026-09-26,3,2026-10-17,wk inc covid hosp,quantile,0.1,403.7468396677964
13,2026-09-26,3,2026-10-17,wk inc covid hosp,quantile,0.1,58.517679543249194
15,2026-09-26,3,2026-10-17,wk inc covid hosp,quantile,0.1,19.434937856208133
16,2026-09-26,3,2026-10-17,wk inc covid hosp,quantile,0.1,6.376205239493487
17,2026-09-26,3,2026-10-17,wk inc covid hosp,quantile,0.1,47.97142305343821
18,2026-09-26,3,2026-10-17,wk inc covid hosp,quantile,0.1,15.795707436542255
19,2026-09-26,3,2026-10-17,wk inc covid hosp,quantile,0.1,8.956387848990865
20,2026-09-26,3,2026-10-17,wk inc covid hosp,quantile,0.1,3.6034462969654593
21,2026-09-26,3,2026-10-17,wk inc covid hosp,quantile,0.1,13.12900563612637
22,2026-09-26,3,2026-10-17,wk inc covid hosp,quantile,0.1,40.56061281374037
23,2026-09-26,3,2026-10-17,wk inc covid hosp,quantile,0.1,0.0
24,2026-09-26,3,2026-10-17,wk inc covid hosp,quantile,0.1,26.08094003001482
25,2026-09-26,3,2026-10-17,wk inc covid hosp,quantile,0.1,24.271028562033706
26,2026-09-26,3,2026-10-17,wk inc covid hosp,quantile,0.1,31.269157200279338
27,2026-09-26,3,2026-10-17,wk inc covid hosp,quantile,0.1,17.570127579491714
28,2026-09-26,3,2026-10-17,wk inc covid hosp,quantile,0.1,17.614214133712352
29,2026-09-26,3,2026-10-17,wk inc covid hosp,quantile,0.1,28.719878327462943
30,2026-09-26,3,2026-10-17,wk inc covid hosp,quantile,0.1,6.407970478958533
31,2026-09-26,3,2026-10-17,wk inc covid hosp,quantile,0.1,2.3046997837163965
32,2026-09-26,3,2026-10-17,wk inc covid hosp,quantile,0.1,20.694892393601712
33,2026-09-26,3,2026-10-17,wk inc covid hosp,quantile,0.1,0.4876491052082491
34,2026-09-26,3,2026-10-17,wk inc covid hosp,quantile,0.1,90.16404119931522
35,2026-09-26,3,2026-10-17,wk inc covid hosp,quantile,0.1,6.970980584990435
36,2026-09-26,3,2026-10-17,wk inc covid hosp,quantile,0.1,206.48796459012897
37,2026-09-26,3,2026-10-17,wk inc covid hosp,quantile,0.1,132.3567961262535
38,2026-09-26,3,2026-10-17,wk inc covid hosp,quantile,0.1,0.26599705862767475
39,2026-09-26,3,2026-10-17,wk inc covid hosp,quantile,0.1,46.25075516079482
40,2026-09-26,3,2026-10-17,wk inc covid hosp,quantile,0.1,13.339471225396467
41,2026-09-26,3,2026-10-17,wk inc covid hosp,quantile,0.1,28.901009739725136
42,2026-09-26,3,2026-10-17,wk inc covid hosp,quantile,0.1,133.87775672353047
44,2026-09-26,3,2026-10-17,wk inc covid hosp,quantile,0.1,8.20453298193582
45,2026-09-26,3,2026-10-17,wk inc covid hosp,quantile,0.1,36.853178952163596
46,2026-09-26,3,2026-10-17,wk inc covid hosp,quantile,0.1,2.24114999176732
47,2026-09-26,3,2026-10-17,wk inc covid hosp,quantile,0.1,52.672284889250435
48,2026-09-26,3,2026-10-17,wk inc covid hosp,quantile,0.1,281.4463689733546
49,2026-09-26,3,2026-10-17,wk inc covid hosp,quantile,0.1,14.669186124009276
50,2026-09-26,3,2026-10-17,wk inc covid hosp,quantile,0.1,1.4008395215026272
51,2026-09-26,3,2026-10-17,wk inc covid hosp,quantile,0.1,36.72538933711267
53,2026-09-26,3,2026-10-17,wk inc covid hosp,quantile,0.1,94.24020103640225
54,2026-09-26,3,2026-10-17,wk inc covid hosp,quantile,0.1,9.385992248646817
55,2026-09-26,3,2026-10-17,wk inc covid hosp,quantile,0.1,15.529856103300029
56,2026-09-26,3,2026-10-17,wk inc covid hosp,quantile,0.1,0.0
72,2026-09-26,3,2026-10-17,wk inc covid hosp,quantile,0.1,55.01360390577293
US,2026-09-26,3,2026-10-17,wk inc covid hosp,quantile,0.1,3626.1421590512514
01,2026-09-26,0,2026-09-26,wk inc covid hosp,quantile,0.15,79.47303624516017
02,2026-09-26,0,2026-09-26,wk inc covid hosp,quantile,0.15,1.3219229769182403
04,2026-09-26,0,2026-09-26,wk inc covid hosp,quantile,0.15,60.27699906445567
05,2026-09-26,0,2026-09-26,wk inc covid hosp,quantile,0.15,10.010044041178299
06,2026-09-26,0,2026-09-26,wk inc covid hosp,quantile,0.15,961.7187526612362
08,2026-09-26,0,2026-09-26,wk inc covid hosp,quantile,0.15,24.669943776281638
09,2026-09-26,0,2026-09-26,wk inc covid hosp,quantile,0.15,22.383875823216233
10,2026-09-26,0,2026-09-26,wk inc covid hosp,quantile,0.15,3.5081012796671778
11,2026-09-26,0,2026-09-26,wk inc covid hosp,quantile,0.15,2.4639941262022647
12,2026-09-26,0,2026-09-26,wk inc covid hosp,quantile,0.15,521.6956136625911
13,2026-09-26,0,2026-09-26,wk inc covid hosp,quantile,0.15,80.5254166660949
15,2026-09-26,0,2026-09-26,wk inc covid hosp,quantile,0.15,26.99150129561661
16,2026-09-26,0,2026-09-26,wk inc covid hosp,quantile,0.15,8.19650507088442
17,2026-09-26,0,2026-09-26,wk inc covid hosp,quantile,0.15,55.37328782271491
18,2026-09-26,0,2026-09-26,wk inc covid hosp,quantile,0.15,19.438166535522804
19,2026-09-26,0,2026-09-26,wk inc covid hosp,quantile,0.15,11.11937994847004
20,2026-09-26,0,2026-09-26,wk inc covid hosp,quantile,0.15,4.242125139168277
21,2026-09-26,0,2026-09-26,wk inc covid hosp,quantile,0.15,15.810373533384656
22,2026-09-26,0,2026-09-26,wk inc covid hosp,quantile,0.15,67.70212143700952
23,2026-09-26,0,2026-09-26,wk inc covid hosp,quantile,0.15,0.0
24,2026-09-26,0,2026-09-26,wk inc covid hosp,quantile,0.15,29.059855826476813
25,2026-09-26,0,2026-09-26,wk inc covid hosp,quantile,0.15,27.736425087407376
26,2026-09-26,0,2026-09-26,wk inc covid hosp,quantile,0.15,36.77531425871257
27,2026-09-26,0,2026-09-26,wk inc covid hosp,quantile,0.15,20.953797480850586
28,2026-09-26,0,2026-09-26,wk inc covid hosp,quantile,0.15,23.590557251278682
29,2026-09-26,0,2026-09-26,wk inc covid hosp,quantile,0.15,32.285529456820356
30,2026-09-26,0,2026-09-26,wk inc covid hosp,quantile,0.15,7.430574265452835
31,2026-09-26,0,2026-09-26,wk inc covid hosp,quantile,0.15,2.7108877061809995
32,2026-09-26,0,2026-09-26,wk inc covid hosp,quantile,0.15,26.66881510238453
33,2026-09-26,0,2026-09-26,wk inc covid hosp,quantile,0.15,0.721945319115896
34,2026-09-26,0,2026-09-26,wk inc covid hosp,quantile,0.15,109.61135545270363
35,2026-09-26,0,2026-09-26,wk inc covid hosp,quantile,0.15,7.143357506040321
36,2026-09-26,0,2026-09-26,wk inc covid hosp,quantile,0.15,250.03894935245586
37,2026-09-26,0,2026-09-26,wk inc covid hosp,quantile,0.15,181.55590768261104
38,2026-09-26,0,2026-09-26,wk inc covid hosp,quantile,0.15,0.4630850406911108
39,2026-09-26,0,2026-09-26,wk inc covid hosp,quantile,0.15,53.656472500663234
40,2026-09-26,0,2026-09-26,wk inc covid hosp,quantile,0.15,15.79254143126587
41,2026-09-26,0,2026-09-26,wk inc covid hosp,quantile,0.15,34.31984440132896
42,2026-09-26,0,2026-09-26,wk inc covid hosp,quantile,0.15,142.98285916654427
44,2026-09-26,0,2026-09-26,wk inc covid hosp,quantile,0.15,9.470857348632821
45,2026-09-26,0,2026-09-26,wk inc covid hosp,quantile,0.15,47.43312297072537
46,2026-09-26,0,2026-09-26,wk inc covid hosp,quantile,0.15,2.862706998550763
47,2026-09-26,0,2026-09-26,wk inc covid hosp,quantile,0.15,63.30031209898335
48,2026-09-26,0,2026-09-26,wk inc covid hosp,quantile,0.15,387.7924223871908
49,2026-09-26,0,2026-09-26,wk inc covid hosp,quantile,0.15,18.74541123586087
50,2026-09-26,0,2026-09-26,wk inc covid hosp,quantile,0.15,1.6005906323114498
51,2026-09-26,0,2026-09-26,wk inc covid hosp,quantile,0.15,44.206110817821624
53,2026-09-26,0,2026-09-26,wk inc covid hosp,quantile,0.15,119.3503828141362
54,2026-09-26,0,2026-09-26,wk inc covid hosp,quantile,0.15,10.634728562626687
55,2026-09-26,0,2026-09-26,wk inc covid hosp,quantile,0.15,17.52120929118469
56,2026-09-26,0,2026-09-26,wk inc covid hosp,quantile,0.15,0.0
72,2026-09-26,0,2026-09-26,wk inc covid hosp,quantile,0.15,77.81995593764967
US,2026-09-26,0,2026-09-26,wk inc covid hosp,quantile,0.15,4418.740979903578
01,2026-09-26,1,2026-10-03,wk inc covid hosp,quantile,0.15,73.8850674255939
02,2026-09-26,1,2026-10-03,wk inc covid hosp,quantile,0.15,1.3376741721383916
04,2026-09-26,1,2026-10-03,wk inc covid hosp,quantile,0.15,59.95268632073525
05,2026-09-26,1,2026-10-03,wk inc covid hosp,quantile,0.15,10.010044041178299
06,2026-09-26,1,2026-10-03,wk inc covid hosp,quantile,0.15,903.996597514045
08,2026-09-26,1,2026-10-03,wk inc covid hosp,quantile,0.15,24.37685727132945
09,2026-09-26,1,2026-10-03,wk inc covid hosp,quantile,0.15,22.629331807980545
10,2026-09-26,1,2026-10-03,wk inc covid hosp,quantile,0.15,3.5817573528487237
11,2026-09-26,1,2026-10-03,wk inc covid hosp,quantile,0.15,2.5151098890698766
12,2026-09-26,1,2026-10-03,wk inc covid hosp,quantile,0.15,480.5269091854897
13,2026-09-26,1,2026-10-03,wk inc covid hosp,quantile,0.15,71.72493544545793
15,2026-09-26,1,2026-10-03,wk inc covid hosp,quantile,0.15,24.320962916915597
16,2026-09-26,1,2026-10-03,wk inc covid hosp,quantile,0.15,8.320325027729666
17,2026-09-26,1,2026-10-03,wk inc covid hosp,quantile,0.15,56.62283406016394
18,2026-09-26,1,2026-10-03,wk inc covid hosp,quantile,0.15,19.427611588189446
19,2026-09-26,1,2026-10-03,wk inc covid hosp,quantile,0.15,11.274164877098386
20,2026-09-26,1,2026-10-03,wk inc covid hosp,quantile,0.15,4.378184993113379
21,2026-09-26,1,2026-10-03,wk inc covid hosp,quantile,0.15,16.414722485018483
22,2026-09-26,1,2026-10-03,wk inc covid hosp,quantile,0.15,58.10698299642769
23,2026-09-26,1,2026-10-03,wk inc covid hosp,quantile,0.15,0.0
24,2026-09-26,1,2026-10-03,wk inc covid hosp,quantile,0.15,29.091774946576045
25,2026-09-26,1,2026-10-03,wk inc covid hosp,quantile,0.15,27.355253784705425
26,2026-09-26,1,2026-10-03,wk inc covid hosp,quantile,0.15,34.422450644716676
27,2026-09-26,1,2026-10-03,wk inc covid hosp,quantile,0.15,21.357957969860276
28,2026-09-26,1,2026-10-03,wk inc covid hosp,quantile,0.15,21.346116969542344
29,2026-09-26,1,2026-10-03,wk inc covid hosp,quantile,0.15,32.40212090937925
30,2026-09-26,1,2026-10-03,wk inc covid hosp,quantile,0.15,7.4219201406162245
31,2026-09-26,1,2026-10-03,wk inc covid hosp,quantile,0.15,2.6820864819326364
32,2026-09-26,1,2026-10-03,wk inc covid hosp,quantile,0.15,25.551096144112105
33,2026-09-26,1,2026-10-03,wk inc covid hosp,quantile,0.15,0.7160029044907754
34,2026-09-26,1,2026-10-03,wk inc covid hosp,quantile,0.15,108.68487294752384
35,2026-09-26,1,2026-10-03,wk inc covid hosp,quantile,0.15,7.279830383652241
36,2026-09-26,1,2026-10-03,wk inc covid hosp,quantile,0.15,244.44865154755237
37,2026-09-26,1,2026-10-03,wk inc covid hosp,quantile,0.15,169.12951510084278
38,2026-09-26,1,2026-10-03,wk inc covid hosp,quantile,0.15,0.5367226916646171
39,2026-09-26,1,2026-10-03,wk inc covid hosp,quantile,0.15,52.40372824132922
40,2026-09-26,1,2026-10-03,wk inc covid hosp,quantile,0.15,16.233196298820182
41,2026-09-26,1,2026-10-03,wk inc covid hosp,quantile,0.15,34.48854813834137
42,2026-09-26,1,2026-10-03,wk inc covid hosp,quantile,0.15,145.56934892812365
44,2026-09-26,1,2026-10-03,wk inc covid hosp,quantile,0.15,9.503958769367019
45,2026-09-26,1,2026-10-03,wk inc covid hosp,quantile,0.15,46.85839519623493
46,2026-09-26,1,2026-10-03,wk inc covid hosp,quantile,0.15,2.9269865141368863
47,2026-09-26,1,2026-10-03,wk inc covid hosp,quantile,0.15,62.644181220311474
48,2026-09-26,1,2026-10-03,wk inc covid hosp,quantile,0.15,360.3787730990736
49,2026-09-26,1,2026-10-03,wk inc covid hosp,quantile,0.15,18.677380743633698
50,2026-09-26,1,2026-10-03,wk inc covid hosp,quantile,0.15,1.6130154134998522
51,2026-09-26,1,2026-10-03,wk inc covid hosp,quantile,0.15,44.6409482324105
53,2026-09-26,1,2026-10-03,wk inc covid hosp,quantile,0.15,114.6189076017538
54,2026-09-26,1,2026-10-03,wk inc covid hosp,quantile,0.15,10.523223269659027
55,2026-09-26,1,2026-10-03,wk inc covid hosp,quantile,0.15,17.320307013636175
56,2026-09-26,1,2026-10-03,wk inc covid hosp,quantile,0.15,0.005795920516089546
72,2026-09-26,1,2026-10-03,wk inc covid hosp,quantile,0.15,69.56608868650846
US,2026-09-26,1,2026-10-03,wk inc covid hosp,quantile,0.15,4392.033555066761
01,2026-09-26,2,2026-10-10,wk inc covid hosp,quantile,0.15,65.21964850878243
02,2026-09-26,2,2026-10-10,wk inc covid hosp,quantile,0.15,1.3132491108028521
04,2026-09-26,2,2026-10-10,wk inc covid hosp,quantile,0.15,59.633949674832664
05,2026-09-26,2,2026-10-10,wk inc covid hosp,quantile,0.15,9.346788645306336
06,2026-09-26,2,2026-10-10,wk inc covid hosp,quantile,0.15,848.8109655128624
08,2026-09-26,2,2026-10-10,wk inc covid hosp,quantile,0.15,23.88497044027168
09,2026-09-26,2,2026-10-10,wk inc covid hosp,quantile,0.15,22.120395647315892
10,2026-09-26,2,2026-10-10,wk inc covid hosp,quantile,0.15,3.565547819145251
11,2026-09-26,2,2026-10-10,wk inc covid hosp,quantile,0.15,2.4759986810847274
12,2026-09-26,2,2026-10-10,wk inc covid hosp,quantile,0.15,467.35940003333144
13,2026-09-26,2,2026-10-10,wk inc covid hosp,quantile,0.15,68.62496132193742
15,2026-09-26,2,2026-10-10,wk inc covid hosp,quantile,0.15,23.560250688432134
16,2026-09-26,2,2026-10-10,wk inc covid hosp,quantile,0.15,8.50244278078454
17,2026-09-26,2,2026-10-10,wk inc covid hosp,quantile,0.15,58.53871779236753
18,2026-09-26,2,2026-10-10,wk inc covid hosp,quantile,0.15,21.47130891134509
19,2026-09-26,2,2026-10-10,wk inc covid hosp,quantile,0.15,11.048687354894444
20,2026-09-26,2,2026-10-10,wk inc covid hosp,quantile,0.15,4.224685623615832
21,2026-09-26,2,2026-10-10,wk inc covid hosp,quantile,0.15,16.63364134823318
22,2026-09-26,2,2026-10-10,wk inc covid hosp,quantile,0.15,49.863522594823735
23,2026-09-26,2,2026-10-10,wk inc covid hosp,quantile,0.15,0.0
24,2026-09-26,2,2026-10-10,wk inc covid hosp,quantile,0.15,29.745380322547298
25,2026-09-26,2,2026-10-10,wk inc covid hosp,quantile,0.15,27.78257243034484
26,2026-09-26,2,2026-10-10,wk inc covid hosp,quantile,0.15,36.30422910441995
27,2026-09-26,2,2026-10-10,wk inc covid hosp,quantile,0.15,22.077196019647054
28,2026-09-26,2,2026-10-10,wk inc covid hosp,quantile,0.15,20.6967508741193
29,2026-09-26,2,2026-10-10,wk inc covid hosp,quantile,0.15,33.01855693545339
30,2026-09-26,2,2026-10-10,wk inc covid hosp,quantile,0.15,7.526335678171394
31,2026-09-26,2,2026-10-10,wk inc covid hosp,quantile,0.15,2.8478306953067873
32,2026-09-26,2,2026-10-10,wk inc covid hosp,quantile,0.15,24.764311614291774
33,2026-09-26,2,2026-10-10,wk inc covid hosp,quantile,0.15,0.8374409756440945
34,2026-09-26,2,2026-10-10,wk inc covid hosp,quantile,0.15,108.33176030632674
35,2026-09-26,2,2026-10-10,wk inc covid hosp,quantile,0.15,7.544694121145097
36,2026-09-26,2,2026-10-10,wk inc covid hosp,quantile,0.15,238.0580925144107
37,2026-09-26,2,2026-10-10,wk inc covid hosp,quantile,0.15,150.85761555996316
38,2026-09-26,2,2026-10-10,wk inc covid hosp,quantile,0.15,0.6395185315096945
39,2026-09-26,2,2026-10-10,wk inc covid hosp,quantile,0.15,53.403367288559096
40,2026-09-26,2,2026-10-10,wk inc covid hosp,quantile,0.15,16.095948636285538
41,2026-09-26,2,2026-10-10,wk inc covid hosp,quantile,0.15,33.30497590008073
42,2026-09-26,2,2026-10-10,wk inc covid hosp,quantile,0.15,148.10878648234294
44,2026-09-26,2,2026-10-10,wk inc covid hosp,quantile,0.15,9.588523368594739
45,2026-09-26,2,2026-10-10,wk inc covid hosp,quantile,0.15,44.68156234073692
46,2026-09-26,2,2026-10-10,wk inc covid hosp,quantile,0.15,2.976011261553185
47,2026-09-26,2,2026-10-10,wk inc covid hosp,quantile,0.15,60.86172428890464
48,2026-09-26,2,2026-10-10,wk inc covid hosp,quantile,0.15,352.3171749066478
49,2026-09-26,2,2026-10-10,wk inc covid hosp,quantile,0.15,18.955894375160664
50,2026-09-26,2,2026-10-10,wk inc covid hosp,quantile,0.15,1.8191240797157868
51,2026-09-26,2,2026-10-10,wk inc covid hosp,quantile,0.15,44.854410267267774
53,2026-09-26,2,2026-10-10,wk inc covid hosp,quantile,0.15,110.1320808687984
54,2026-09-26,2,2026-10-10,wk inc covid hosp,quantile,0.15,10.775265739001327
55,2026-09-26,2,2026-10-10,wk inc covid hosp,quantile,0.15,17.710434344521683
56,2026-09-26,2,2026-10-10,wk inc covid hosp,quantile,0.15,0.05231635290741512
72,2026-09-26,2,2026-10-10,wk inc covid hosp,quantile,0.15,61.35931416458059
US,2026-09-26,2,2026-10-10,wk inc covid hosp,quantile,0.15,4218.424403045356
01,2026-09-26,3,2026-10-17,wk inc covid hosp,quantile,0.15,60.00935337068541
02,2026-09-26,3,2026-10-17,wk inc covid hosp,quantile,0.15,1.2470009258083328
04,2026-09-26,3,2026-10-17,wk inc covid hosp,quantile,0.15,58.71884990199494
05,2026-09-26,3,2026-10-17,wk inc covid hosp,quantile,0.15,9.276251912761229
06,2026-09-26,3,2026-10-17,wk inc covid hosp,quantile,0.15,752.9052774569967
08,2026-09-26,3,2026-10-17,wk inc covid hosp,quantile,0.15,22.89558448562026
09,2026-09-26,3,2026-10-17,wk inc covid hosp,quantile,0.15,23.690367103603332
10,2026-09-26,3,2026-10-17,wk inc covid hosp,quantile,0.15,3.470519917671026
11,2026-09-26,3,2026-10-17,wk inc covid hosp,quantile,0.15,2.491461974914219
12,2026-09-26,3,2026-10-17,wk inc covid hosp,quantile,0.15,428.0339236052481
13,2026-09-26,3,2026-10-17,wk inc covid hosp,quantile,0.15,63.26315376117808
15,2026-09-26,3,2026-10-17,wk inc covid hosp,quantile,0.15,21.938096379742515
16,2026-09-26,3,2026-10-17,wk inc covid hosp,quantile,0.15,7.95627722840209
17,2026-09-26,3,2026-10-17,wk inc covid hosp,quantile,0.15,55.98889482061467
18,2026-09-26,3,2026-10-17,wk inc covid hosp,quantile,0.15,20.441169396847695
19,2026-09-26,3,2026-10-17,wk inc covid hosp,quantile,0.15,11.466912497921973
20,2026-09-26,3,2026-10-17,wk inc covid hosp,quantile,0.15,4.186612878142569
21,2026-09-26,3,2026-10-17,wk inc covid hosp,quantile,0.15,16.571151806311548
22,2026-09-26,3,2026-10-17,wk inc covid hosp,quantile,0.15,43.64067072814858
23,2026-09-26,3,2026-10-17,wk inc covid hosp,quantile,0.15,0.0
24,2026-09-26,3,2026-10-17,wk inc covid hosp,quantile,0.15,29.154265833633495
25,2026-09-26,3,2026-10-17,wk inc covid hosp,quantile,0.15,27.48486959436642
26,2026-09-26,3,2026-10-17,wk inc covid hosp,quantile,0.15,38.88442833402326
27,2026-09-26,3,2026-10-17,wk inc covid hosp,quantile,0.15,21.500075744865672
28,2026-09-26,3,2026-10-17,wk inc covid hosp,quantile,0.15,19.895568906296408
29,2026-09-26,3,2026-10-17,wk inc covid hosp,quantile,0.15,32.732321809402244
30,2026-09-26,3,2026-10-17,wk inc covid hosp,quantile,0.15,7.502786430274736
31,2026-09-26,3,2026-10-17,wk inc covid hosp,quantile,0.15,2.9001478293451695
32,2026-09-26,3,2026-10-17,wk inc covid hosp,quantile,0.15,24.007003914987813
33,2026-09-26,3,2026-10-17,wk inc covid hosp,quantile,0.15,0.7971801766597794
34,2026-09-26,3,2026-10-17,wk inc covid hosp,quantile,0.15,103.68442157996024
35,2026-09-26,3,2026-10-17,wk inc covid hosp,quantile,0.15,7.16462262132924
36,2026-09-26,3,2026-10-17,wk inc covid hosp,quantile,0.15,234.3280735298582
37,2026-09-26,3,2026-10-17,wk inc covid hosp,quantile,0.15,134.44701571375805
38,2026-09-26,3,2026-10-17,wk inc covid hosp,quantile,0.15,0.5879122728231854
39,2026-09-26,3,2026-10-17,wk inc covid hosp,quantile,0.15,54.12834831951587
40,2026-09-26,3,2026-10-17,wk inc covid hosp,quantile,0.15,15.152895973530978
41,2026-09-26,3,2026-10-17,wk inc covid hosp,quantile,0.15,32.05130978304172
42,2026-09-26,3,2026-10-17,wk inc covid hosp,quantile,0.15,148.43813757368378
44,2026-09-26,3,2026-10-17,wk inc covid hosp,quantile,0.15,9.453181449685959
45,2026-09-26,3,2026-10-17,wk inc covid hosp,quantile,0.15,42.88254586528371
46,2026-09-26,3,2026-10-17,wk inc covid hosp,quantile,0.15,3.051583023442157
47,2026-09-26,3,2026-10-17,wk inc covid hosp,quantile,0.15,58.904541657218076
48,2026-09-26,3,2026-10-17,wk inc covid hosp,quantile,0.15,318.9142052121793
49,2026-09-26,3,2026-10-17,wk inc covid hosp,quantile,0.15,18.218191900817807
50,2026-09-26,3,2026-10-17,wk inc covid hosp,quantile,0.15,1.8765977805219975
51,2026-09-26,3,2026-10-17,wk inc covid hosp,quantile,0.15,41.07468997540226
53,2026-09-26,3,2026-10-17,wk inc covid hosp,quantile,0.15,98.83295246876632
54,2026-09-26,3,2026-10-17,wk inc covid hosp,quantile,0.15,10.742221202365746
55,2026-09-26,3,2026-10-17,wk inc covid hosp,quantile,0.15,18.780624236638793
56,2026-09-26,3,2026-10-17,wk inc covid hosp,quantile,0.15,0.0537922687234279
72,2026-09-26,3,2026-10-17,wk inc covid hosp,quantile,0.15,58.2796548364203
US,2026-09-26,3,2026-10-17,wk inc covid hosp,quantile,0.15,4003.2322739210963
01,2026-09-26,0,2026-09-26,wk inc covid hosp,quantile,0.2,84.69431294809476
02,2026-09-26,0,2026-09-26,wk inc covid hosp,quantile,0.2,1.7928610827616789
04,2026-09-26,0,2026-09-26,wk inc covid hosp,quantile,0.2,66.26931508932769
05,2026-09-26,0,2026-09-26,wk inc covid hosp,quantile,0.2,11.112385358893999
06,2026-09-26,0,2026-09-26,wk inc covid hosp,quantile,0.2,1029.1376047236106
08,2026-09-26,0,2026-09-26,wk inc covid hosp,quantile,0.2,26.561717165569743
09,2026-09-26,0,2026-09-26,wk inc covid hosp,quantile,0.2,24.942886128601288
10,2026-09-26,0,2026-09-26,wk inc covid hosp,quantile,0.2,4.2772416651590035
11,2026-09-26,0,2026-09-26,wk inc covid hosp,quantile,0.2,3.0959307688072752
12,2026-09-26,0,2026-09-26,wk inc covid hosp,quantile,0.2,551.2168845068614
13,2026-09-26,0,2026-09-26,wk inc covid hosp,quantile,0.2,86.72815119946392
15,2026-09-26,0,2026-09-26,wk inc covid hosp,quantile,0.2,30.43319881104853
16,2026-09-26,0,2026-09-26,wk inc covid hosp,quantile,0.2,9.421390396469826
17,2026-09-26,0,2026-09-26,wk inc covid hosp,quantile,0.2,57.83443323809993
18,2026-09-26,0,2026-09-26,wk inc covid hosp,quantile,0.2,22.512885141140156
19,2026-09-26,0,2026-09-26,wk inc covid hosp,quantile,0.2,12.426303038169445
20,2026-09-26,0,2026-09-26,wk inc covid hosp,quantile,0.2,5.167337732944212
21,2026-09-26,0,2026-09-26,wk inc covid hosp,quantile,0.2,18.215257780508058
22,2026-09-26,0,2026-09-26,wk inc covid hosp,quantile,0.2,70.62864217611312
23,2026-09-26,0,2026-09-26,wk inc covid hosp,quantile,0.2,0.11463807432944763
24,2026-09-26,0,2026-09-26,wk inc covid hosp,quantile,0.2,31.96278834330396
25,2026-09-26,0,2026-09-26,wk inc covid hosp,quantile,0.2,29.69946863656591
26,2026-09-26,0,2026-09-26,wk inc covid hosp,quantile,0.2,40.07699567119098
27,2026-09-26,0,2026-09-26,wk inc covid hosp,quantile,0.2,23.37025998394278
28,2026-09-26,0,2026-09-26,wk inc covid hosp,quantile,0.2,25.64065954501243
29,2026-09-26,0,2026-09-26,wk inc covid hosp,quantile,0.2,34.61400429791648
30,2026-09-26,0,2026-09-26,wk inc covid hosp,quantile,0.2,8.451073160203286
31,2026-09-26,0,2026-09-26,wk inc covid hosp,quantile,0.2,3.295479673128125
32,2026-09-26,0,2026-09-26,wk inc covid hosp,quantile,0.2,26.749162836303693
33,2026-09-26,0,2026-09-26,wk inc covid hosp,quantile,0.2,1.077054733746718
34,2026-09-26,0,2026-09-26,wk inc covid hosp,quantile,0.2,116.82569509715758
35,2026-09-26,0,2026-09-26,wk inc covid hosp,quantile,0.2,7.671428797266113
36,2026-09-26,0,2026-09-26,wk inc covid hosp,quantile,0.2,253.68863088476
37,2026-09-26,0,2026-09-26,wk inc covid hosp,quantile,0.2,190.5586844029734
38,2026-09-26,0,2026-09-26,wk inc covid hosp,quantile,0.2,0.656478420384091
39,2026-09-26,0,2026-09-26,wk inc covid hosp,quantile,0.2,56.38242037275485
40,2026-09-26,0,2026-09-26,wk inc covid hosp,quantile,0.2,16.899183773850737
41,2026-09-26,0,2026-09-26,wk inc covid hosp,quantile,0.2,36.77887700045618
42,2026-09-26,0,2026-09-26,wk inc covid hosp,quantile,0.2,145.95211385374074
44,2026-09-26,0,2026-09-26,wk inc covid hosp,quantile,0.2,10.438430263418969
45,2026-09-26,0,2026-09-26,wk inc covid hosp,quantile,0.2,52.54575649337234
46,2026-09-26,0,2026-09-26,wk inc covid hosp,quantile,0.2,3.3126913738719193
47,2026-09-26,0,2026-09-26,wk inc covid hosp,quantile,0.2,68.8196392908525
48,2026-09-26,0,2026-09-26,wk inc covid hosp,quantile,0.2,392.52841639479357
49,2026-09-26,0,2026-09-26,wk inc covid hosp,quantile,0.2,19.63874101492713
50,2026-09-26,0,2026-09-26,wk inc covid hosp,quantile,0.2,1.8030598729259488
51,2026-09-26,0,2026-09-26,wk inc covid hosp,quantile,0.2,47.27487825151304
53,2026-09-26,0,2026-09-26,wk inc covid hosp,quantile,0.2,124.53283167922329
54,2026-09-26,0,2026-09-26,wk inc covid hosp,quantile,0.2,11.338699132421615
55,2026-09-26,0,2026-09-26,wk inc covid hosp,quantile,0.2,18.77286661301089
56,2026-09-26,0,2026-09-26,wk inc covid hosp,quantile,0.2,0.1313814909240847
72,2026-09-26,0,2026-09-26,wk inc covid hosp,quantile,0.2,80.34920410749118
US,2026-09-26,0,2026-09-26,wk inc covid hosp,quantile,0.2,4444.329267336775
01,2026-09-26,1,2026-10-03,wk inc covid hosp,quantile,0.2,79.17129845537647
02,2026-09-26,1,2026-10-03,wk inc covid hosp,quantile,0.2,1.8441266944707668
04,2026-09-26,1,2026-10-03,wk inc covid hosp,quantile,0.2,64.70892892673376
05,2026-09-26,1,2026-10-03,wk inc covid hosp,quantile,0.2,10.994506150019797
06,2026-09-26,1,2026-10-03,wk inc covid hosp,quantile,0.2,989.942262218022
08,2026-09-26,1,2026-10-03,wk inc covid hosp,quantile,0.2,26.58385154266797
09,2026-09-26,1,2026-10-03,wk inc covid hosp,quantile,0.2,25.827351618532195
10,2026-09-26,1,2026-10-03,wk inc covid hosp,quantile,0.2,4.515671487277887
11,2026-09-26,1,2026-10-03,wk inc covid hosp,quantile,0.2,3.0922743568386077
12,2026-09-26,1,2026-10-03,wk inc covid hosp,quantile,0.2,502.52084119335063
13,2026-09-26,1,2026-10-03,wk inc covid hosp,quantile,0.2,80.66869096647218
15,2026-09-26,1,2026-10-03,wk inc covid hosp,quantile,0.2,28.981912169186955
16,2026-09-26,1,2026-10-03,wk inc covid hosp,quantile,0.2,9.565378569582206
17,2026-09-26,1,2026-10-03,wk inc covid hosp,quantile,0.2,59.02743037760636
18,2026-09-26,1,2026-10-03,wk inc covid hosp,quantile,0.2,23.255884241494538
19,2026-09-26,1,2026-10-03,wk inc covid hosp,quantile,0.2,12.589723209892504
20,2026-09-26,1,2026-10-03,wk inc covid hosp,quantile,0.2,5.426461745072619
21,2026-09-26,1,2026-10-03,wk inc covid hosp,quantile,0.2,18.62794733225473
22,2026-09-26,1,2026-10-03,wk inc covid hosp,quantile,0.2,62.370551888925384
23,2026-09-26,1,2026-10-03,wk inc covid hosp,quantile,0.2,0.17791756200991501
24,2026-09-26,1,2026-10-03,wk inc covid hosp,quantile,0.2,32.92538173405546
25,2026-09-26,1,2026-10-03,wk inc covid hosp,quantile,0.2,29.184471404388223
26,2026-09-26,1,2026-10-03,wk inc covid hosp,quantile,0.2,39.969815719017646
27,2026-09-26,1,2026-10-03,wk inc covid hosp,quantile,0.2,23.435315425046486
28,2026-09-26,1,2026-10-03,wk inc covid hosp,quantile,0.2,23.76041668529643
29,2026-09-26,1,2026-10-03,wk inc covid hosp,quantile,0.2,35.307815679842506
30,2026-09-26,1,2026-10-03,wk inc covid hosp,quantile,0.2,8.630264253777018
31,2026-09-26,1,2026-10-03,wk inc covid hosp,quantile,0.2,3.2460658539677936
32,2026-09-26,1,2026-10-03,wk inc covid hosp,quantile,0.2,25.679399831733328
33,2026-09-26,1,2026-10-03,wk inc covid hosp,quantile,0.2,1.1630144716281696
34,2026-09-26,1,2026-10-03,wk inc covid hosp,quantile,0.2,118.44773237586496
35,2026-09-26,1,2026-10-03,wk inc covid hosp,quantile,0.2,7.835521251049537
36,2026-09-26,1,2026-10-03,wk inc covid hosp,quantile,0.2,258.57066307868155
37,2026-09-26,1,2026-10-03,wk inc covid hosp,quantile,0.2,181.9767551119485
38,2026-09-26,1,2026-10-03,wk inc covid hosp,quantile,0.2,0.6794346994989393
39,2026-09-26,1,2026-10-03,wk inc covid hosp,quantile,0.2,56.41801848190119
40,2026-09-26,1,2026-10-03,wk inc covid hosp,quantile,0.2,17.254885868831
41,2026-09-26,1,2026-10-03,wk inc covid hosp,quantile,0.2,36.86039404805654
42,2026-09-26,1,2026-10-03,wk inc covid hosp,quantile,0.2,148.55939241917926
44,2026-09-26,1,2026-10-03,wk inc covid hosp,quantile,0.2,10.597298369528092
45,2026-09-26,1,2026-10-03,wk inc covid hosp,quantile,0.2,52.3705139047705
46,2026-09-26,1,2026-10-03,wk inc covid hosp,quantile,0.2,3.4003231275051435
47,2026-09-26,1,2026-10-03,wk inc covid hosp,quantile,0.2,67.5532854144574
48,2026-09-26,1,2026-10-03,wk inc covid hosp,quantile,0.2,369.0949951367631
49,2026-09-26,1,2026-10-03,wk inc covid hosp,quantile,0.2,20.854425306107164
50,2026-09-26,1,2026-10-03,wk inc covid hosp,quantile,0.2,1.8555413459920689
51,2026-09-26,1,2026-10-03,wk inc covid hosp,quantile,0.2,46.996193717013874
53,2026-09-26,1,2026-10-03,wk inc covid hosp,quantile,0.2,120.33989386036372
54,2026-09-26,1,2026-10-03,wk inc covid hosp,quantile,0.2,11.445629676916138
55,2026-09-26,1,2026-10-03,wk inc covid hosp,quantile,0.2,18.763140629842006
56,2026-09-26,1,2026-10-03,wk inc covid hosp,quantile,0.2,0.17740238411832746
72,2026-09-26,1,2026-10-03,wk inc covid hosp,quantile,0.2,71.59922916008635
US,2026-09-26,1,2026-10-03,wk inc covid hosp,quantile,0.2,4444.18913535185
01,2026-09-26,2,2026-10-10,wk inc covid hosp,quantile,0.2,70.2913178552743
02,2026-09-26,2,2026-10-10,wk inc covid hosp,quantile,0.2,1.843059532089784
04,2026-09-26,2,2026-10-10,wk inc covid hosp,quantile,0.2,64.62015046570228
05,2026-09-26,2,2026-10-10,wk inc covid hosp,quantile,0.2,10.994506150019797
06,2026-09-26,2,2026-10-10,wk inc covid hosp,quantile,0.2,949.826143257269
08,2026-09-26,2,2026-10-10,wk inc covid hosp,quantile,0.2,25.727051682828186
09,2026-09-26,2,2026-10-10,wk inc covid hosp,quantile,0.2,25.406444508245574
10,2026-09-26,2,2026-10-10,wk inc covid hosp,quantile,0.2,4.515671487277887
11,2026-09-26,2,2026-10-10,wk inc covid hosp,quantile,0.2,3.0784752377965354
12,2026-09-26,2,2026-10-10,wk inc covid hosp,quantile,0.2,476.62498525600915
13,2026-09-26,2,2026-10-10,wk inc covid hosp,quantile,0.2,77.68637028164883
15,2026-09-26,2,2026-10-10,wk inc covid hosp,quantile,0.2,26.54458722543959
16,2026-09-26,2,2026-10-10,wk inc covid hosp,quantile,0.2,9.94732062932706
17,2026-09-26,2,2026-10-10,wk inc covid hosp,quantile,0.2,58.79026776255287
18,2026-09-26,2,2026-10-10,wk inc covid hosp,quantile,0.2,23.47309960555592
19,2026-09-26,2,2026-10-10,wk inc covid hosp,quantile,0.2,12.7748064131879
20,2026-09-26,2,2026-10-10,wk inc covid hosp,quantile,0.2,5.247170087118134
21,2026-09-26,2,2026-10-10,wk inc covid hosp,quantile,0.2,18.510616402859146
22,2026-09-26,2,2026-10-10,wk inc covid hosp,quantile,0.2,56.39820384397908
23,2026-09-26,2,2026-10-10,wk inc covid hosp,quantile,0.2,0.06701850103916868
24,2026-09-26,2,2026-10-10,wk inc covid hosp,quantile,0.2,32.49023606708636
25,2026-09-26,2,2026-10-10,wk inc covid hosp,quantile,0.2,28.713610244301336
26,2026-09-26,2,2026-10-10,wk inc covid hosp,quantile,0.2,40.71848472410214
27,2026-09-26,2,2026-10-10,wk inc covid hosp,quantile,0.2,24.00302914826186
28,2026-09-26,2,2026-10-10,wk inc covid hosp,quantile,0.2,22.059409709230362
29,2026-09-26,2,2026-10-10,wk inc covid hosp,quantile,0.2,35.30392399444387
30,2026-09-26,2,2026-10-10,wk inc covid hosp,quantile,0.2,8.87601542365128
31,2026-09-26,2,2026-10-10,wk inc covid hosp,quantile,0.2,3.3083662159221396
32,2026-09-26,2,2026-10-10,wk inc covid hosp,quantile,0.2,24.943400480294297
33,2026-09-26,2,2026-10-10,wk inc covid hosp,quantile,0.2,1.1630144716281696
34,2026-09-26,2,2026-10-10,wk inc covid hosp,quantile,0.2,117.28618513831267
35,2026-09-26,2,2026-10-10,wk inc covid hosp,quantile,0.2,8.23836201243872
36,2026-09-26,2,2026-10-10,wk inc covid hosp,quantile,0.2,258.42723923457083
37,2026-09-26,2,2026-10-10,wk inc covid hosp,quantile,0.2,164.15044634533388
38,2026-09-26,2,2026-10-10,wk inc covid hosp,quantile,0.2,0.7042238664982706
39,2026-09-26,2,2026-10-10,wk inc covid hosp,quantile,0.2,57.62768077924013
40,2026-09-26,2,2026-10-10,wk inc covid hosp,quantile,0.2,16.791393700235098
41,2026-09-26,2,2026-10-10,wk inc covid hosp,quantile,0.2,36.56816755319467
42,2026-09-26,2,2026-10-10,wk inc covid hosp,quantile,0.2,148.55939241917926
44,2026-09-26,2,2026-10-10,wk inc covid hosp,quantile,0.2,10.58738471066586
45,2026-09-26,2,2026-10-10,wk inc covid hosp,quantile,0.2,48.97253375749629
46,2026-09-26,2,2026-10-10,wk inc covid hosp,quantile,0.2,3.4882011614098736
47,2026-09-26,2,2026-10-10,wk inc covid hosp,quantile,0.2,65.80954687567203
48,2026-09-26,2,2026-10-10,wk inc covid hosp,quantile,0.2,358.8755025073606
49,2026-09-26,2,2026-10-10,wk inc covid hosp,quantile,0.2,20.859203965377795
50,2026-09-26,2,2026-10-10,wk inc covid hosp,quantile,0.2,1.9486693879605934
51,2026-09-26,2,2026-10-10,wk inc covid hosp,quantile,0.2,48.093340753784055
53,2026-09-26,2,2026-10-10,wk inc covid hosp,quantile,0.2,112.47664072153157
54,2026-09-26,2,2026-10-10,wk inc covid hosp,quantile,0.2,11.376570446751964
55,2026-09-26,2,2026-10-10,wk inc covid hosp,quantile,0.2,18.908383295186038
56,2026-09-26,2,2026-10-10,wk inc covid hosp,quantile,0.2,0.17740238411832746
72,2026-09-26,2,2026-10-10,wk inc covid hosp,quantile,0.2,66.10596485755055
US,2026-09-26,2,2026-10-10,wk inc covid hosp,quantile,0.2,4427.9924176819995
01,2026-09-26,3,2026-10-17,wk inc covid hosp,quantile,0.2,66.49491760005981
02,2026-09-26,3,2026-10-17,wk inc covid hosp,quantile,0.2,1.8034665222714696
04,2026-09-26,3,2026-10-17,wk inc covid hosp,quantile,0.2,65.39663772292045
05,2026-09-26,3,2026-10-17,wk inc covid hosp,quantile,0.2,10.93461477213675
06,2026-09-26,3,2026-10-17,wk inc covid hosp,quantile,0.2,876.6315264232387
08,2026-09-26,3,2026-10-17,wk inc covid hosp,quantile,0.2,25.8911163368543
09,2026-09-26,3,2026-10-17,wk inc covid hosp,quantile,0.2,24.98510417237556
10,2026-09-26,3,2026-10-17,wk inc covid hosp,quantile,0.2,4.627342514810412
11,2026-09-26,3,2026-10-17,wk inc covid hosp,quantile,0.2,3.112864698744226
12,2026-09-26,3,2026-10-17,wk inc covid hosp,quantile,0.2,432.6242830511874
13,2026-09-26,3,2026-10-17,wk inc covid hosp,quantile,0.2,73.99745231777781
15,2026-09-26,3,2026-10-17,wk inc covid hosp,quantile,0.2,24.768954914343464
16,2026-09-26,3,2026-10-17,wk inc covid hosp,quantile,0.2,10.110390143660974
17,2026-09-26,3,2026-10-17,wk inc covid hosp,quantile,0.2,60.931201525296494
18,2026-09-26,3,2026-10-17,wk inc covid hosp,quantile,0.2,24.5590063522312
19,2026-09-26,3,2026-10-17,wk inc covid hosp,quantile,0.2,13.064984564368814
20,2026-09-26,3,2026-10-17,wk inc covid hosp,quantile,0.2,5.618629950765859
21,2026-09-26,3,2026-10-17,wk inc covid hosp,quantile,0.2,18.268182577766023
22,2026-09-26,3,2026-10-17,wk inc covid hosp,quantile,0.2,53.025651122612615
23,2026-09-26,3,2026-10-17,wk inc covid hosp,quantile,0.2,0.16450291193734615
24,2026-09-26,3,2026-10-17,wk inc covid hosp,quantile,0.2,32.9457420933977
25,2026-09-26,3,2026-10-17,wk inc covid hosp,quantile,0.2,28.378575050497805
26,2026-09-26,3,2026-10-17,wk inc covid hosp,quantile,0.2,42.23667270288926
27,2026-09-26,3,2026-10-17,wk inc covid hosp,quantile,0.2,24.478781133201128
28,2026-09-26,3,2026-10-17,wk inc covid hosp,quantile,0.2,20.882071744984287
29,2026-09-26,3,2026-10-17,wk inc covid hosp,quantile,0.2,35.277039061841265
30,2026-09-26,3,2026-10-17,wk inc covid hosp,quantile,0.2,8.83950976324785
31,2026-09-26,3,2026-10-17,wk inc covid hosp,quantile,0.2,3.526771115847115
32,2026-09-26,3,2026-10-17,wk inc covid hosp,quantile,0.2,24.098581192850155
33,2026-09-26,3,2026-10-17,wk inc covid hosp,quantile,0.2,1.1688334148355675
34,2026-09-26,3,2026-10-17,wk inc covid hosp,quantile,0.2,117.0378127868326
35,2026-09-26,3,2026-10-17,wk inc covid hosp,quantile,0.2,8.774737259491612
36,2026-09-26,3,2026-10-17,wk inc covid hosp,quantile,0.2,259.50403463627794
37,2026-09-26,3,2026-10-17,wk inc covid hosp,quantile,0.2,153.8340242290626
38,2026-09-26,3,2026-10-17,wk inc covid hosp,quantile,0.2,0.7639116561917361
39,2026-09-26,3,2026-10-17,wk inc covid hosp,quantile,0.2,59.1369537567748
40,2026-09-26,3,2026-10-17,wk inc covid hosp,quantile,0.2,16.737910644655262
41,2026-09-26,3,2026-10-17,wk inc covid hosp,quantile,0.2,36.136343861674845
42,2026-09-26,3,2026-10-17,wk inc covid hosp,quantile,0.2,154.60144964038778
44,2026-09-26,3,2026-10-17,wk inc covid hosp,quantile,0.2,10.622641344628411
45,2026-09-26,3,2026-10-17,wk inc covid hosp,quantile,0.2,48.198674975455425
46,2026-09-26,3,2026-10-17,wk inc covid hosp,quantile,0.2,3.511337049250723
47,2026-09-26,3,2026-10-17,wk inc covid hosp,quantile,0.2,66.42244374150253
48,2026-09-26,3,2026-10-17,wk inc covid hosp,quantile,0.2,328.77947480643996
49,2026-09-26,3,2026-10-17,wk inc covid hosp,quantile,0.2,21.434329736904886
50,2026-09-26,3,2026-10-17,wk inc covid hosp,quantile,0.2,1.9813697034716233
51,2026-09-26,3,2026-10-17,wk inc covid hosp,quantile,0.2,48.68980340153942
53,2026-09-26,3,2026-10-17,wk inc covid hosp,quantile,0.2,107.93472567424102
54,2026-09-26,3,2026-10-17,wk inc covid hosp,quantile,0.2,11.706566740532077
55,2026-09-26,3,2026-10-17,wk inc covid hosp,quantile,0.2,19.217020462288705
56,2026-09-26,3,2026-10-17,wk inc covid hosp,quantile,0.2,0.18952594960671384
72,2026-09-26,3,2026-10-17,wk inc covid hosp,quantile,0.2,64.99830761906065
US,2026-09-26,3,2026-10-17,wk inc covid hosp,quantile,0.2,4367.970878690464
01,2026-09-26,0,2026-09-26,wk inc covid hosp,quantile,0.25,86.94327949288508
02,2026-09-26,0,2026-09-26,wk inc covid hosp,quantile,0.25,2.167673001633379
04,2026-09-26,0,2026-09-26,wk inc covid hosp,quantile,0.25,68.15766368568863
05,2026-09-26,0,2026-09-26,wk inc covid hosp,quantile,0.25,11.680679600084378
06,2026-09-26,0,2026-09-26,wk inc covid hosp,quantile,0.25,1039.8488863880066
08,2026-09-26,0,2026-09-26,wk inc covid hosp,quantile,0.25,28.814563019464043
09,2026-09-26,0,2026-09-26,wk inc covid hosp,quantile,0.25,25.7173082279681
10,2026-09-26,0,2026-09-26,wk inc covid hosp,quantile,0.25,5.100961701684864
11,2026-09-26,0,2026-09-26,wk inc covid hosp,quantile,0.25,3.517566419341335
12,2026-09-26,0,2026-09-26,wk inc covid hosp,quantile,0.25,557.2877427882935
13,2026-09-26,0,2026-09-26,wk inc covid hosp,quantile,0.25,89.91078262589309
15,2026-09-26,0,2026-09-26,wk inc covid hosp,quantile,0.25,31.99483559210551
16,2026-09-26,0,2026-09-26,wk inc covid hosp,quantile,0.25,10.29794429987506
17,2026-09-26,0,2026-09-26,wk inc covid hosp,quantile,0.25,63.59170487612137
18,2026-09-26,0,2026-09-26,wk inc covid hosp,quantile,0.25,24.52594211483177
19,2026-09-26,0,2026-09-26,wk inc covid hosp,quantile,0.25,12.832028114676978
20,2026-09-26,0,2026-09-26,wk inc covid hosp,quantile,0.25,5.703499400309769
21,2026-09-26,0,2026-09-26,wk inc covid hosp,quantile,0.25,18.846373390054147
22,2026-09-26,0,2026-09-26,wk inc covid hosp,quantile,0.25,72.46373224546684
23,2026-09-26,0,2026-09-26,wk inc covid hosp,quantile,0.25,0.2427665662731198
24,2026-09-26,0,2026-09-26,wk inc covid hosp,quantile,0.25,33.67504103479436
25,2026-09-26,0,2026-09-26,wk inc covid hosp,quantile,0.25,31.482423839744733
26,2026-09-26,0,2026-09-26,wk inc covid hosp,quantile,0.25,43.77668217231083
27,2026-09-26,0,2026-09-26,wk inc covid hosp,quantile,0.25,24.430837958955763
28,2026-09-26,0,2026-09-26,wk inc covid hosp,quantile,0.25,26.41828243148579
29,2026-09-26,0,2026-09-26,wk inc covid hosp,quantile,0.25,38.61946898770564
30,2026-09-26,0,2026-09-26,wk inc covid hosp,quantile,0.25,9.50144431208624
31,2026-09-26,0,2026-09-26,wk inc covid hosp,quantile,0.25,3.399931356917491
32,2026-09-26,0,2026-09-26,wk inc covid hosp,quantile,0.25,30.02413147740771
33,2026-09-26,0,2026-09-26,wk inc covid hosp,quantile,0.25,1.133830170633356
34,2026-09-26,0,2026-09-26,wk inc covid hosp,quantile,0.25,120.6978942315338
35,2026-09-26,0,2026-09-26,wk inc covid hosp,quantile,0.25,8.83386097415466
36,2026-09-26,0,2026-09-26,wk inc covid hosp,quantile,0.25,269.6953073700674
37,2026-09-26,0,2026-09-26,wk inc covid hosp,quantile,0.25,197.41564016635076
38,2026-09-26,0,2026-09-26,wk inc covid hosp,quantile,0.25,0.995079544647746
39,2026-09-26,0,2026-09-26,wk inc covid hosp,quantile,0.25,56.79961657088348
40,2026-09-26,0,2026-09-26,wk inc covid hosp,quantile,0.25,18.214107812451335
41,2026-09-26,0,2026-09-26,wk inc covid hosp,quantile,0.25,37.86965743058314
42,2026-09-26,0,2026-09-26,wk inc covid hosp,quantile,0.25,151.97384512731333
44,2026-09-26,0,2026-09-26,wk inc covid hosp,quantile,0.25,11.70023309734009
45,2026-09-26,0,2026-09-26,wk inc covid hosp,quantile,0.25,53.00989312510357
46,2026-09-26,0,2026-09-26,wk inc covid hosp,quantile,0.25,4.242963431465995
47,2026-09-26,0,2026-09-26,wk inc covid hosp,quantile,0.25,69.74636789317067
48,2026-09-26,0,2026-09-26,wk inc covid hosp,quantile,0.25,394.1980442760685
49,2026-09-26,0,2026-09-26,wk inc covid hosp,quantile,0.25,21.528210294441475
50,2026-09-26,0,2026-09-26,wk inc covid hosp,quantile,0.25,2.2950740401441942
51,2026-09-26,0,2026-09-26,wk inc covid hosp,quantile,0.25,51.89498430110925
53,2026-09-26,0,2026-09-26,wk inc covid hosp,quantile,0.25,126.47743490736174
54,2026-09-26,0,2026-09-26,wk inc covid hosp,quantile,0.25,11.890242073660886
55,2026-09-26,0,2026-09-26,wk inc covid hosp,quantile,0.25,20.081003581002022
56,2026-09-26,0,2026-09-26,wk inc covid hosp,quantile,0.25,0.16427684505809834
72,2026-09-26,0,2026-09-26,wk inc covid hosp,quantile,0.25,81.68391197715172
US,2026-09-26,0,2026-09-26,wk inc covid hosp,quantile,0.25,4572.098459636613
01,2026-09-26,1,2026-10-03,wk inc covid hosp,quantile,0.25,81.63244664487351
02,2026-09-26,1,2026-10-03,wk inc covid hosp,quantile,0.25,2.2385836364276925
04,2026-09-26,1,2026-10-03,wk inc covid hosp,quantile,0.25,67.86473727793921
05,2026-09-26,1,2026-10-03,wk inc covid hosp,quantile,0.25,11.639190193613842
06,2026-09-26,1,2026-10-03,wk inc covid hosp,quantile,0.25,997.0775074699488
08,2026-09-26,1,2026-10-03,wk inc covid hosp,quantile,0.25,28.778178354960446
09,2026-09-26,1,2026-10-03,wk inc covid hosp,quantile,0.25,26.503158693096047
10,2026-09-26,1,2026-10-03,wk inc covid hosp,quantile,0.25,5.317643539102194
11,2026-09-26,1,2026-10-03,wk inc covid hosp,quantile,0.25,3.6400017154310444
12,2026-09-26,1,2026-10-03,wk inc covid hosp,quantile,0.25,519.9151113956489
13,2026-09-26,1,2026-10-03,wk inc covid hosp,quantile,0.25,88.4282058510444
15,2026-09-26,1,2026-10-03,wk inc covid hosp,quantile,0.25,30.831734604871166
16,2026-09-26,1,2026-10-03,wk inc covid hosp,quantile,0.25,10.46346989343974
17,2026-09-26,1,2026-10-03,wk inc covid hosp,quantile,0.25,67.15387971162554
18,2026-09-26,1,2026-10-03,wk inc covid hosp,quantile,0.25,24.588762668806314
19,2026-09-26,1,2026-10-03,wk inc covid hosp,quantile,0.25,12.720289040821674
20,2026-09-26,1,2026-10-03,wk inc covid hosp,quantile,0.25,6.235461206069135
21,2026-09-26,1,2026-10-03,wk inc covid hosp,quantile,0.25,19.593318405998353
22,2026-09-26,1,2026-10-03,wk inc covid hosp,quantile,0.25,65.66679546395467
23,2026-09-26,1,2026-10-03,wk inc covid hosp,quantile,0.25,0.2741907155906894
24,2026-09-26,1,2026-10-03,wk inc covid hosp,quantile,0.25,35.502718710206935
25,2026-09-26,1,2026-10-03,wk inc covid hosp,quantile,0.25,31.746090300043907
26,2026-09-26,1,2026-10-03,wk inc covid hosp,quantile,0.25,43.99080953411489
27,2026-09-26,1,2026-10-03,wk inc covid hosp,quantile,0.25,24.867036367942116
28,2026-09-26,1,2026-10-03,wk inc covid hosp,quantile,0.25,25.248081218984467
29,2026-09-26,1,2026-10-03,wk inc covid hosp,quantile,0.25,39.447795795979424
30,2026-09-26,1,2026-10-03,wk inc covid hosp,quantile,0.25,9.844931935851868
31,2026-09-26,1,2026-10-03,wk inc covid hosp,quantile,0.25,3.786683997409087
32,2026-09-26,1,2026-10-03,wk inc covid hosp,quantile,0.25,29.953740392721876
33,2026-09-26,1,2026-10-03,wk inc covid hosp,quantile,0.25,1.191246454683971
34,2026-09-26,1,2026-10-03,wk inc covid hosp,quantile,0.25,120.64806598907752
35,2026-09-26,1,2026-10-03,wk inc covid hosp,quantile,0.25,9.238458270799711
36,2026-09-26,1,2026-10-03,wk inc covid hosp,quantile,0.25,271.76229265637545
37,2026-09-26,1,2026-10-03,wk inc covid hosp,quantile,0.25,197.03801312005356
38,2026-09-26,1,2026-10-03,wk inc covid hosp,quantile,0.25,1.0218557952376466
39,2026-09-26,1,2026-10-03,wk inc covid hosp,quantile,0.25,57.06951397193807
40,2026-09-26,1,2026-10-03,wk inc covid hosp,quantile,0.25,18.681779726296522
41,2026-09-26,1,2026-10-03,wk inc covid hosp,quantile,0.25,39.4627380615215
42,2026-09-26,1,2026-10-03,wk inc covid hosp,quantile,0.25,155.5628142840342
44,2026-09-26,1,2026-10-03,wk inc covid hosp,quantile,0.25,11.929877236695445
45,2026-09-26,1,2026-10-03,wk inc covid hosp,quantile,0.25,52.767140356957
46,2026-09-26,1,2026-10-03,wk inc covid hosp,quantile,0.25,4.398237557999284
47,2026-09-26,1,2026-10-03,wk inc covid hosp,quantile,0.25,70.45357811275824
48,2026-09-26,1,2026-10-03,wk inc covid hosp,quantile,0.25,374.8662247676258
49,2026-09-26,1,2026-10-03,wk inc covid hosp,quantile,0.25,22.31322928306888
50,2026-09-26,1,2026-10-03,wk inc covid hosp,quantile,0.25,2.4213320072290303
51,2026-09-26,1,2026-10-03,wk inc covid hosp,quantile,0.25,52.522153914633876
53,2026-09-26,1,2026-10-03,wk inc covid hosp,quantile,0.25,126.8697403471963
54,2026-09-26,1,2026-10-03,wk inc covid hosp,quantile,0.25,12.334738876054475
55,2026-09-26,1,2026-10-03,wk inc covid hosp,quantile,0.25,19.656977085133022
56,2026-09-26,1,2026-10-03,wk inc covid hosp,quantile,0.25,0.22264216367773978
72,2026-09-26,1,2026-10-03,wk inc covid hosp,quantile,0.25,73.6242170896284
US,2026-09-26,1,2026-10-03,wk inc covid hosp,quantile,0.25,4611.853046893807
01,2026-09-26,2,2026-10-10,wk inc covid hosp,quantile,0.25,73.92651060294573
02,2026-09-26,2,2026-10-10,wk inc covid hosp,quantile,0.25,2.2054238829137036
04,2026-09-26,2,2026-10-10,wk inc covid hosp,quantile,0.25,67.10259908834757
05,2026-09-26,2,2026-10-10,wk inc covid hosp,quantile,0.25,11.692523171125549
06,2026-09-26,2,2026-10-10,wk inc covid hosp,quantile,0.25,993.0676587741091
08,2026-09-26,2,2026-10-10,wk inc covid hosp,quantile,0.25,27.952007246346064
09,2026-09-26,2,2026-10-10,wk inc covid hosp,quantile,0.25,26.9732410618793
10,2026-09-26,2,2026-10-10,wk inc covid hosp,quantile,0.25,5.254759322928062
11,2026-09-26,2,2026-10-10,wk inc covid hosp,quantile,0.25,3.9810861223620475
12,2026-09-26,2,2026-10-10,wk inc covid hosp,quantile,0.25,511.92262516447266
13,2026-09-26,2,2026-10-10,wk inc covid hosp,quantile,0.25,84.22502253182122
15,2026-09-26,2,2026-10-10,wk inc covid hosp,quantile,0.25,27.66286975830587
16,2026-09-26,2,2026-10-10,wk inc covid hosp,quantile,0.25,10.80089396057976
17,2026-09-26,2,2026-10-10,wk inc covid hosp,quantile,0.25,70.26898646397312
18,2026-09-26,2,2026-10-10,wk inc covid hosp,quantile,0.25,25.16830239176388
19,2026-09-26,2,2026-10-10,wk inc covid hosp,quantile,0.25,13.129339500072255
20,2026-09-26,2,2026-10-10,wk inc covid hosp,quantile,0.25,6.47196567091123
21,2026-09-26,2,2026-10-10,wk inc covid hosp,quantile,0.25,19.620283818682246
22,2026-09-26,2,2026-10-10,wk inc covid hosp,quantile,0.25,58.166226518358904
23,2026-09-26,2,2026-10-10,wk inc covid hosp,quantile,0.25,0.27752827497207916
24,2026-09-26,2,2026-10-10,wk inc covid hosp,quantile,0.25,36.78680830539881
25,2026-09-26,2,2026-10-10,wk inc covid hosp,quantile,0.25,30.685506121059497
26,2026-09-26,2,2026-10-10,wk inc covid hosp,quantile,0.25,43.51590174787952
27,2026-09-26,2,2026-10-10,wk inc covid hosp,quantile,0.25,25.353764904063066
28,2026-09-26,2,2026-10-10,wk inc covid hosp,quantile,0.25,23.564210887816618
29,2026-09-26,2,2026-10-10,wk inc covid hosp,quantile,0.25,40.124520582902484
30,2026-09-26,2,2026-10-10,wk inc covid hosp,quantile,0.25,10.045892827571992
31,2026-09-26,2,2026-10-10,wk inc covid hosp,quantile,0.25,4.014468239846997
32,2026-09-26,2,2026-10-10,wk inc covid hosp,quantile,0.25,29.1976010311791
33,2026-09-26,2,2026-10-10,wk inc covid hosp,quantile,0.25,1.191246454683971
34,2026-09-26,2,2026-10-10,wk inc covid hosp,quantile,0.25,121.27949027842064
35,2026-09-26,2,2026-10-10,wk inc covid hosp,quantile,0.25,9.379057118583304
36,2026-09-26,2,2026-10-10,wk inc covid hosp,quantile,0.25,275.69329539626455
37,2026-09-26,2,2026-10-10,wk inc covid hosp,quantile,0.25,178.4780388228187
38,2026-09-26,2,2026-10-10,wk inc covid hosp,quantile,0.25,1.0218557952376466
39,2026-09-26,2,2026-10-10,wk inc covid hosp,quantile,0.25,60.85065297200171
40,2026-09-26,2,2026-10-10,wk inc covid hosp,quantile,0.25,18.823111746591536
41,2026-09-26,2,2026-10-10,wk inc covid hosp,quantile,0.25,40.22806488449349
42,2026-09-26,2,2026-10-10,wk inc covid hosp,quantile,0.25,161.8673136211774
44,2026-09-26,2,2026-10-10,wk inc covid hosp,quantile,0.25,12.289664709241336
45,2026-09-26,2,2026-10-10,wk inc covid hosp,quantile,0.25,51.36767344086067
46,2026-09-26,2,2026-10-10,wk inc covid hosp,quantile,0.25,4.470310052985415
47,2026-09-26,2,2026-10-10,wk inc covid hosp,quantile,0.25,70.32024860056787
48,2026-09-26,2,2026-10-10,wk inc covid hosp,quantile,0.25,368.9573888569804
49,2026-09-26,2,2026-10-10,wk inc covid hosp,quantile,0.25,23.061772568860626
50,2026-09-26,2,2026-10-10,wk inc covid hosp,quantile,0.25,2.4481655515677763
51,2026-09-26,2,2026-10-10,wk inc covid hosp,quantile,0.25,52.418889073404664
53,2026-09-26,2,2026-10-10,wk inc covid hosp,quantile,0.25,118.17387908971597
54,2026-09-26,2,2026-10-10,wk inc covid hosp,quantile,0.25,12.52522278081207
55,2026-09-26,2,2026-10-10,wk inc covid hosp,quantile,0.25,19.79683660305633
56,2026-09-26,2,2026-10-10,wk inc covid hosp,quantile,0.25,0.2322583913587406
72,2026-09-26,2,2026-10-10,wk inc covid hosp,quantile,0.25,68.4433614321281
US,2026-09-26,2,2026-10-10,wk inc covid hosp,quantile,0.25,4548.4156257685745
01,2026-09-26,3,2026-10-17,wk inc covid hosp,quantile,0.25,68.64455214998875
02,2026-09-26,3,2026-10-17,wk inc covid hosp,quantile,0.25,2.1915805829589927
04,2026-09-26,3,2026-10-17,wk inc covid hosp,quantile,0.25,66.02731744427905
05,2026-09-26,3,2026-10-17,wk inc covid hosp,quantile,0.25,11.658158761756392
06,2026-09-26,3,2026-10-17,wk inc covid hosp,quantile,0.25,954.9723320073443
08,2026-09-26,3,2026-10-17,wk inc covid hosp,quantile,0.25,27.57259601968882
09,2026-09-26,3,2026-10-17,wk inc covid hosp,quantile,0.25,27.304484974289437
10,2026-09-26,3,2026-10-17,wk inc covid hosp,quantile,0.25,5.341606209818243
11,2026-09-26,3,2026-10-17,wk inc covid hosp,quantile,0.25,4.1118650794881875
12,2026-09-26,3,2026-10-17,wk inc covid hosp,quantile,0.25,484.64454941709096
13,2026-09-26,3,2026-10-17,wk inc covid hosp,quantile,0.25,82.02532173896738
15,2026-09-26,3,2026-10-17,wk inc covid hosp,quantile,0.25,26.009250664903927
16,2026-09-26,3,2026-10-17,wk inc covid hosp,quantile,0.25,10.691209738605844
17,2026-09-26,3,2026-10-17,wk inc covid hosp,quantile,0.25,71.35800901673784
18,2026-09-26,3,2026-10-17,wk inc covid hosp,quantile,0.25,26.052567405617157
19,2026-09-26,3,2026-10-17,wk inc covid hosp,quantile,0.25,13.48004399638694
20,2026-09-26,3,2026-10-17,wk inc covid hosp,quantile,0.25,6.726049258734117
21,2026-09-26,3,2026-10-17,wk inc covid hosp,quantile,0.25,20.35799450273247
22,2026-09-26,3,2026-10-17,wk inc covid hosp,quantile,0.25,54.998415329307235
23,2026-09-26,3,2026-10-17,wk inc covid hosp,quantile,0.25,0.33113946845966585
24,2026-09-26,3,2026-10-17,wk inc covid hosp,quantile,0.25,37.54878874399374
25,2026-09-26,3,2026-10-17,wk inc covid hosp,quantile,0.25,30.7458489710276
26,2026-09-26,3,2026-10-17,wk inc covid hosp,quantile,0.25,44.29845521445608
27,2026-09-26,3,2026-10-17,wk inc covid hosp,quantile,0.25,26.819194621183257
28,2026-09-26,3,2026-10-17,wk inc covid hosp,quantile,0.25,22.871311207535864
29,2026-09-26,3,2026-10-17,wk inc covid hosp,quantile,0.25,41.901471202671964
30,2026-09-26,3,2026-10-17,wk inc covid hosp,quantile,0.25,10.17235538461555
31,2026-09-26,3,2026-10-17,wk inc covid hosp,quantile,0.25,4.0891174139780455
32,2026-09-26,3,2026-10-17,wk inc covid hosp,quantile,0.25,27.30235746431182
33,2026-09-26,3,2026-10-17,wk inc covid hosp,quantile,0.25,1.2244051166918186
34,2026-09-26,3,2026-10-17,wk inc covid hosp,quantile,0.25,119.4035552383768
35,2026-09-26,3,2026-10-17,wk inc covid hosp,quantile,0.25,9.158714787327954
36,2026-09-26,3,2026-10-17,wk inc covid hosp,quantile,0.25,277.97611663997924
37,2026-09-26,3,2026-10-17,wk inc covid hosp,quantile,0.25,174.02575904348967
38,2026-09-26,3,2026-10-17,wk inc covid hosp,quantile,0.25,1.0302589605302996
39,2026-09-26,3,2026-10-17,wk inc covid hosp,quantile,0.25,63.25993758470771
40,2026-09-26,3,2026-10-17,wk inc covid hosp,quantile,0.25,18.852209143977415
41,2026-09-26,3,2026-10-17,wk inc covid hosp,quantile,0.25,40.19716439476124
42,2026-09-26,3,2026-10-17,wk inc covid hosp,quantile,0.25,166.18421690773988
44,2026-09-26,3,2026-10-17,wk inc covid hosp,quantile,0.25,12.415922651760415
45,2026-09-26,3,2026-10-17,wk inc covid hosp,quantile,0.25,49.677488189813204
46,2026-09-26,3,2026-10-17,wk inc covid hosp,quantile,0.25,4.5994935132613115
47,2026-09-26,3,2026-10-17,wk inc covid hosp,quantile,0.25,69.45283108137366
48,2026-09-26,3,2026-10-17,wk inc covid hosp,quantile,0.25,369.6136316560223
49,2026-09-26,3,2026-10-17,wk inc covid hosp,quantile,0.25,23.447965172952003
50,2026-09-26,3,2026-10-17,wk inc covid hosp,quantile,0.25,2.525057082355925
51,2026-09-26,3,2026-10-17,wk inc covid hosp,quantile,0.25,51.98703304508418
53,2026-09-26,3,2026-10-17,wk inc covid hosp,quantile,0.25,111.97104864761907
54,2026-09-26,3,2026-10-17,wk inc covid hosp,quantile,0.25,12.91830485110425
55,2026-09-26,3,2026-10-17,wk inc covid hosp,quantile,0.25,20.28537842385632
56,2026-09-26,3,2026-10-17,wk inc covid hosp,quantile,0.25,0.22866592701863903
72,2026-09-26,3,2026-10-17,wk inc covid hosp,quantile,0.25,65.59380754822324
US,2026-09-26,3,2026-10-17,wk inc covid hosp,quantile,0.25,4579.570576374799
01,2026-09-26,0,2026-09-26,wk inc covid hosp,quantile,0.3,88.25032307875448
02,2026-09-26,0,2026-09-26,wk inc covid hosp,quantile,0.3,2.3350258446283676
04,2026-09-26,0,2026-09-26,wk inc covid hosp,quantile,0.3,72.29817913104105
05,2026-09-26,0,2026-09-26,wk inc covid hosp,quantile,0.3,12.393508638757858
06,2026-09-26,0,2026-09-26,wk inc covid hosp,quantile,0.3,1058.9664538745321
08,2026-09-26,0,2026-09-26,wk inc covid hosp,quantile,0.3,30.805492542143924
09,2026-09-26,0,2026-09-26,wk inc covid hosp,quantile,0.3,26.104694516240365
10,2026-09-26,0,2026-09-26,wk inc covid hosp,quantile,0.3,5.559494595657663
11,2026-09-26,0,2026-09-26,wk inc covid hosp,quantile,0.3,4.037491786452277
12,2026-09-26,0,2026-09-26,wk inc covid hosp,quantile,0.3,576.581401825573
13,2026-09-26,0,2026-09-26,wk inc covid hosp,quantile,0.3,97.33525883952352
15,2026-09-26,0,2026-09-26,wk inc covid hosp,quantile,0.3,33.72418369869049
16,2026-09-26,0,2026-09-26,wk inc covid hosp,quantile,0.3,11.093968238381459
17,2026-09-26,0,2026-09-26,wk inc covid hosp,quantile,0.3,64.48793858384569
18,2026-09-26,0,2026-09-26,wk inc covid hosp,quantile,0.3,26.35390663544637
19,2026-09-26,0,2026-09-26,wk inc covid hosp,quantile,0.3,13.291854970440244
20,2026-09-26,0,2026-09-26,wk inc covid hosp,quantile,0.3,6.9156043162300005
21,2026-09-26,0,2026-09-26,wk inc covid hosp,quantile,0.3,20.542100484589298
22,2026-09-26,0,2026-09-26,wk inc covid hosp,quantile,0.3,74.78776000888472
23,2026-09-26,0,2026-09-26,wk inc covid hosp,quantile,0.3,0.4235257169363866
24,2026-09-26,0,2026-09-26,wk inc covid hosp,quantile,0.3,36.136593666108276
25,2026-09-26,0,2026-09-26,wk inc covid hosp,quantile,0.3,33.356340707175995
26,2026-09-26,0,2026-09-26,wk inc covid hosp,quantile,0.3,44.160954373450224
27,2026-09-26,0,2026-09-26,wk inc covid hosp,quantile,0.3,26.260046093425622
28,2026-09-26,0,2026-09-26,wk inc covid hosp,quantile,0.3,28.605901679416704
29,2026-09-26,0,2026-09-26,wk inc covid hosp,quantile,0.3,40.238895398542226
30,2026-09-26,0,2026-09-26,wk inc covid hosp,quantile,0.3,10.066621728946025
31,2026-09-26,0,2026-09-26,wk inc covid hosp,quantile,0.3,4.030313300969178
32,2026-09-26,0,2026-09-26,wk inc covid hosp,quantile,0.3,31.821477113308855
33,2026-09-26,0,2026-09-26,wk inc covid hosp,quantile,0.3,1.3410770593523094
34,2026-09-26,0,2026-09-26,wk inc covid hosp,quantile,0.3,128.30934052124852
35,2026-09-26,0,2026-09-26,wk inc covid hosp,quantile,0.3,10.364883202637305
36,2026-09-26,0,2026-09-26,wk inc covid hosp,quantile,0.3,277.1749714130849
37,2026-09-26,0,2026-09-26,wk inc covid hosp,quantile,0.3,208.24825628664814
38,2026-09-26,0,2026-09-26,wk inc covid hosp,quantile,0.3,1.0440118924577202
39,2026-09-26,0,2026-09-26,wk inc covid hosp,quantile,0.3,58.3662632708267
40,2026-09-26,0,2026-09-26,wk inc covid hosp,quantile,0.3,19.530382732074614
41,2026-09-26,0,2026-09-26,wk inc covid hosp,quantile,0.3,41.08187999765595
42,2026-09-26,0,2026-09-26,wk inc covid hosp,quantile,0.3,159.0333655594506
44,2026-09-26,0,2026-09-26,wk inc covid hosp,quantile,0.3,12.302499050522517
45,2026-09-26,0,2026-09-26,wk inc covid hosp,quantile,0.3,54.96175076300365
46,2026-09-26,0,2026-09-26,wk inc covid hosp,quantile,0.3,4.827744121116856
47,2026-09-26,0,2026-09-26,wk inc covid hosp,quantile,0.3,76.00411959913843
48,2026-09-26,0,2026-09-26,wk inc covid hosp,quantile,0.3,395.2197253096202
49,2026-09-26,0,2026-09-26,wk inc covid hosp,quantile,0.3,22.32100213155719
50,2026-09-26,0,2026-09-26,wk inc covid hosp,quantile,0.3,2.461614347142505
51,2026-09-26,0,2026-09-26,wk inc covid hosp,quantile,0.3,53.095801068486736
53,2026-09-26,0,2026-09-26,wk inc covid hosp,quantile,0.3,131.75288240546126
54,2026-09-26,0,2026-09-26,wk inc covid hosp,quantile,0.3,11.954883883021212
55,2026-09-26,0,2026-09-26,wk inc covid hosp,quantile,0.3,20.824429620903196
56,2026-09-26,0,2026-09-26,wk inc covid hosp,quantile,0.3,0.20499148943054177
72,2026-09-26,0,2026-09-26,wk inc covid hosp,quantile,0.3,86.00139439284605
US,2026-09-26,0,2026-09-26,wk inc covid hosp,quantile,0.3,4725.567778112958
01,2026-09-26,1,2026-10-03,wk inc covid hosp,quantile,0.3,86.50147104215706
02,2026-09-26,1,2026-10-03,wk inc covid hosp,quantile,0.3,2.3865941187775115
04,2026-09-26,1,2026-10-03,wk inc covid hosp,quantile,0.3,72.91215902835722
05,2026-09-26,1,2026-10-03,wk inc covid hosp,quantile,0.3,12.550790579947876
06,2026-09-26,1,2026-10-03,wk inc covid hosp,quantile,0.3,1043.8159073292532
08,2026-09-26,1,2026-10-03,wk inc covid hosp,quantile,0.3,31.36846967234135
09,2026-09-26,1,2026-10-03,wk inc covid hosp,quantile,0.3,26.517984987556822
10,2026-09-26,1,2026-10-03,wk inc covid hosp,quantile,0.3,5.758523077223457
11,2026-09-26,1,2026-10-03,wk inc covid hosp,quantile,0.3,4.198491883540706
12,2026-09-26,1,2026-10-03,wk inc covid hosp,quantile,0.3,545.382680139398
13,2026-09-26,1,2026-10-03,wk inc covid hosp,quantile,0.3,89.5788744263635
15,2026-09-26,1,2026-10-03,wk inc covid hosp,quantile,0.3,32.30033162984522
16,2026-09-26,1,2026-10-03,wk inc covid hosp,quantile,0.3,11.340324076957785
17,2026-09-26,1,2026-10-03,wk inc covid hosp,quantile,0.3,68.0765184395024
18,2026-09-26,1,2026-10-03,wk inc covid hosp,quantile,0.3,27.136486721348977
19,2026-09-26,1,2026-10-03,wk inc covid hosp,quantile,0.3,13.949292638218747
20,2026-09-26,1,2026-10-03,wk inc covid hosp,quantile,0.3,7.5424372863819045
21,2026-09-26,1,2026-10-03,wk inc covid hosp,quantile,0.3,20.90402590925775
22,2026-09-26,1,2026-10-03,wk inc covid hosp,quantile,0.3,71.55961130663084
23,2026-09-26,1,2026-10-03,wk inc covid hosp,quantile,0.3,0.5327556858975224
24,2026-09-26,1,2026-10-03,wk inc covid hosp,quantile,0.3,38.81873288745935
25,2026-09-26,1,2026-10-03,wk inc covid hosp,quantile,0.3,33.97424722183404
26,2026-09-26,1,2026-10-03,wk inc covid hosp,quantile,0.3,44.07949641630818
27,2026-09-26,1,2026-10-03,wk inc covid hosp,quantile,0.3,26.987492276857388
28,2026-09-26,1,2026-10-03,wk inc covid hosp,quantile,0.3,27.848718992611392
29,2026-09-26,1,2026-10-03,wk inc covid hosp,quantile,0.3,41.483989722643884
30,2026-09-26,1,2026-10-03,wk inc covid hosp,quantile,0.3,10.319063632260912
31,2026-09-26,1,2026-10-03,wk inc covid hosp,quantile,0.3,4.014468239846997
32,2026-09-26,1,2026-10-03,wk inc covid hosp,quantile,0.3,31.44617719444139
33,2026-09-26,1,2026-10-03,wk inc covid hosp,quantile,0.3,1.3663548523948816
34,2026-09-26,1,2026-10-03,wk inc covid hosp,quantile,0.3,131.34511933666616
35,2026-09-26,1,2026-10-03,wk inc covid hosp,quantile,0.3,10.531705405729245
36,2026-09-26,1,2026-10-03,wk inc covid hosp,quantile,0.3,292.9352578277696
37,2026-09-26,1,2026-10-03,wk inc covid hosp,quantile,0.3,212.18606938464876
38,2026-09-26,1,2026-10-03,wk inc covid hosp,quantile,0.3,1.1807637357343455
39,2026-09-26,1,2026-10-03,wk inc covid hosp,quantile,0.3,61.402667079539235
40,2026-09-26,1,2026-10-03,wk inc covid hosp,quantile,0.3,19.69104539554951
41,2026-09-26,1,2026-10-03,wk inc covid hosp,quantile,0.3,42.93708024176333
42,2026-09-26,1,2026-10-03,wk inc covid hosp,quantile,0.3,166.0422473097785
44,2026-09-26,1,2026-10-03,wk inc covid hosp,quantile,0.3,12.609931189716665
45,2026-09-26,1,2026-10-03,wk inc covid hosp,quantile,0.3,57.878107273224565
46,2026-09-26,1,2026-10-03,wk inc covid hosp,quantile,0.3,4.926916330884573
47,2026-09-26,1,2026-10-03,wk inc covid hosp,quantile,0.3,76.79091941058313
48,2026-09-26,1,2026-10-03,wk inc covid hosp,quantile,0.3,384.43079180570356
49,2026-09-26,1,2026-10-03,wk inc covid hosp,quantile,0.3,22.59382244909921
50,2026-09-26,1,2026-10-03,wk inc covid hosp,quantile,0.3,2.5803693224786253
51,2026-09-26,1,2026-10-03,wk inc covid hosp,quantile,0.3,54.14798670983591
53,2026-09-26,1,2026-10-03,wk inc covid hosp,quantile,0.3,130.95433029978483
54,2026-09-26,1,2026-10-03,wk inc covid hosp,quantile,0.3,12.335324524465754
55,2026-09-26,1,2026-10-03,wk inc covid hosp,quantile,0.3,20.70505414546208
56,2026-09-26,1,2026-10-03,wk inc covid hosp,quantile,0.3,0.2322583913587406
72,2026-09-26,1,2026-10-03,wk inc covid hosp,quantile,0.3,81.12481307831679
US,2026-09-26,1,2026-10-03,wk inc covid hosp,quantile,0.3,4777.446282563234
01,2026-09-26,2,2026-10-10,wk inc covid hosp,quantile,0.3,80.82869347535025
02,2026-09-26,2,2026-10-10,wk inc covid hosp,quantile,0.3,2.3793794832694646
04,2026-09-26,2,2026-10-10,wk inc covid hosp,quantile,0.3,74.01022694900172
05,2026-09-26,2,2026-10-10,wk inc covid hosp,quantile,0.3,12.871800630268277
06,2026-09-26,2,2026-10-10,wk inc covid hosp,quantile,0.3,1026.7250753545882
08,2026-09-26,2,2026-10-10,wk inc covid hosp,quantile,0.3,32.01443693017933
09,2026-09-26,2,2026-10-10,wk inc covid hosp,quantile,0.3,27.925125421565863
10,2026-09-26,2,2026-10-10,wk inc covid hosp,quantile,0.3,5.758523077223457
11,2026-09-26,2,2026-10-10,wk inc covid hosp,quantile,0.3,4.464623105847971
12,2026-09-26,2,2026-10-10,wk inc covid hosp,quantile,0.3,528.9470768652178
13,2026-09-26,2,2026-10-10,wk inc covid hosp,quantile,0.3,84.88103360442776
15,2026-09-26,2,2026-10-10,wk inc covid hosp,quantile,0.3,29.67785710508084
16,2026-09-26,2,2026-10-10,wk inc covid hosp,quantile,0.3,11.813388819607594
17,2026-09-26,2,2026-10-10,wk inc covid hosp,quantile,0.3,70.65926850391544
18,2026-09-26,2,2026-10-10,wk inc covid hosp,quantile,0.3,28.212631138558173
19,2026-09-26,2,2026-10-10,wk inc covid hosp,quantile,0.3,14.502487359192328
20,2026-09-26,2,2026-10-10,wk inc covid hosp,quantile,0.3,7.576566915996121
21,2026-09-26,2,2026-10-10,wk inc covid hosp,quantile,0.3,21.64921320591969
22,2026-09-26,2,2026-10-10,wk inc covid hosp,quantile,0.3,61.46495609097107
23,2026-09-26,2,2026-10-10,wk inc covid hosp,quantile,0.3,0.5632629606424419
24,2026-09-26,2,2026-10-10,wk inc covid hosp,quantile,0.3,39.09320218854965
25,2026-09-26,2,2026-10-10,wk inc covid hosp,quantile,0.3,34.112171420594954
26,2026-09-26,2,2026-10-10,wk inc covid hosp,quantile,0.3,45.01779091491915
27,2026-09-26,2,2026-10-10,wk inc covid hosp,quantile,0.3,27.95782325042816
28,2026-09-26,2,2026-10-10,wk inc covid hosp,quantile,0.3,25.957596702763492
29,2026-09-26,2,2026-10-10,wk inc covid hosp,quantile,0.3,43.642531934398285
30,2026-09-26,2,2026-10-10,wk inc covid hosp,quantile,0.3,11.075448045549228
31,2026-09-26,2,2026-10-10,wk inc covid hosp,quantile,0.3,4.187881562082342
32,2026-09-26,2,2026-10-10,wk inc covid hosp,quantile,0.3,31.362542451158987
33,2026-09-26,2,2026-10-10,wk inc covid hosp,quantile,0.3,1.3352290190805984
34,2026-09-26,2,2026-10-10,wk inc covid hosp,quantile,0.3,132.32815113273375
35,2026-09-26,2,2026-10-10,wk inc covid hosp,quantile,0.3,10.521741320198176
36,2026-09-26,2,2026-10-10,wk inc covid hosp,quantile,0.3,294.9584449636082
37,2026-09-26,2,2026-10-10,wk inc covid hosp,quantile,0.3,211.32834464413875
38,2026-09-26,2,2026-10-10,wk inc covid hosp,quantile,0.3,1.2205090793129083
39,2026-09-26,2,2026-10-10,wk inc covid hosp,quantile,0.3,63.1152998878364
40,2026-09-26,2,2026-10-10,wk inc covid hosp,quantile,0.3,20.106941574424198
41,2026-09-26,2,2026-10-10,wk inc covid hosp,quantile,0.3,43.87245091803738
42,2026-09-26,2,2026-10-10,wk inc covid hosp,quantile,0.3,173.52822436869945
44,2026-09-26,2,2026-10-10,wk inc covid hosp,quantile,0.3,13.175036625820667
45,2026-09-26,2,2026-10-10,wk inc covid hosp,quantile,0.3,56.259774263377366
46,2026-09-26,2,2026-10-10,wk inc covid hosp,quantile,0.3,5.084920105657192
47,2026-09-26,2,2026-10-10,wk inc covid hosp,quantile,0.3,77.33196002772141
48,2026-09-26,2,2026-10-10,wk inc covid hosp,quantile,0.3,382.97968708965396
49,2026-09-26,2,2026-10-10,wk inc covid hosp,quantile,0.3,23.376985466629407
50,2026-09-26,2,2026-10-10,wk inc covid hosp,quantile,0.3,2.71802055101014
51,2026-09-26,2,2026-10-10,wk inc covid hosp,quantile,0.3,54.361778409565055
53,2026-09-26,2,2026-10-10,wk inc covid hosp,quantile,0.3,124.59116313350465
54,2026-09-26,2,2026-10-10,wk inc covid hosp,quantile,0.3,12.697563926605095
55,2026-09-26,2,2026-10-10,wk inc covid hosp,quantile,0.3,20.623159815649593
56,2026-09-26,2,2026-10-10,wk inc covid hosp,quantile,0.3,0.24021925400929803
72,2026-09-26,2,2026-10-10,wk inc covid hosp,quantile,0.3,75.12201985387507
US,2026-09-26,2,2026-10-10,wk inc covid hosp,quantile,0.3,4771.256501910109
01,2026-09-26,3,2026-10-17,wk inc covid hosp,quantile,0.3,79.095485599942
02,2026-09-26,3,2026-10-17,wk inc covid hosp,quantile,0.3,2.397818933889218
04,2026-09-26,3,2026-10-17,wk inc covid hosp,quantile,0.3,74.01022694900172
05,2026-09-26,3,2026-10-17,wk inc covid hosp,quantile,0.3,12.863015418688315
06,2026-09-26,3,2026-10-17,wk inc covid hosp,quantile,0.3,956.3556586786011
08,2026-09-26,3,2026-10-17,wk inc covid hosp,quantile,0.3,30.90347689850117
09,2026-09-26,3,2026-10-17,wk inc covid hosp,quantile,0.3,28.993045605154222
10,2026-09-26,3,2026-10-17,wk inc covid hosp,quantile,0.3,5.827779524837751
11,2026-09-26,3,2026-10-17,wk inc covid hosp,quantile,0.3,4.464623105847971
12,2026-09-26,3,2026-10-17,wk inc covid hosp,quantile,0.3,517.2952626337412
13,2026-09-26,3,2026-10-17,wk inc covid hosp,quantile,0.3,83.15825492791633
15,2026-09-26,3,2026-10-17,wk inc covid hosp,quantile,0.3,29.149120618971846
16,2026-09-26,3,2026-10-17,wk inc covid hosp,quantile,0.3,11.641966450449972
17,2026-09-26,3,2026-10-17,wk inc covid hosp,quantile,0.3,72.97221909676767
18,2026-09-26,3,2026-10-17,wk inc covid hosp,quantile,0.3,28.212631138558173
19,2026-09-26,3,2026-10-17,wk inc covid hosp,quantile,0.3,14.502487359192328
20,2026-09-26,3,2026-10-17,wk inc covid hosp,quantile,0.3,8.049697310013801
21,2026-09-26,3,2026-10-17,wk inc covid hosp,quantile,0.3,21.865500765632913
22,2026-09-26,3,2026-10-17,wk inc covid hosp,quantile,0.3,59.28482871836856
23,2026-09-26,3,2026-10-17,wk inc covid hosp,quantile,0.3,0.6308411487300258
24,2026-09-26,3,2026-10-17,wk inc covid hosp,quantile,0.3,39.72220228254283
25,2026-09-26,3,2026-10-17,wk inc covid hosp,quantile,0.3,34.171558438908015
26,2026-09-26,3,2026-10-17,wk inc covid hosp,quantile,0.3,45.464111999604135
27,2026-09-26,3,2026-10-17,wk inc covid hosp,quantile,0.3,28.225846541683683
28,2026-09-26,3,2026-10-17,wk inc covid hosp,quantile,0.3,25.0525438191593
29,2026-09-26,3,2026-10-17,wk inc covid hosp,quantile,0.3,43.642531934398285
30,2026-09-26,3,2026-10-17,wk inc covid hosp,quantile,0.3,11.399348025398108
31,2026-09-26,3,2026-10-17,wk inc covid hosp,quantile,0.3,4.431674190438742
32,2026-09-26,3,2026-10-17,wk inc covid hosp,quantile,0.3,30.883956540554674
33,2026-09-26,3,2026-10-17,wk inc covid hosp,quantile,0.3,1.420575524824645
34,2026-09-26,3,2026-10-17,wk inc covid hosp,quantile,0.3,133.18712714123708
35,2026-09-26,3,2026-10-17,wk inc covid hosp,quantile,0.3,10.411068505315681
36,2026-09-26,3,2026-10-17,wk inc covid hosp,quantile,0.3,304.0490567114435
37,2026-09-26,3,2026-10-17,wk inc covid hosp,quantile,0.3,207.6063002752051
38,2026-09-26,3,2026-10-17,wk inc covid hosp,quantile,0.3,1.2551737507243608
39,2026-09-26,3,2026-10-17,wk inc covid hosp,quantile,0.3,63.43343180450233
40,2026-09-26,3,2026-10-17,wk inc covid hosp,quantile,0.3,20.11681185968473
41,2026-09-26,3,2026-10-17,wk inc covid hosp,quantile,0.3,44.114813251409636
42,2026-09-26,3,2026-10-17,wk inc covid hosp,quantile,0.3,175.95380110404324
44,2026-09-26,3,2026-10-17,wk inc covid hosp,quantile,0.3,13.175036625820667
45,2026-09-26,3,2026-10-17,wk inc covid hosp,quantile,0.3,54.83666930694143
46,2026-09-26,3,2026-10-17,wk inc covid hosp,quantile,0.3,5.17248492597353
47,2026-09-26,3,2026-10-17,wk inc covid hosp,quantile,0.3,77.80230539453856
48,2026-09-26,3,2026-10-17,wk inc covid hosp,quantile,0.3,375.46112464000413
49,2026-09-26,3,2026-10-17,wk inc covid hosp,quantile,0.3,23.525306182206076
50,2026-09-26,3,2026-10-17,wk inc covid hosp,quantile,0.3,2.745535655718299
51,2026-09-26,3,2026-10-17,wk inc covid hosp,quantile,0.3,54.16792162213847
53,2026-09-26,3,2026-10-17,wk inc covid hosp,quantile,0.3,121.3179263317123
54,2026-09-26,3,2026-10-17,wk inc covid hosp,quantile,0.3,13.042689531227559
55,2026-09-26,3,2026-10-17,wk inc covid hosp,quantile,0.3,20.623159815649593
56,2026-09-26,3,2026-10-17,wk inc covid hosp,quantile,0.3,0.26760442375070875
72,2026-09-26,3,2026-10-17,wk inc covid hosp,quantile,0.3,72.0612909396828
US,2026-09-26,3,2026-10-17,wk inc covid hosp,quantile,0.3,4773.95470687737
01,2026-09-26,0,2026-09-26,wk inc covid hosp,quantile,0.35,89.74155767226159
02,2026-09-26,0,2026-09-26,wk inc covid hosp,quantile,0.35,2.506951890374418
04,2026-09-26,0,2026-09-26,wk inc covid hosp,quantile,0.35,75.00682851076247
05,2026-09-26,0,2026-09-26,wk inc covid hosp,quantile,0.35,13.176485267302512
06,2026-09-26,0,2026-09-26,wk inc covid hosp,quantile,0.35,1072.6199912060804
08,2026-09-26,0,2026-09-26,wk inc covid hosp,quantile,0.35,31.059642002432188
09,2026-09-26,0,2026-09-26,wk inc covid hosp,quantile,0.35,26.38095019004116
10,2026-09-26,0,2026-09-26,wk inc covid hosp,quantile,0.35,6.214287172160086
11,2026-09-26,0,2026-09-26,wk inc covid hosp,quantile,0.35,4.260559599597165
12,2026-09-26,0,2026-09-26,wk inc covid hosp,quantile,0.35,577.7023890964824
13,2026-09-26,0,2026-09-26,wk inc covid hosp,quantile,0.35,100.53327839234905
15,2026-09-26,0,2026-09-26,wk inc covid hosp,quantile,0.35,35.35463217215501
16,2026-09-26,0,2026-09-26,wk inc covid hosp,quantile,0.35,11.923745310146948
17,2026-09-26,0,2026-09-26,wk inc covid hosp,quantile,0.35,68.89047471831275
18,2026-09-26,0,2026-09-26,wk inc covid hosp,quantile,0.35,27.343939468342466
19,2026-09-26,0,2026-09-26,wk inc covid hosp,quantile,0.35,14.442762294333164
20,2026-09-26,0,2026-09-26,wk inc covid hosp,quantile,0.35,7.090381312194765
21,2026-09-26,0,2026-09-26,wk inc covid hosp,quantile,0.35,21.559946806947462
22,2026-09-26,0,2026-09-26,wk inc covid hosp,quantile,0.35,77.99074265729011
23,2026-09-26,0,2026-09-26,wk inc covid hosp,quantile,0.35,0.5930802732122705
24,2026-09-26,0,2026-09-26,wk inc covid hosp,quantile,0.35,36.15554578663246
25,2026-09-26,0,2026-09-26,wk inc covid hosp,quantile,0.35,33.42834918684308
26,2026-09-26,0,2026-09-26,wk inc covid hosp,quantile,0.35,45.35637723225735
27,2026-09-26,0,2026-09-26,wk inc covid hosp,quantile,0.35,26.59219627174636
28,2026-09-26,0,2026-09-26,wk inc covid hosp,quantile,0.35,29.670366338977846
29,2026-09-26,0,2026-09-26,wk inc covid hosp,quantile,0.35,40.47489807314161
30,2026-09-26,0,2026-09-26,wk inc covid hosp,quantile,0.35,10.268966900983658
31,2026-09-26,0,2026-09-26,wk inc covid hosp,quantile,0.35,4.494837213383386
32,2026-09-26,0,2026-09-26,wk inc covid hosp,quantile,0.35,32.73676724447097
33,2026-09-26,0,2026-09-26,wk inc covid hosp,quantile,0.35,1.6235515853437312
34,2026-09-26,0,2026-09-26,wk inc covid hosp,quantile,0.35,129.3107986833153
35,2026-09-26,0,2026-09-26,wk inc covid hosp,quantile,0.35,11.208388893640567
36,2026-09-26,0,2026-09-26,wk inc covid hosp,quantile,0.35,281.9032785409026
37,2026-09-26,0,2026-09-26,wk inc covid hosp,quantile,0.35,212.08502743895266
38,2026-09-26,0,2026-09-26,wk inc covid hosp,quantile,0.35,1.1560320517094769
39,2026-09-26,0,2026-09-26,wk inc covid hosp,quantile,0.35,60.11532293035957
40,2026-09-26,0,2026-09-26,wk inc covid hosp,quantile,0.35,20.151345354416165
41,2026-09-26,0,2026-09-26,wk inc covid hosp,quantile,0.35,42.676967728906526
42,2026-09-26,0,2026-09-26,wk inc covid hosp,quantile,0.35,161.50438249279796
44,2026-09-26,0,2026-09-26,wk inc covid hosp,quantile,0.35,12.764848144415732
45,2026-09-26,0,2026-09-26,wk inc covid hosp,quantile,0.35,61.058430481310374
46,2026-09-26,0,2026-09-26,wk inc covid hosp,quantile,0.35,4.9741443300832
47,2026-09-26,0,2026-09-26,wk inc covid hosp,quantile,0.35,79.37375679254755
48,2026-09-26,0,2026-09-26,wk inc covid hosp,quantile,0.35,407.39760024471144
49,2026-09-26,0,2026-09-26,wk inc covid hosp,quantile,0.35,23.09156330339827
50,2026-09-26,0,2026-09-26,wk inc covid hosp,quantile,0.35,2.735974993983471
51,2026-09-26,0,2026-09-26,wk inc covid hosp,quantile,0.35,53.49545018773957
53,2026-09-26,0,2026-09-26,wk inc covid hosp,quantile,0.35,134.76510857995027
54,2026-09-26,0,2026-09-26,wk inc covid hosp,quantile,0.35,12.107995714224531
55,2026-09-26,0,2026-09-26,wk inc covid hosp,quantile,0.35,22.67630494756936
56,2026-09-26,0,2026-09-26,wk inc covid hosp,quantile,0.35,0.5012892718261499
72,2026-09-26,0,2026-09-26,wk inc covid hosp,quantile,0.35,86.48056369761466
US,2026-09-26,0,2026-09-26,wk inc covid hosp,quantile,0.35,4730.491400491669
01,2026-09-26,1,2026-10-03,wk inc covid hosp,quantile,0.35,88.45865893051092
02,2026-09-26,1,2026-10-03,wk inc covid hosp,quantile,0.35,2.629753098425228
04,2026-09-26,1,2026-10-03,wk inc covid hosp,quantile,0.35,76.53949169713289
05,2026-09-26,1,2026-10-03,wk inc covid hosp,quantile,0.35,13.476217040750647
06,2026-09-26,1,2026-10-03,wk inc covid hosp,quantile,0.35,1061.1425345690159
08,2026-09-26,1,2026-10-03,wk inc covid hosp,quantile,0.35,32.18423844250273
09,2026-09-26,1,2026-10-03,wk inc covid hosp,quantile,0.35,27.490501956449126
10,2026-09-26,1,2026-10-03,wk inc covid hosp,quantile,0.35,6.418182999958846
11,2026-09-26,1,2026-10-03,wk inc covid hosp,quantile,0.35,4.544667103234598
12,2026-09-26,1,2026-10-03,wk inc covid hosp,quantile,0.35,569.6266530782026
13,2026-09-26,1,2026-10-03,wk inc covid hosp,quantile,0.35,98.88631043785007
15,2026-09-26,1,2026-10-03,wk inc covid hosp,quantile,0.35,34.869597399681375
16,2026-09-26,1,2026-10-03,wk inc covid hosp,quantile,0.35,12.323848365666684
17,2026-09-26,1,2026-10-03,wk inc covid hosp,quantile,0.35,74.73496732495018
18,2026-09-26,1,2026-10-03,wk inc covid hosp,quantile,0.35,28.624402196808894
19,2026-09-26,1,2026-10-03,wk inc covid hosp,quantile,0.35,15.2047571147636
20,2026-09-26,1,2026-10-03,wk inc covid hosp,quantile,0.35,7.984651717388678
21,2026-09-26,1,2026-10-03,wk inc covid hosp,quantile,0.35,22.33498220142458
22,2026-09-26,1,2026-10-03,wk inc covid hosp,quantile,0.35,75.26323526881245
23,2026-09-26,1,2026-10-03,wk inc covid hosp,quantile,0.35,0.5930802732122705
24,2026-09-26,1,2026-10-03,wk inc covid hosp,quantile,0.35,39.766150323792786
25,2026-09-26,1,2026-10-03,wk inc covid hosp,quantile,0.35,35.001588215011594
26,2026-09-26,1,2026-10-03,wk inc covid hosp,quantile,0.35,47.90164285627861
27,2026-09-26,1,2026-10-03,wk inc covid hosp,quantile,0.35,28.098223253750763
28,2026-09-26,1,2026-10-03,wk inc covid hosp,quantile,0.35,29.590208860644534
29,2026-09-26,1,2026-10-03,wk inc covid hosp,quantile,0.35,45.01520344404345
30,2026-09-26,1,2026-10-03,wk inc covid hosp,quantile,0.35,10.77545977016273
31,2026-09-26,1,2026-10-03,wk inc covid hosp,quantile,0.35,4.527759711610773
32,2026-09-26,1,2026-10-03,wk inc covid hosp,quantile,0.35,32.831976132627005
33,2026-09-26,1,2026-10-03,wk inc covid hosp,quantile,0.35,1.7475211295124482
34,2026-09-26,1,2026-10-03,wk inc covid hosp,quantile,0.35,132.3837219126003
35,2026-09-26,1,2026-10-03,wk inc covid hosp,quantile,0.35,11.604202721387136
36,2026-09-26,1,2026-10-03,wk inc covid hosp,quantile,0.35,302.8632341079229
37,2026-09-26,1,2026-10-03,wk inc covid hosp,quantile,0.35,214.11234218454945
38,2026-09-26,1,2026-10-03,wk inc covid hosp,quantile,0.35,1.232769454028704
39,2026-09-26,1,2026-10-03,wk inc covid hosp,quantile,0.35,62.262759959827754
40,2026-09-26,1,2026-10-03,wk inc covid hosp,quantile,0.35,20.23750578133218
41,2026-09-26,1,2026-10-03,wk inc covid hosp,quantile,0.35,45.058551992952225
42,2026-09-26,1,2026-10-03,wk inc covid hosp,quantile,0.35,171.7869298494844
44,2026-09-26,1,2026-10-03,wk inc covid hosp,quantile,0.35,13.263168126994918
45,2026-09-26,1,2026-10-03,wk inc covid hosp,quantile,0.35,61.49219441030353
46,2026-09-26,1,2026-10-03,wk inc covid hosp,quantile,0.35,5.306751295727274
47,2026-09-26,1,2026-10-03,wk inc covid hosp,quantile,0.35,81.00538604916791
48,2026-09-26,1,2026-10-03,wk inc covid hosp,quantile,0.35,387.8006765835539
49,2026-09-26,1,2026-10-03,wk inc covid hosp,quantile,0.35,24.306239409208914
50,2026-09-26,1,2026-10-03,wk inc covid hosp,quantile,0.35,2.8658869418579793
51,2026-09-26,1,2026-10-03,wk inc covid hosp,quantile,0.35,56.75465602040681
53,2026-09-26,1,2026-10-03,wk inc covid hosp,quantile,0.35,136.4194769010483
54,2026-09-26,1,2026-10-03,wk inc covid hosp,quantile,0.35,12.412777541652067
55,2026-09-26,1,2026-10-03,wk inc covid hosp,quantile,0.35,23.51213075141638
56,2026-09-26,1,2026-10-03,wk inc covid hosp,quantile,0.35,0.5710456916432134
72,2026-09-26,1,2026-10-03,wk inc covid hosp,quantile,0.35,83.08552111567968
US,2026-09-26,1,2026-10-03,wk inc covid hosp,quantile,0.35,4791.927135174318
01,2026-09-26,2,2026-10-10,wk inc covid hosp,quantile,0.35,84.37962980710336
02,2026-09-26,2,2026-10-10,wk inc covid hosp,quantile,0.35,2.5812508650728296
04,2026-09-26,2,2026-10-10,wk inc covid hosp,quantile,0.35,77.10478236201045
05,2026-09-26,2,2026-10-10,wk inc covid hosp,quantile,0.35,13.970077423485145
06,2026-09-26,2,2026-10-10,wk inc covid hosp,quantile,0.35,1026.8284296579375
08,2026-09-26,2,2026-10-10,wk inc covid hosp,quantile,0.35,33.46217825666339
09,2026-09-26,2,2026-10-10,wk inc covid hosp,quantile,0.35,28.512455154506817
10,2026-09-26,2,2026-10-10,wk inc covid hosp,quantile,0.35,6.460591659175274
11,2026-09-26,2,2026-10-10,wk inc covid hosp,quantile,0.35,4.935853243610245
12,2026-09-26,2,2026-10-10,wk inc covid hosp,quantile,0.35,544.0395692734241
13,2026-09-26,2,2026-10-10,wk inc covid hosp,quantile,0.35,92.69644957434804
15,2026-09-26,2,2026-10-10,wk inc covid hosp,quantile,0.35,33.91021358912468
16,2026-09-26,2,2026-10-10,wk inc covid hosp,quantile,0.35,12.395291402347492
17,2026-09-26,2,2026-10-10,wk inc covid hosp,quantile,0.35,75.82901194215266
18,2026-09-26,2,2026-10-10,wk inc covid hosp,quantile,0.35,28.899544188047525
19,2026-09-26,2,2026-10-10,wk inc covid hosp,quantile,0.35,15.96125491171029
20,2026-09-26,2,2026-10-10,wk inc covid hosp,quantile,0.35,8.43461870260669
21,2026-09-26,2,2026-10-10,wk inc covid hosp,quantile,0.35,22.549253024562518
22,2026-09-26,2,2026-10-10,wk inc covid hosp,quantile,0.35,70.27288991153085
23,2026-09-26,2,2026-10-10,wk inc covid hosp,quantile,0.35,0.6253565191166234
24,2026-09-26,2,2026-10-10,wk inc covid hosp,quantile,0.35,41.993663584858865
25,2026-09-26,2,2026-10-10,wk inc covid hosp,quantile,0.35,35.123127145498536
26,2026-09-26,2,2026-10-10,wk inc covid hosp,quantile,0.35,50.462528465532486
27,2026-09-26,2,2026-10-10,wk inc covid hosp,quantile,0.35,29.70364828977571
28,2026-09-26,2,2026-10-10,wk inc covid hosp,quantile,0.35,28.52361672688594
29,2026-09-26,2,2026-10-10,wk inc covid hosp,quantile,0.35,46.08601603888288
30,2026-09-26,2,2026-10-10,wk inc covid hosp,quantile,0.35,11.419498804966414
31,2026-09-26,2,2026-10-10,wk inc covid hosp,quantile,0.35,4.555609049522955
32,2026-09-26,2,2026-10-10,wk inc covid hosp,quantile,0.35,33.650197126485814
33,2026-09-26,2,2026-10-10,wk inc covid hosp,quantile,0.35,1.7639049787052945
34,2026-09-26,2,2026-10-10,wk inc covid hosp,quantile,0.35,136.2996940600491
35,2026-09-26,2,2026-10-10,wk inc covid hosp,quantile,0.35,12.010278117598675
36,2026-09-26,2,2026-10-10,wk inc covid hosp,quantile,0.35,306.9530156271639
37,2026-09-26,2,2026-10-10,wk inc covid hosp,quantile,0.35,211.63497201424946
38,2026-09-26,2,2026-10-10,wk inc covid hosp,quantile,0.35,1.3698532388862987
39,2026-09-26,2,2026-10-10,wk inc covid hosp,quantile,0.35,63.43343180450233
40,2026-09-26,2,2026-10-10,wk inc covid hosp,quantile,0.35,21.756699738941645
41,2026-09-26,2,2026-10-10,wk inc covid hosp,quantile,0.35,47.0440795999543
42,2026-09-26,2,2026-10-10,wk inc covid hosp,quantile,0.35,180.317739396377
44,2026-09-26,2,2026-10-10,wk inc covid hosp,quantile,0.35,13.736145642731316
45,2026-09-26,2,2026-10-10,wk inc covid hosp,quantile,0.35,59.96190607707298
46,2026-09-26,2,2026-10-10,wk inc covid hosp,quantile,0.35,5.415398885114051
47,2026-09-26,2,2026-10-10,wk inc covid hosp,quantile,0.35,82.12755490617509
48,2026-09-26,2,2026-10-10,wk inc covid hosp,quantile,0.35,394.1568056382032
49,2026-09-26,2,2026-10-10,wk inc covid hosp,quantile,0.35,25.551163838619985
50,2026-09-26,2,2026-10-10,wk inc covid hosp,quantile,0.35,3.009887717584763
51,2026-09-26,2,2026-10-10,wk inc covid hosp,quantile,0.35,56.841093779751354
53,2026-09-26,2,2026-10-10,wk inc covid hosp,quantile,0.35,132.78834490805792
54,2026-09-26,2,2026-10-10,wk inc covid hosp,quantile,0.35,13.03806427125432
55,2026-09-26,2,2026-10-10,wk inc covid hosp,quantile,0.35,24.763051070985654
56,2026-09-26,2,2026-10-10,wk inc covid hosp,quantile,0.35,0.7083812166498571
72,2026-09-26,2,2026-10-10,wk inc covid hosp,quantile,0.35,80.79310451991525
US,2026-09-26,2,2026-10-10,wk inc covid hosp,quantile,0.35,4795.6498187837
01,2026-09-26,3,2026-10-17,wk inc covid hosp,quantile,0.35,83.16689102805849
02,2026-09-26,3,2026-10-17,wk inc covid hosp,quantile,0.35,2.647776973207616
04,2026-09-26,3,2026-10-17,wk inc covid hosp,quantile,0.35,77.10478236201045
05,2026-09-26,3,2026-10-17,wk inc covid hosp,quantile,0.35,14.163203737670923
06,2026-09-26,3,2026-10-17,wk inc covid hosp,quantile,0.35,999.8222736393817
08,2026-09-26,3,2026-10-17,wk inc covid hosp,quantile,0.35,33.52632504881924
09,2026-09-26,3,2026-10-17,wk inc covid hosp,quantile,0.35,29.522297410653742
10,2026-09-26,3,2026-10-17,wk inc covid hosp,quantile,0.35,6.750236382198289
11,2026-09-26,3,2026-10-17,wk inc covid hosp,quantile,0.35,5.189464049708789
12,2026-09-26,3,2026-10-17,wk inc covid hosp,quantile,0.35,534.8322893965708
13,2026-09-26,3,2026-10-17,wk inc covid hosp,quantile,0.35,91.65862938862895
15,2026-09-26,3,2026-10-17,wk inc covid hosp,quantile,0.35,32.088291307017705
16,2026-09-26,3,2026-10-17,wk inc covid hosp,quantile,0.35,12.585340920645937
17,2026-09-26,3,2026-10-17,wk inc covid hosp,quantile,0.35,75.94351444320613
18,2026-09-26,3,2026-10-17,wk inc covid hosp,quantile,0.35,29.22325143031984
19,2026-09-26,3,2026-10-17,wk inc covid hosp,quantile,0.35,16.02447259216388
20,2026-09-26,3,2026-10-17,wk inc covid hosp,quantile,0.35,8.513395950188427
21,2026-09-26,3,2026-10-17,wk inc covid hosp,quantile,0.35,22.549253024562518
22,2026-09-26,3,2026-10-17,wk inc covid hosp,quantile,0.35,67.35913934265058
23,2026-09-26,3,2026-10-17,wk inc covid hosp,quantile,0.35,0.6517442368928884
24,2026-09-26,3,2026-10-17,wk inc covid hosp,quantile,0.35,42.03838367701161
25,2026-09-26,3,2026-10-17,wk inc covid hosp,quantile,0.35,36.753629985205265
26,2026-09-26,3,2026-10-17,wk inc covid hosp,quantile,0.35,50.986741070864184
27,2026-09-26,3,2026-10-17,wk inc covid hosp,quantile,0.35,30.828769634841812
28,2026-09-26,3,2026-10-17,wk inc covid hosp,quantile,0.35,28.50587060094872
29,2026-09-26,3,2026-10-17,wk inc covid hosp,quantile,0.35,46.08601603888288
30,2026-09-26,3,2026-10-17,wk inc covid hosp,quantile,0.35,11.707920411232145
31,2026-09-26,3,2026-10-17,wk inc covid hosp,quantile,0.35,4.555609049522955
32,2026-09-26,3,2026-10-17,wk inc covid hosp,quantile,0.35,33.650197126485814
33,2026-09-26,3,2026-10-17,wk inc covid hosp,quantile,0.35,1.7639049787052945
34,2026-09-26,3,2026-10-17,wk inc covid hosp,quantile,0.35,136.43169739303352
35,2026-09-26,3,2026-10-17,wk inc covid hosp,quantile,0.35,12.131348328473079
36,2026-09-26,3,2026-10-17,wk inc covid hosp,quantile,0.35,312.5116011314276
37,2026-09-26,3,2026-10-17,wk inc covid hosp,quantile,0.35,208.75756982882712
38,2026-09-26,3,2026-10-17,wk inc covid hosp,quantile,0.35,1.4014298856211629
39,2026-09-26,3,2026-10-17,wk inc covid hosp,quantile,0.35,65.4720443351535
40,2026-09-26,3,2026-10-17,wk inc covid hosp,quantile,0.35,22.267117314848303
41,2026-09-26,3,2026-10-17,wk inc covid hosp,quantile,0.35,47.478599363746035
42,2026-09-26,3,2026-10-17,wk inc covid hosp,quantile,0.35,184.30008226151983
44,2026-09-26,3,2026-10-17,wk inc covid hosp,quantile,0.35,13.886757796540062
45,2026-09-26,3,2026-10-17,wk inc covid hosp,quantile,0.35,59.04738807254949
46,2026-09-26,3,2026-10-17,wk inc covid hosp,quantile,0.35,5.474369040824383
47,2026-09-26,3,2026-10-17,wk inc covid hosp,quantile,0.35,83.69920010799467
48,2026-09-26,3,2026-10-17,wk inc covid hosp,quantile,0.35,377.28367868092596
49,2026-09-26,3,2026-10-17,wk inc covid hosp,quantile,0.35,25.83576460209307
50,2026-09-26,3,2026-10-17,wk inc covid hosp,quantile,0.35,3.1354198648520497
51,2026-09-26,3,2026-10-17,wk inc covid hosp,quantile,0.35,58.02608574356466
53,2026-09-26,3,2026-10-17,wk inc covid hosp,quantile,0.35,132.07468168991636
54,2026-09-26,3,2026-10-17,wk inc covid hosp,quantile,0.35,13.406472428357437
55,2026-09-26,3,2026-10-17,wk inc covid hosp,quantile,0.35,24.763051070985654
56,2026-09-26,3,2026-10-17,wk inc covid hosp,quantile,0.35,0.7514039908249366
72,2026-09-26,3,2026-10-17,wk inc covid hosp,quantile,0.35,78.47547910897404
US,2026-09-26,3,2026-10-17,wk inc covid hosp,quantile,0.35,4823.054249924694
01,2026-09-26,0,2026-09-26,wk inc covid hosp,quantile,0.4,93.1072260636961
02,2026-09-26,0,2026-09-26,wk inc covid hosp,quantile,0.4,2.87137171273868
04,2026-09-26,0,2026-09-26,wk inc covid hosp,quantile,0.4,78.41280296612757
05,2026-09-26,0,2026-09-26,wk inc covid hosp,quantile,0.4,14.00428834880436
06,2026-09-26,0,2026-09-26,wk inc covid hosp,quantile,0.4,1091.451997200259
08,2026-09-26,0,2026-09-26,wk inc covid hosp,quantile,0.4,32.175999385957944
09,2026-09-26,0,2026-09-26,wk inc covid hosp,quantile,0.4,26.702051482304135
10,2026-09-26,0,2026-09-26,wk inc covid hosp,quantile,0.4,6.307985849048107
11,2026-09-26,0,2026-09-26,wk inc covid hosp,quantile,0.4,5.036245775947729
12,2026-09-26,0,2026-09-26,wk inc covid hosp,quantile,0.4,577.9928338885588
13,2026-09-26,0,2026-09-26,wk inc covid hosp,quantile,0.4,102.17517241663961
15,2026-09-26,0,2026-09-26,wk inc covid hosp,quantile,0.4,36.909712141960135
16,2026-09-26,0,2026-09-26,wk inc covid hosp,quantile,0.4,12.405431840780063
17,2026-09-26,0,2026-09-26,wk inc covid hosp,quantile,0.4,69.2986166477318
18,2026-09-26,0,2026-09-26,wk inc covid hosp,quantile,0.4,28.57285395823162
19,2026-09-26,0,2026-09-26,wk inc covid hosp,quantile,0.4,15.447988089130437
20,2026-09-26,0,2026-09-26,wk inc covid hosp,quantile,0.4,7.805434388966359
21,2026-09-26,0,2026-09-26,wk inc covid hosp,quantile,0.4,21.803925795414024
22,2026-09-26,0,2026-09-26,wk inc covid hosp,quantile,0.4,78.86261673263428
23,2026-09-26,0,2026-09-26,wk inc covid hosp,quantile,0.4,0.7682568711818016
24,2026-09-26,0,2026-09-26,wk inc covid hosp,quantile,0.4,38.3531709752553
25,2026-09-26,0,2026-09-26,wk inc covid hosp,quantile,0.4,33.57797066150905
26,2026-09-26,0,2026-09-26,wk inc covid hosp,quantile,0.4,46.91020899977983
27,2026-09-26,0,2026-09-26,wk inc covid hosp,quantile,0.4,27.619883499518153
28,2026-09-26,0,2026-09-26,wk inc covid hosp,quantile,0.4,32.272859798479296
29,2026-09-26,0,2026-09-26,wk inc covid hosp,quantile,0.4,40.78659036334497
30,2026-09-26,0,2026-09-26,wk inc covid hosp,quantile,0.4,11.408695898868237
31,2026-09-26,0,2026-09-26,wk inc covid hosp,quantile,0.4,4.50234091157576
32,2026-09-26,0,2026-09-26,wk inc covid hosp,quantile,0.4,34.39670814573372
33,2026-09-26,0,2026-09-26,wk inc covid hosp,quantile,0.4,1.9249951011876636
34,2026-09-26,0,2026-09-26,wk inc covid hosp,quantile,0.4,135.94936938631864
35,2026-09-26,0,2026-09-26,wk inc covid hosp,quantile,0.4,11.747194960559177
36,2026-09-26,0,2026-09-26,wk inc covid hosp,quantile,0.4,283.5349018491488
37,2026-09-26,0,2026-09-26,wk inc covid hosp,quantile,0.4,212.42166101298452
38,2026-09-26,0,2026-09-26,wk inc covid hosp,quantile,0.4,1.3078150344898503
39,2026-09-26,0,2026-09-26,wk inc covid hosp,quantile,0.4,61.06730988249882
40,2026-09-26,0,2026-09-26,wk inc covid hosp,quantile,0.4,20.588105156536045
41,2026-09-26,0,2026-09-26,wk inc covid hosp,quantile,0.4,43.72065884132343
42,2026-09-26,0,2026-09-26,wk inc covid hosp,quantile,0.4,167.80896705995178
44,2026-09-26,0,2026-09-26,wk inc covid hosp,quantile,0.4,14.274916308632262
45,2026-09-26,0,2026-09-26,wk inc covid hosp,quantile,0.4,61.798185076359196
46,2026-09-26,0,2026-09-26,wk inc covid hosp,quantile,0.4,5.553572674886737
47,2026-09-26,0,2026-09-26,wk inc covid hosp,quantile,0.4,82.55144240650836
48,2026-09-26,0,2026-09-26,wk inc covid hosp,quantile,0.4,409.6744364708828
49,2026-09-26,0,2026-09-26,wk inc covid hosp,quantile,0.4,23.436849667926413
50,2026-09-26,0,2026-09-26,wk inc covid hosp,quantile,0.4,2.9762515511361882
51,2026-09-26,0,2026-09-26,wk inc covid hosp,quantile,0.4,55.58987212235363
53,2026-09-26,0,2026-09-26,wk inc covid hosp,quantile,0.4,139.52365083632338
54,2026-09-26,0,2026-09-26,wk inc covid hosp,quantile,0.4,13.858570675819621
55,2026-09-26,0,2026-09-26,wk inc covid hosp,quantile,0.4,24.768199838860333
56,2026-09-26,0,2026-09-26,wk inc covid hosp,quantile,0.4,0.6680736881973722
72,2026-09-26,0,2026-09-26,wk inc covid hosp,quantile,0.4,93.13389916529783
US,2026-09-26,0,2026-09-26,wk inc covid hosp,quantile,0.4,4836.150582133877
01,2026-09-26,1,2026-10-03,wk inc covid hosp,quantile,0.4,90.4227322463721
02,2026-09-26,1,2026-10-03,wk inc covid hosp,quantile,0.4,2.9391458644418855
04,2026-09-26,1,2026-10-03,wk inc covid hosp,quantile,0.4,79.71473750630855
05,2026-09-26,1,2026-10-03,wk inc covid hosp,quantile,0.4,14.36861599924462
06,2026-09-26,1,2026-10-03,wk inc covid hosp,quantile,0.4,1106.74307451493
08,2026-09-26,1,2026-10-03,wk inc covid hosp,quantile,0.4,33.535930706909525
09,2026-09-26,1,2026-10-03,wk inc covid hosp,quantile,0.4,27.879188972976284
10,2026-09-26,1,2026-10-03,wk inc covid hosp,quantile,0.4,6.46642673875978
11,2026-09-26,1,2026-10-03,wk inc covid hosp,quantile,0.4,5.436815371366878
12,2026-09-26,1,2026-10-03,wk inc covid hosp,quantile,0.4,574.076278342033
13,2026-09-26,1,2026-10-03,wk inc covid hosp,quantile,0.4,99.39524477448018
15,2026-09-26,1,2026-10-03,wk inc covid hosp,quantile,0.4,35.74189674975529
16,2026-09-26,1,2026-10-03,wk inc covid hosp,quantile,0.4,13.098195675921726
17,2026-09-26,1,2026-10-03,wk inc covid hosp,quantile,0.4,75.18978654881572
18,2026-09-26,1,2026-10-03,wk inc covid hosp,quantile,0.4,29.55810222044466
19,2026-09-26,1,2026-10-03,wk inc covid hosp,quantile,0.4,15.910494783876286
20,2026-09-26,1,2026-10-03,wk inc covid hosp,quantile,0.4,8.0371979768725
21,2026-09-26,1,2026-10-03,wk inc covid hosp,quantile,0.4,22.381962928212037
22,2026-09-26,1,2026-10-03,wk inc covid hosp,quantile,0.4,76.12140098987189
23,2026-09-26,1,2026-10-03,wk inc covid hosp,quantile,0.4,0.8816869092939744
24,2026-09-26,1,2026-10-03,wk inc covid hosp,quantile,0.4,42.41985741771725
25,2026-09-26,1,2026-10-03,wk inc covid hosp,quantile,0.4,35.061460546064055
26,2026-09-26,1,2026-10-03,wk inc covid hosp,quantile,0.4,48.55378583091579
27,2026-09-26,1,2026-10-03,wk inc covid hosp,quantile,0.4,28.789656777524023
28,2026-09-26,1,2026-10-03,wk inc covid hosp,quantile,0.4,32.11517449511344
29,2026-09-26,1,2026-10-03,wk inc covid hosp,quantile,0.4,45.242336034101946
30,2026-09-26,1,2026-10-03,wk inc covid hosp,quantile,0.4,12.017563419291902
31,2026-09-26,1,2026-10-03,wk inc covid hosp,quantile,0.4,4.661360847317805
32,2026-09-26,1,2026-10-03,wk inc covid hosp,quantile,0.4,35.29207132810945
33,2026-09-26,1,2026-10-03,wk inc covid hosp,quantile,0.4,2.0738323422952467
34,2026-09-26,1,2026-10-03,wk inc covid hosp,quantile,0.4,140.26719367040118
35,2026-09-26,1,2026-10-03,wk inc covid hosp,quantile,0.4,12.027408746247906
36,2026-09-26,1,2026-10-03,wk inc covid hosp,quantile,0.4,308.9648641314321
37,2026-09-26,1,2026-10-03,wk inc covid hosp,quantile,0.4,221.02731128429227
38,2026-09-26,1,2026-10-03,wk inc covid hosp,quantile,0.4,1.4373163171122247
39,2026-09-26,1,2026-10-03,wk inc covid hosp,quantile,0.4,64.23489341079603
40,2026-09-26,1,2026-10-03,wk inc covid hosp,quantile,0.4,21.701374448977873
41,2026-09-26,1,2026-10-03,wk inc covid hosp,quantile,0.4,46.08154092245782
42,2026-09-26,1,2026-10-03,wk inc covid hosp,quantile,0.4,179.41533985797207
44,2026-09-26,1,2026-10-03,wk inc covid hosp,quantile,0.4,14.560672013065284
45,2026-09-26,1,2026-10-03,wk inc covid hosp,quantile,0.4,62.92048986433002
46,2026-09-26,1,2026-10-03,wk inc covid hosp,quantile,0.4,5.563680754874817
47,2026-09-26,1,2026-10-03,wk inc covid hosp,quantile,0.4,84.46050848068849
48,2026-09-26,1,2026-10-03,wk inc covid hosp,quantile,0.4,396.11743793521987
49,2026-09-26,1,2026-10-03,wk inc covid hosp,quantile,0.4,24.411743797877847
50,2026-09-26,1,2026-10-03,wk inc covid hosp,quantile,0.4,3.1095230378708516
51,2026-09-26,1,2026-10-03,wk inc covid hosp,quantile,0.4,57.77588300204324
53,2026-09-26,1,2026-10-03,wk inc covid hosp,quantile,0.4,140.30645193974232
54,2026-09-26,1,2026-10-03,wk inc covid hosp,quantile,0.4,14.608574800301367
55,2026-09-26,1,2026-10-03,wk inc covid hosp,quantile,0.4,24.698048888754748
56,2026-09-26,1,2026-10-03,wk inc covid hosp,quantile,0.4,0.7231310889078569
72,2026-09-26,1,2026-10-03,wk inc covid hosp,quantile,0.4,89.5100211288618
US,2026-09-26,1,2026-10-03,wk inc covid hosp,quantile,0.4,5049.047148023773
01,2026-09-26,2,2026-10-10,wk inc covid hosp,quantile,0.4,86.88847340650447
02,2026-09-26,2,2026-10-10,wk inc covid hosp,quantile,0.4,3.1801650338568312
04,2026-09-26,2,2026-10-10,wk inc covid hosp,quantile,0.4,79.8091720278297
05,2026-09-26,2,2026-10-10,wk inc covid hosp,quantile,0.4,14.747049601191694
06,2026-09-26,2,2026-10-10,wk inc covid hosp,quantile,0.4,1100.7345642765001
08,2026-09-26,2,2026-10-10,wk inc covid hosp,quantile,0.4,36.25497363787715
09,2026-09-26,2,2026-10-10,wk inc covid hosp,quantile,0.4,29.060939677843372
10,2026-09-26,2,2026-10-10,wk inc covid hosp,quantile,0.4,6.811469162757254
11,2026-09-26,2,2026-10-10,wk inc covid hosp,quantile,0.4,5.707784794370343
12,2026-09-26,2,2026-10-10,wk inc covid hosp,quantile,0.4,548.3377178606623
13,2026-09-26,2,2026-10-10,wk inc covid hosp,quantile,0.4,96.30103629853643
15,2026-09-26,2,2026-10-10,wk inc covid hosp,quantile,0.4,34.57750644188527
16,2026-09-26,2,2026-10-10,wk inc covid hosp,quantile,0.4,13.358541502155862
17,2026-09-26,2,2026-10-10,wk inc covid hosp,quantile,0.4,81.87042706733496
18,2026-09-26,2,2026-10-10,wk inc covid hosp,quantile,0.4,29.94651800840594
19,2026-09-26,2,2026-10-10,wk inc covid hosp,quantile,0.4,17.570563256816143
20,2026-09-26,2,2026-10-10,wk inc covid hosp,quantile,0.4,8.513395950188427
21,2026-09-26,2,2026-10-10,wk inc covid hosp,quantile,0.4,23.91495263331471
22,2026-09-26,2,2026-10-10,wk inc covid hosp,quantile,0.4,72.96113319079102
23,2026-09-26,2,2026-10-10,wk inc covid hosp,quantile,0.4,0.925709547090747
24,2026-09-26,2,2026-10-10,wk inc covid hosp,quantile,0.4,44.86008224954123
25,2026-09-26,2,2026-10-10,wk inc covid hosp,quantile,0.4,36.19922354998482
26,2026-09-26,2,2026-10-10,wk inc covid hosp,quantile,0.4,51.77870589122961
27,2026-09-26,2,2026-10-10,wk inc covid hosp,quantile,0.4,31.14694873910324
28,2026-09-26,2,2026-10-10,wk inc covid hosp,quantile,0.4,30.69690033084266
29,2026-09-26,2,2026-10-10,wk inc covid hosp,quantile,0.4,47.548682284862615
30,2026-09-26,2,2026-10-10,wk inc covid hosp,quantile,0.4,12.76831873006215
31,2026-09-26,2,2026-10-10,wk inc covid hosp,quantile,0.4,4.774264941455523
32,2026-09-26,2,2026-10-10,wk inc covid hosp,quantile,0.4,36.137447525313995
33,2026-09-26,2,2026-10-10,wk inc covid hosp,quantile,0.4,2.2540019637409623
34,2026-09-26,2,2026-10-10,wk inc covid hosp,quantile,0.4,145.88446020505037
35,2026-09-26,2,2026-10-10,wk inc covid hosp,quantile,0.4,12.96486044534234
36,2026-09-26,2,2026-10-10,wk inc covid hosp,quantile,0.4,324.4805918713731
37,2026-09-26,2,2026-10-10,wk inc covid hosp,quantile,0.4,216.2652560205689
38,2026-09-26,2,2026-10-10,wk inc covid hosp,quantile,0.4,1.5781368101796138
39,2026-09-26,2,2026-10-10,wk inc covid hosp,quantile,0.4,66.34207224569695
40,2026-09-26,2,2026-10-10,wk inc covid hosp,quantile,0.4,23.209246312687192
41,2026-09-26,2,2026-10-10,wk inc covid hosp,quantile,0.4,49.10028685563905
42,2026-09-26,2,2026-10-10,wk inc covid hosp,quantile,0.4,192.3148839673706
44,2026-09-26,2,2026-10-10,wk inc covid hosp,quantile,0.4,15.840232879660114
45,2026-09-26,2,2026-10-10,wk inc covid hosp,quantile,0.4,63.33856149236785
46,2026-09-26,2,2026-10-10,wk inc covid hosp,quantile,0.4,5.886416287595677
47,2026-09-26,2,2026-10-10,wk inc covid hosp,quantile,0.4,87.70504425710358
48,2026-09-26,2,2026-10-10,wk inc covid hosp,quantile,0.4,395.231214600736
49,2026-09-26,2,2026-10-10,wk inc covid hosp,quantile,0.4,26.479707994856973
50,2026-09-26,2,2026-10-10,wk inc covid hosp,quantile,0.4,3.327431700042796
51,2026-09-26,2,2026-10-10,wk inc covid hosp,quantile,0.4,60.972802342122
53,2026-09-26,2,2026-10-10,wk inc covid hosp,quantile,0.4,139.48757896696893
54,2026-09-26,2,2026-10-10,wk inc covid hosp,quantile,0.4,15.379516534096307
55,2026-09-26,2,2026-10-10,wk inc covid hosp,quantile,0.4,24.796079567244536
56,2026-09-26,2,2026-10-10,wk inc covid hosp,quantile,0.4,0.7830558863643525
72,2026-09-26,2,2026-10-10,wk inc covid hosp,quantile,0.4,80.88641450756566
US,2026-09-26,2,2026-10-10,wk inc covid hosp,quantile,0.4,5271.568318371418
01,2026-09-26,3,2026-10-17,wk inc covid hosp,quantile,0.4,84.4593918080346
02,2026-09-26,3,2026-10-17,wk inc covid hosp,quantile,0.4,3.197616895756503
04,2026-09-26,3,2026-10-17,wk inc covid hosp,quantile,0.4,81.5714976950516
05,2026-09-26,3,2026-10-17,wk inc covid hosp,quantile,0.4,14.747049601191694
06,2026-09-26,3,2026-10-17,wk inc covid hosp,quantile,0.4,1075.0682990683938
08,2026-09-26,3,2026-10-17,wk inc covid hosp,quantile,0.4,36.564079565783274
09,2026-09-26,3,2026-10-17,wk inc covid hosp,quantile,0.4,30.063739856982256
10,2026-09-26,3,2026-10-17,wk inc covid hosp,quantile,0.4,6.870232033443253
11,2026-09-26,3,2026-10-17,wk inc covid hosp,quantile,0.4,5.908308837473369
12,2026-09-26,3,2026-10-17,wk inc covid hosp,quantile,0.4,538.4588067638147
13,2026-09-26,3,2026-10-17,wk inc covid hosp,quantile,0.4,95.29256054873551
15,2026-09-26,3,2026-10-17,wk inc covid hosp,quantile,0.4,32.19836996931471
16,2026-09-26,3,2026-10-17,wk inc covid hosp,quantile,0.4,13.565881773872347
17,2026-09-26,3,2026-10-17,wk inc covid hosp,quantile,0.4,84.64441926654054
18,2026-09-26,3,2026-10-17,wk inc covid hosp,quantile,0.4,30.66945042864778
19,2026-09-26,3,2026-10-17,wk inc covid hosp,quantile,0.4,18.037841558655987
20,2026-09-26,3,2026-10-17,wk inc covid hosp,quantile,0.4,8.79630994893109
21,2026-09-26,3,2026-10-17,wk inc covid hosp,quantile,0.4,23.91495263331471
22,2026-09-26,3,2026-10-17,wk inc covid hosp,quantile,0.4,71.59529152659444
23,2026-09-26,3,2026-10-17,wk inc covid hosp,quantile,0.4,0.919632991857539
24,2026-09-26,3,2026-10-17,wk inc covid hosp,quantile,0.4,47.9319055469684
25,2026-09-26,3,2026-10-17,wk inc covid hosp,quantile,0.4,36.944066899522525
26,2026-09-26,3,2026-10-17,wk inc covid hosp,quantile,0.4,52.68820040023945
27,2026-09-26,3,2026-10-17,wk inc covid hosp,quantile,0.4,31.208341111782076
28,2026-09-26,3,2026-10-17,wk inc covid hosp,quantile,0.4,30.659030353389568
29,2026-09-26,3,2026-10-17,wk inc covid hosp,quantile,0.4,47.548682284862615
30,2026-09-26,3,2026-10-17,wk inc covid hosp,quantile,0.4,13.454322565925345
31,2026-09-26,3,2026-10-17,wk inc covid hosp,quantile,0.4,4.738577596825403
32,2026-09-26,3,2026-10-17,wk inc covid hosp,quantile,0.4,35.4076312660048
33,2026-09-26,3,2026-10-17,wk inc covid hosp,quantile,0.4,2.3311571654645067
34,2026-09-26,3,2026-10-17,wk inc covid hosp,quantile,0.4,146.26892494305199
35,2026-09-26,3,2026-10-17,wk inc covid hosp,quantile,0.4,12.934187749889439
36,2026-09-26,3,2026-10-17,wk inc covid hosp,quantile,0.4,326.38247595045635
37,2026-09-26,3,2026-10-17,wk inc covid hosp,quantile,0.4,214.95398452787722
38,2026-09-26,3,2026-10-17,wk inc covid hosp,quantile,0.4,1.6552200842338667
39,2026-09-26,3,2026-10-17,wk inc covid hosp,quantile,0.4,68.78458044514315
40,2026-09-26,3,2026-10-17,wk inc covid hosp,quantile,0.4,24.262217608712003
41,2026-09-26,3,2026-10-17,wk inc covid hosp,quantile,0.4,49.33759749067071
42,2026-09-26,3,2026-10-17,wk inc covid hosp,quantile,0.4,202.6899643262213
44,2026-09-26,3,2026-10-17,wk inc covid hosp,quantile,0.4,15.955724456113016
45,2026-09-26,3,2026-10-17,wk inc covid hosp,quantile,0.4,61.135185227731505
46,2026-09-26,3,2026-10-17,wk inc covid hosp,quantile,0.4,5.963149378188032
47,2026-09-26,3,2026-10-17,wk inc covid hosp,quantile,0.4,87.85851514581529
48,2026-09-26,3,2026-10-17,wk inc covid hosp,quantile,0.4,392.3471747214609
49,2026-09-26,3,2026-10-17,wk inc covid hosp,quantile,0.4,27.504052980867993
50,2026-09-26,3,2026-10-17,wk inc covid hosp,quantile,0.4,3.37465528833549
51,2026-09-26,3,2026-10-17,wk inc covid hosp,quantile,0.4,63.053820815011456
53,2026-09-26,3,2026-10-17,wk inc covid hosp,quantile,0.4,138.98243097620278
54,2026-09-26,3,2026-10-17,wk inc covid hosp,quantile,0.4,15.607491371701702
55,2026-09-26,3,2026-10-17,wk inc covid hosp,quantile,0.4,24.796079567244536
56,2026-09-26,3,2026-10-17,wk inc covid hosp,quantile,0.4,0.8374422340399796
72,2026-09-26,3,2026-10-17,wk inc covid hosp,quantile,0.4,79.2833889553934
US,2026-09-26,3,2026-10-17,wk inc covid hosp,quantile,0.4,5271.568318371418
01,2026-09-26,0,2026-09-26,wk inc covid hosp,quantile,0.45,93.51261962749962
02,2026-09-26,0,2026-09-26,wk inc covid hosp,quantile,0.45,2.896163948468681
04,2026-09-26,0,2026-09-26,wk inc covid hosp,quantile,0.45,81.65701468097019
05,2026-09-26,0,2026-09-26,wk inc covid hosp,quantile,0.45,14.556477154924272
06,2026-09-26,0,2026-09-26,wk inc covid hosp,quantile,0.45,1099.4312507658474
08,2026-09-26,0,2026-09-26,wk inc covid hosp,quantile,0.45,34.337604209753366
09,2026-09-26,0,2026-09-26,wk inc covid hosp,quantile,0.45,29.296735373120494
10,2026-09-26,0,2026-09-26,wk inc covid hosp,quantile,0.45,6.526469560333866
11,2026-09-26,0,2026-09-26,wk inc covid hosp,quantile,0.45,5.091485240935719
12,2026-09-26,0,2026-09-26,wk inc covid hosp,quantile,0.45,587.2620694766443
13,2026-09-26,0,2026-09-26,wk inc covid hosp,quantile,0.45,103.73622297866407
15,2026-09-26,0,2026-09-26,wk inc covid hosp,quantile,0.45,37.95928458922004
16,2026-09-26,0,2026-09-26,wk inc covid hosp,quantile,0.45,12.6236249287796
17,2026-09-26,0,2026-09-26,wk inc covid hosp,quantile,0.45,70.9801329354445
18,2026-09-26,0,2026-09-26,wk inc covid hosp,quantile,0.45,28.594899592258724
19,2026-09-26,0,2026-09-26,wk inc covid hosp,quantile,0.45,16.12899242502974
20,2026-09-26,0,2026-09-26,wk inc covid hosp,quantile,0.45,8.3880893660863
21,2026-09-26,0,2026-09-26,wk inc covid hosp,quantile,0.45,22.847224651039205
22,2026-09-26,0,2026-09-26,wk inc covid hosp,quantile,0.45,80.50291486571429
23,2026-09-26,0,2026-09-26,wk inc covid hosp,quantile,0.45,0.88123111852571
24,2026-09-26,0,2026-09-26,wk inc covid hosp,quantile,0.45,39.824211709421604
25,2026-09-26,0,2026-09-26,wk inc covid hosp,quantile,0.45,35.00210003750687
26,2026-09-26,0,2026-09-26,wk inc covid hosp,quantile,0.45,48.07171755522985
27,2026-09-26,0,2026-09-26,wk inc covid hosp,quantile,0.45,28.125135571209412
28,2026-09-26,0,2026-09-26,wk inc covid hosp,quantile,0.45,32.40335312874626
29,2026-09-26,0,2026-09-26,wk inc covid hosp,quantile,0.45,44.13558528318257
30,2026-09-26,0,2026-09-26,wk inc covid hosp,quantile,0.45,11.672994255062845
31,2026-09-26,0,2026-09-26,wk inc covid hosp,quantile,0.45,5.001978254658357
32,2026-09-26,0,2026-09-26,wk inc covid hosp,quantile,0.45,36.00082817637264
33,2026-09-26,0,2026-09-26,wk inc covid hosp,quantile,0.45,2.376223926481092
34,2026-09-26,0,2026-09-26,wk inc covid hosp,quantile,0.45,140.6054625637164
35,2026-09-26,0,2026-09-26,wk inc covid hosp,quantile,0.45,12.513914442207497
36,2026-09-26,0,2026-09-26,wk inc covid hosp,quantile,0.45,295.895788938787
37,2026-09-26,0,2026-09-26,wk inc covid hosp,quantile,0.45,222.98661252527077
38,2026-09-26,0,2026-09-26,wk inc covid hosp,quantile,0.45,1.4432678401610313
39,2026-09-26,0,2026-09-26,wk inc covid hosp,quantile,0.45,65.28330926135894
40,2026-09-26,0,2026-09-26,wk inc covid hosp,quantile,0.45,22.72794920063365
41,2026-09-26,0,2026-09-26,wk inc covid hosp,quantile,0.45,44.66215032641585
42,2026-09-26,0,2026-09-26,wk inc covid hosp,quantile,0.45,169.14228250094268
44,2026-09-26,0,2026-09-26,wk inc covid hosp,quantile,0.45,14.46471375841846
45,2026-09-26,0,2026-09-26,wk inc covid hosp,quantile,0.45,64.18734992548993
46,2026-09-26,0,2026-09-26,wk inc covid hosp,quantile,0.45,5.619601845412762
47,2026-09-26,0,2026-09-26,wk inc covid hosp,quantile,0.45,84.78581118883639
48,2026-09-26,0,2026-09-26,wk inc covid hosp,quantile,0.45,413.3500118129807
49,2026-09-26,0,2026-09-26,wk inc covid hosp,quantile,0.45,24.859233130822986
50,2026-09-26,0,2026-09-26,wk inc covid hosp,quantile,0.45,3.2902965731523723
51,2026-09-26,0,2026-09-26,wk inc covid hosp,quantile,0.45,56.132575537653885
53,2026-09-26,0,2026-09-26,wk inc covid hosp,quantile,0.45,147.85125458720898
54,2026-09-26,0,2026-09-26,wk inc covid hosp,quantile,0.45,14.040182066953555
55,2026-09-26,0,2026-09-26,wk inc covid hosp,quantile,0.45,24.848881289594868
56,2026-09-26,0,2026-09-26,wk inc covid hosp,quantile,0.45,0.7285936610787871
72,2026-09-26,0,2026-09-26,wk inc covid hosp,quantile,0.45,95.0012531507248
US,2026-09-26,0,2026-09-26,wk inc covid hosp,quantile,0.45,4937.052266398135
01,2026-09-26,1,2026-10-03,wk inc covid hosp,quantile,0.45,91.8667283603376
02,2026-09-26,1,2026-10-03,wk inc covid hosp,quantile,0.45,3.0083578246443805
04,2026-09-26,1,2026-10-03,wk inc covid hosp,quantile,0.45,84.68854071323473
05,2026-09-26,1,2026-10-03,wk inc covid hosp,quantile,0.45,14.583834425258333
06,2026-09-26,1,2026-10-03,wk inc covid hosp,quantile,0.45,1106.8489538472618
08,2026-09-26,1,2026-10-03,wk inc covid hosp,quantile,0.45,36.924422280116275
09,2026-09-26,1,2026-10-03,wk inc covid hosp,quantile,0.45,30.725389154508346
10,2026-09-26,1,2026-10-03,wk inc covid hosp,quantile,0.45,6.65532825299054
11,2026-09-26,1,2026-10-03,wk inc covid hosp,quantile,0.45,5.706404394918546
12,2026-09-26,1,2026-10-03,wk inc covid hosp,quantile,0.45,586.8789724880377
13,2026-09-26,1,2026-10-03,wk inc covid hosp,quantile,0.45,99.55314202410572
15,2026-09-26,1,2026-10-03,wk inc covid hosp,quantile,0.45,36.844744253510925
16,2026-09-26,1,2026-10-03,wk inc covid hosp,quantile,0.45,13.114871850700542
17,2026-09-26,1,2026-10-03,wk inc covid hosp,quantile,0.45,77.23501509869745
18,2026-09-26,1,2026-10-03,wk inc covid hosp,quantile,0.45,30.709851139302543
19,2026-09-26,1,2026-10-03,wk inc covid hosp,quantile,0.45,17.052837637520145
20,2026-09-26,1,2026-10-03,wk inc covid hosp,quantile,0.45,9.347104475950038
21,2026-09-26,1,2026-10-03,wk inc covid hosp,quantile,0.45,24.18211358526377
22,2026-09-26,1,2026-10-03,wk inc covid hosp,quantile,0.45,77.04542959939717
23,2026-09-26,1,2026-10-03,wk inc covid hosp,quantile,0.45,0.9887847454370364
24,2026-09-26,1,2026-10-03,wk inc covid hosp,quantile,0.45,44.25088776552047
25,2026-09-26,1,2026-10-03,wk inc covid hosp,quantile,0.45,35.25093575671284
26,2026-09-26,1,2026-10-03,wk inc covid hosp,quantile,0.45,49.448279545905066
27,2026-09-26,1,2026-10-03,wk inc covid hosp,quantile,0.45,30.76670578818137
28,2026-09-26,1,2026-10-03,wk inc covid hosp,quantile,0.45,32.45133380922666
29,2026-09-26,1,2026-10-03,wk inc covid hosp,quantile,0.45,48.07167738391789
30,2026-09-26,1,2026-10-03,wk inc covid hosp,quantile,0.45,12.743016850071978
31,2026-09-26,1,2026-10-03,wk inc covid hosp,quantile,0.45,5.580240654883894
32,2026-09-26,1,2026-10-03,wk inc covid hosp,quantile,0.45,37.631352666448535
33,2026-09-26,1,2026-10-03,wk inc covid hosp,quantile,0.45,2.573420436383612
34,2026-09-26,1,2026-10-03,wk inc covid hosp,quantile,0.45,144.47299883533245
35,2026-09-26,1,2026-10-03,wk inc covid hosp,quantile,0.45,13.08313367939958
36,2026-09-26,1,2026-10-03,wk inc covid hosp,quantile,0.45,322.0140930092833
37,2026-09-26,1,2026-10-03,wk inc covid hosp,quantile,0.45,229.03254967922462
38,2026-09-26,1,2026-10-03,wk inc covid hosp,quantile,0.45,1.5676073248745808
39,2026-09-26,1,2026-10-03,wk inc covid hosp,quantile,0.45,68.02563612727015
40,2026-09-26,1,2026-10-03,wk inc covid hosp,quantile,0.45,23.525320697470143
41,2026-09-26,1,2026-10-03,wk inc covid hosp,quantile,0.45,47.47590956543955
42,2026-09-26,1,2026-10-03,wk inc covid hosp,quantile,0.45,180.41370600237005
44,2026-09-26,1,2026-10-03,wk inc covid hosp,quantile,0.45,15.318256869606522
45,2026-09-26,1,2026-10-03,wk inc covid hosp,quantile,0.45,64.97024534399482
46,2026-09-26,1,2026-10-03,wk inc covid hosp,quantile,0.45,6.0275561762809495
47,2026-09-26,1,2026-10-03,wk inc covid hosp,quantile,0.45,87.9849059778644
48,2026-09-26,1,2026-10-03,wk inc covid hosp,quantile,0.45,401.0006335982112
49,2026-09-26,1,2026-10-03,wk inc covid hosp,quantile,0.45,26.70003926973503
50,2026-09-26,1,2026-10-03,wk inc covid hosp,quantile,0.45,3.440301770361898
51,2026-09-26,1,2026-10-03,wk inc covid hosp,quantile,0.45,59.23035879527816
53,2026-09-26,1,2026-10-03,wk inc covid hosp,quantile,0.45,147.01184853457383
54,2026-09-26,1,2026-10-03,wk inc covid hosp,quantile,0.45,14.709859281198117
55,2026-09-26,1,2026-10-03,wk inc covid hosp,quantile,0.45,25.275174449414298
56,2026-09-26,1,2026-10-03,wk inc covid hosp,quantile,0.45,0.7346946908492431
72,2026-09-26,1,2026-10-03,wk inc covid hosp,quantile,0.45,93.07575117524688
US,2026-09-26,1,2026-10-03,wk inc covid hosp,quantile,0.45,5277.572773663868
01,2026-09-26,2,2026-10-10,wk inc covid hosp,quantile,0.45,90.4781489296879
02,2026-09-26,2,2026-10-10,wk inc covid hosp,quantile,0.45,3.3774378157353104
04,2026-09-26,2,2026-10-10,wk inc covid hosp,quantile,0.45,86.69230382822785
05,2026-09-26,2,2026-10-10,wk inc covid hosp,quantile,0.45,14.878800544918638
06,2026-09-26,2,2026-10-10,wk inc covid hosp,quantile,0.45,1111.4550032615998
08,2026-09-26,2,2026-10-10,wk inc covid hosp,quantile,0.45,38.2565075169027
09,2026-09-26,2,2026-10-10,wk inc covid hosp,quantile,0.45,33.82104439089809
10,2026-09-26,2,2026-10-10,wk inc covid hosp,quantile,0.45,7.15530179078709
11,2026-09-26,2,2026-10-10,wk inc covid hosp,quantile,0.45,5.99251655944304
12,2026-09-26,2,2026-10-10,wk inc covid hosp,quantile,0.45,561.7498354522249
13,2026-09-26,2,2026-10-10,wk inc covid hosp,quantile,0.45,98.28018964637461
15,2026-09-26,2,2026-10-10,wk inc covid hosp,quantile,0.45,36.337958583101646
16,2026-09-26,2,2026-10-10,wk inc covid hosp,quantile,0.45,13.714886770873171
17,2026-09-26,2,2026-10-10,wk inc covid hosp,quantile,0.45,83.15943031683112
18,2026-09-26,2,2026-10-10,wk inc covid hosp,quantile,0.45,31.7860474687673
19,2026-09-26,2,2026-10-10,wk inc covid hosp,quantile,0.45,18.084885379307398
20,2026-09-26,2,2026-10-10,wk inc covid hosp,quantile,0.45,9.793042976747168
21,2026-09-26,2,2026-10-10,wk inc covid hosp,quantile,0.45,24.694608798738216
22,2026-09-26,2,2026-10-10,wk inc covid hosp,quantile,0.45,74.37923196187542
23,2026-09-26,2,2026-10-10,wk inc covid hosp,quantile,0.45,1.3226542965628232
24,2026-09-26,2,2026-10-10,wk inc covid hosp,quantile,0.45,47.52450410438739
25,2026-09-26,2,2026-10-10,wk inc covid hosp,quantile,0.45,37.61061750923477
26,2026-09-26,2,2026-10-10,wk inc covid hosp,quantile,0.45,53.047708908932094
27,2026-09-26,2,2026-10-10,wk inc covid hosp,quantile,0.45,33.072206825137755
28,2026-09-26,2,2026-10-10,wk inc covid hosp,quantile,0.45,32.081940986834944
29,2026-09-26,2,2026-10-10,wk inc covid hosp,quantile,0.45,51.16833630460513
30,2026-09-26,2,2026-10-10,wk inc covid hosp,quantile,0.45,14.393272761626823
31,2026-09-26,2,2026-10-10,wk inc covid hosp,quantile,0.45,5.889975486959424
32,2026-09-26,2,2026-10-10,wk inc covid hosp,quantile,0.45,38.837028638204416
33,2026-09-26,2,2026-10-10,wk inc covid hosp,quantile,0.45,2.7610300846400064
34,2026-09-26,2,2026-10-10,wk inc covid hosp,quantile,0.45,150.50122139816725
35,2026-09-26,2,2026-10-10,wk inc covid hosp,quantile,0.45,13.101933870263311
36,2026-09-26,2,2026-10-10,wk inc covid hosp,quantile,0.45,339.61106689848623
37,2026-09-26,2,2026-10-10,wk inc covid hosp,quantile,0.45,226.1551267241194
38,2026-09-26,2,2026-10-10,wk inc covid hosp,quantile,0.45,1.6702345705193564
39,2026-09-26,2,2026-10-10,wk inc covid hosp,quantile,0.45,75.854250233383
40,2026-09-26,2,2026-10-10,wk inc covid hosp,quantile,0.45,25.027603489202136
41,2026-09-26,2,2026-10-10,wk inc covid hosp,quantile,0.45,52.39485138388668
42,2026-09-26,2,2026-10-10,wk inc covid hosp,quantile,0.45,195.71031767977436
44,2026-09-26,2,2026-10-10,wk inc covid hosp,quantile,0.45,16.954572766851623
45,2026-09-26,2,2026-10-10,wk inc covid hosp,quantile,0.45,65.13160654775378
46,2026-09-26,2,2026-10-10,wk inc covid hosp,quantile,0.45,6.34187629134675
47,2026-09-26,2,2026-10-10,wk inc covid hosp,quantile,0.45,90.10568044220304
48,2026-09-26,2,2026-10-10,wk inc covid hosp,quantile,0.45,401.16833082109
49,2026-09-26,2,2026-10-10,wk inc covid hosp,quantile,0.45,28.811804719967274
50,2026-09-26,2,2026-10-10,wk inc covid hosp,quantile,0.45,3.4790282918720443
51,2026-09-26,2,2026-10-10,wk inc covid hosp,quantile,0.45,61.727775502987626
53,2026-09-26,2,2026-10-10,wk inc covid hosp,quantile,0.45,151.1776980434369
54,2026-09-26,2,2026-10-10,wk inc covid hosp,quantile,0.45,16.156354989787655
55,2026-09-26,2,2026-10-10,wk inc covid hosp,quantile,0.45,26.32567990715209
56,2026-09-26,2,2026-10-10,wk inc covid hosp,quantile,0.45,0.8018441714174341
72,2026-09-26,2,2026-10-10,wk inc covid hosp,quantile,0.45,88.14969348264056
US,2026-09-26,2,2026-10-10,wk inc covid hosp,quantile,0.45,5497.652334310506
01,2026-09-26,3,2026-10-17,wk inc covid hosp,quantile,0.45,90.4781489296879
02,2026-09-26,3,2026-10-17,wk inc covid hosp,quantile,0.45,3.2817203401162143
04,2026-09-26,3,2026-10-17,wk inc covid hosp,quantile,0.45,86.69230382822785
05,2026-09-26,3,2026-10-17,wk inc covid hosp,quantile,0.45,14.791021070930581
06,2026-09-26,3,2026-10-17,wk inc covid hosp,quantile,0.45,1091.6823521092638
08,2026-09-26,3,2026-10-17,wk inc covid hosp,quantile,0.45,39.54328221836776
09,2026-09-26,3,2026-10-17,wk inc covid hosp,quantile,0.45,35.29226664078877
10,2026-09-26,3,2026-10-17,wk inc covid hosp,quantile,0.45,7.313771367899737
11,2026-09-26,3,2026-10-17,wk inc covid hosp,quantile,0.45,6.420602065920756
12,2026-09-26,3,2026-10-17,wk inc covid hosp,quantile,0.45,555.0286126635048
13,2026-09-26,3,2026-10-17,wk inc covid hosp,quantile,0.45,98.37452181292437
15,2026-09-26,3,2026-10-17,wk inc covid hosp,quantile,0.45,35.71909413737629
16,2026-09-26,3,2026-10-17,wk inc covid hosp,quantile,0.45,14.139436490042455
17,2026-09-26,3,2026-10-17,wk inc covid hosp,quantile,0.45,88.67693102913827
18,2026-09-26,3,2026-10-17,wk inc covid hosp,quantile,0.45,33.167595542883795
19,2026-09-26,3,2026-10-17,wk inc covid hosp,quantile,0.45,18.745680024966223
20,2026-09-26,3,2026-10-17,wk inc covid hosp,quantile,0.45,10.057626175155306
21,2026-09-26,3,2026-10-17,wk inc covid hosp,quantile,0.45,25.471709887473885
22,2026-09-26,3,2026-10-17,wk inc covid hosp,quantile,0.45,73.1405070482455
23,2026-09-26,3,2026-10-17,wk inc covid hosp,quantile,0.45,1.4458870232418781
24,2026-09-26,3,2026-10-17,wk inc covid hosp,quantile,0.45,50.47139626869749
25,2026-09-26,3,2026-10-17,wk inc covid hosp,quantile,0.45,40.21006142828234
26,2026-09-26,3,2026-10-17,wk inc covid hosp,quantile,0.45,53.909163843185304
27,2026-09-26,3,2026-10-17,wk inc covid hosp,quantile,0.45,33.72195465699958
28,2026-09-26,3,2026-10-17,wk inc covid hosp,quantile,0.45,31.5880820709855
29,2026-09-26,3,2026-10-17,wk inc covid hosp,quantile,0.45,53.39089647122247
30,2026-09-26,3,2026-10-17,wk inc covid hosp,quantile,0.45,14.845304563390757
31,2026-09-26,3,2026-10-17,wk inc covid hosp,quantile,0.45,5.889975486959424
32,2026-09-26,3,2026-10-17,wk inc covid hosp,quantile,0.45,38.767029873065276
33,2026-09-26,3,2026-10-17,wk inc covid hosp,quantile,0.45,2.8431266205097723
34,2026-09-26,3,2026-10-17,wk inc covid hosp,quantile,0.45,155.99816178546516
35,2026-09-26,3,2026-10-17,wk inc covid hosp,quantile,0.45,13.191986003046262
36,2026-09-26,3,2026-10-17,wk inc covid hosp,quantile,0.45,354.74882285288163
37,2026-09-26,3,2026-10-17,wk inc covid hosp,quantile,0.45,224.20188465234037
38,2026-09-26,3,2026-10-17,wk inc covid hosp,quantile,0.45,1.8720922961559665
39,2026-09-26,3,2026-10-17,wk inc covid hosp,quantile,0.45,80.35676253825069
40,2026-09-26,3,2026-10-17,wk inc covid hosp,quantile,0.45,26.458113338353634
41,2026-09-26,3,2026-10-17,wk inc covid hosp,quantile,0.45,53.18650920318115
42,2026-09-26,3,2026-10-17,wk inc covid hosp,quantile,0.45,206.40794626376118
44,2026-09-26,3,2026-10-17,wk inc covid hosp,quantile,0.45,17.567638341936863
45,2026-09-26,3,2026-10-17,wk inc covid hosp,quantile,0.45,64.62852482703161
46,2026-09-26,3,2026-10-17,wk inc covid hosp,quantile,0.45,6.500118620385455
47,2026-09-26,3,2026-10-17,wk inc covid hosp,quantile,0.45,90.10568044220304
48,2026-09-26,3,2026-10-17,wk inc covid hosp,quantile,0.45,396.18051906847955
49,2026-09-26,3,2026-10-17,wk inc covid hosp,quantile,0.45,29.186397583037337
50,2026-09-26,3,2026-10-17,wk inc covid hosp,quantile,0.45,3.730893909605013
51,2026-09-26,3,2026-10-17,wk inc covid hosp,quantile,0.45,63.384763597339784
53,2026-09-26,3,2026-10-17,wk inc covid hosp,quantile,0.45,152.10873989818
54,2026-09-26,3,2026-10-17,wk inc covid hosp,quantile,0.45,17.60927487835191
55,2026-09-26,3,2026-10-17,wk inc covid hosp,quantile,0.45,26.32567990715209
56,2026-09-26,3,2026-10-17,wk inc covid hosp,quantile,0.45,0.848759608927755
72,2026-09-26,3,2026-10-17,wk inc covid hosp,quantile,0.45,83.97188515257015
US,2026-09-26,3,2026-10-17,wk inc covid hosp,quantile,0.45,5573.4085631429925
01,2026-09-26,0,2026-09-26,wk inc covid hosp,quantile,0.5,94.78092794691827
02,2026-09-26,0,2026-09-26,wk inc covid hosp,quantile,0.5,3.225937050671314
04,2026-09-26,0,2026-09-26,wk inc covid hosp,quantile,0.5,83.95076835769203
05,2026-09-26,0,2026-09-26,wk inc covid hosp,quantile,0.5,15.663456089116734
06,2026-09-26,0,2026-09-26,wk inc covid hosp,quantile,0.5,1132.2930465817717
08,2026-09-26,0,2026-09-26,wk inc covid hosp,quantile,0.5,34.59831293783791
09,2026-09-26,0,2026-09-26,wk inc covid hosp,quantile,0.5,29.476180485827747
10,2026-09-26,0,2026-09-26,wk inc covid hosp,quantile,0.5,7.040344570111116
11,2026-09-26,0,2026-09-26,wk inc covid hosp,quantile,0.5,5.858038576615709
12,2026-09-26,0,2026-09-26,wk inc covid hosp,quantile,0.5,592.4608015537641
13,2026-09-26,0,2026-09-26,wk inc covid hosp,quantile,0.5,108.29420843486227
15,2026-09-26,0,2026-09-26,wk inc covid hosp,quantile,0.5,39.76363183022381
16,2026-09-26,0,2026-09-26,wk inc covid hosp,quantile,0.5,13.730983424007471
17,2026-09-26,0,2026-09-26,wk inc covid hosp,quantile,0.5,71.90192121544209
18,2026-09-26,0,2026-09-26,wk inc covid hosp,quantile,0.5,28.893858737149994
19,2026-09-26,0,2026-09-26,wk inc covid hosp,quantile,0.5,17.275111011408498
20,2026-09-26,0,2026-09-26,wk inc covid hosp,quantile,0.5,8.46830521730268
21,2026-09-26,0,2026-09-26,wk inc covid hosp,quantile,0.5,24.098985031281902
22,2026-09-26,0,2026-09-26,wk inc covid hosp,quantile,0.5,82.52985980435379
23,2026-09-26,0,2026-09-26,wk inc covid hosp,quantile,0.5,1.2122832978300417
24,2026-09-26,0,2026-09-26,wk inc covid hosp,quantile,0.5,39.901060662442305
25,2026-09-26,0,2026-09-26,wk inc covid hosp,quantile,0.5,36.10834197463549
26,2026-09-26,0,2026-09-26,wk inc covid hosp,quantile,0.5,48.26532469002502
27,2026-09-26,0,2026-09-26,wk inc covid hosp,quantile,0.5,30.289129565116895
28,2026-09-26,0,2026-09-26,wk inc covid hosp,quantile,0.5,34.16441082662257
29,2026-09-26,0,2026-09-26,wk inc covid hosp,quantile,0.5,45.12877355104656
30,2026-09-26,0,2026-09-26,wk inc covid hosp,quantile,0.5,12.918810926195404
31,2026-09-26,0,2026-09-26,wk inc covid hosp,quantile,0.5,5.100544864933577
32,2026-09-26,0,2026-09-26,wk inc covid hosp,quantile,0.5,36.90294368243191
33,2026-09-26,0,2026-09-26,wk inc covid hosp,quantile,0.5,2.555092583664121
34,2026-09-26,0,2026-09-26,wk inc covid hosp,quantile,0.5,143.0429879478085
35,2026-09-26,0,2026-09-26,wk inc covid hosp,quantile,0.5,13.353234244784513
36,2026-09-26,0,2026-09-26,wk inc covid hosp,quantile,0.5,299.19462652881856
37,2026-09-26,0,2026-09-26,wk inc covid hosp,quantile,0.5,227.91487095800557
38,2026-09-26,0,2026-09-26,wk inc covid hosp,quantile,0.5,1.4756653843552754
39,2026-09-26,0,2026-09-26,wk inc covid hosp,quantile,0.5,65.48344955228805
40,2026-09-26,0,2026-09-26,wk inc covid hosp,quantile,0.5,23.409950306826783
41,2026-09-26,0,2026-09-26,wk inc covid hosp,quantile,0.5,44.666178864930856
42,2026-09-26,0,2026-09-26,wk inc covid hosp,quantile,0.5,171.55962397460812
44,2026-09-26,0,2026-09-26,wk inc covid hosp,quantile,0.5,16.489406752947477
45,2026-09-26,0,2026-09-26,wk inc covid hosp,quantile,0.5,67.30226892248146
46,2026-09-26,0,2026-09-26,wk inc covid hosp,quantile,0.5,6.078755981442403
47,2026-09-26,0,2026-09-26,wk inc covid hosp,quantile,0.5,86.50153575767123
48,2026-09-26,0,2026-09-26,wk inc covid hosp,quantile,0.5,414.49200801652216
49,2026-09-26,0,2026-09-26,wk inc covid hosp,quantile,0.5,25.588662526798696
50,2026-09-26,0,2026-09-26,wk inc covid hosp,quantile,0.5,3.5235806816621107
51,2026-09-26,0,2026-09-26,wk inc covid hosp,quantile,0.5,58.384958795860385
53,2026-09-26,0,2026-09-26,wk inc covid hosp,quantile,0.5,150.93465142614113
54,2026-09-26,0,2026-09-26,wk inc covid hosp,quantile,0.5,14.58167932843588
55,2026-09-26,0,2026-09-26,wk inc covid hosp,quantile,0.5,25.401722124951718
56,2026-09-26,0,2026-09-26,wk inc covid hosp,quantile,0.5,0.7443943904748733
72,2026-09-26,0,2026-09-26,wk inc covid hosp,quantile,0.5,98.24908947131429
US,2026-09-26,0,2026-09-26,wk inc covid hosp,quantile,0.5,4939.635692565685
01,2026-09-26,1,2026-10-03,wk inc covid hosp,quantile,0.5,95.56334857351865
02,2026-09-26,1,2026-10-03,wk inc covid hosp,quantile,0.5,3.4082902710340726
04,2026-09-26,1,2026-10-03,wk inc covid hosp,quantile,0.5,86.07688042204285
05,2026-09-26,1,2026-10-03,wk inc covid hosp,quantile,0.5,16.133726049624865
06,2026-09-26,1,2026-10-03,wk inc covid hosp,quantile,0.5,1111.50812293629
08,2026-09-26,1,2026-10-03,wk inc covid hosp,quantile,0.5,37.029707512396996
09,2026-09-26,1,2026-10-03,wk inc covid hosp,quantile,0.5,31.11006744191111
10,2026-09-26,1,2026-10-03,wk inc covid hosp,quantile,0.5,7.451489156116847
11,2026-09-26,1,2026-10-03,wk inc covid hosp,quantile,0.5,6.253351790291946
12,2026-09-26,1,2026-10-03,wk inc covid hosp,quantile,0.5,587.8624446025725
13,2026-09-26,1,2026-10-03,wk inc covid hosp,quantile,0.5,110.53690730674487
15,2026-09-26,1,2026-10-03,wk inc covid hosp,quantile,0.5,39.81364078515966
16,2026-09-26,1,2026-10-03,wk inc covid hosp,quantile,0.5,14.715022509813195
17,2026-09-26,1,2026-10-03,wk inc covid hosp,quantile,0.5,81.34833708511319
18,2026-09-26,1,2026-10-03,wk inc covid hosp,quantile,0.5,31.24344814936447
19,2026-09-26,1,2026-10-03,wk inc covid hosp,quantile,0.5,18.55891198067123
20,2026-09-26,1,2026-10-03,wk inc covid hosp,quantile,0.5,9.473751680396319
21,2026-09-26,1,2026-10-03,wk inc covid hosp,quantile,0.5,26.19740451984359
22,2026-09-26,1,2026-10-03,wk inc covid hosp,quantile,0.5,82.77722703355667
23,2026-09-26,1,2026-10-03,wk inc covid hosp,quantile,0.5,1.2449897471964733
24,2026-09-26,1,2026-10-03,wk inc covid hosp,quantile,0.5,44.308695571305755
25,2026-09-26,1,2026-10-03,wk inc covid hosp,quantile,0.5,37.001009268832384
26,2026-09-26,1,2026-10-03,wk inc covid hosp,quantile,0.5,50.06362751028199
27,2026-09-26,1,2026-10-03,wk inc covid hosp,quantile,0.5,33.63000408038376
28,2026-09-26,1,2026-10-03,wk inc covid hosp,quantile,0.5,34.03210199843327
29,2026-09-26,1,2026-10-03,wk inc covid hosp,quantile,0.5,50.23633616226725
30,2026-09-26,1,2026-10-03,wk inc covid hosp,quantile,0.5,13.72609827560393
31,2026-09-26,1,2026-10-03,wk inc covid hosp,quantile,0.5,5.623825447404525
32,2026-09-26,1,2026-10-03,wk inc covid hosp,quantile,0.5,38.496577232587704
33,2026-09-26,1,2026-10-03,wk inc covid hosp,quantile,0.5,2.6784102035604924
34,2026-09-26,1,2026-10-03,wk inc covid hosp,quantile,0.5,152.98512056975807
35,2026-09-26,1,2026-10-03,wk inc covid hosp,quantile,0.5,14.315454733450146
36,2026-09-26,1,2026-10-03,wk inc covid hosp,quantile,0.5,325.8627045752839
37,2026-09-26,1,2026-10-03,wk inc covid hosp,quantile,0.5,238.16889265983497
38,2026-09-26,1,2026-10-03,wk inc covid hosp,quantile,0.5,1.6284653134737146
39,2026-09-26,1,2026-10-03,wk inc covid hosp,quantile,0.5,73.14817262543296
40,2026-09-26,1,2026-10-03,wk inc covid hosp,quantile,0.5,24.64032862189839
41,2026-09-26,1,2026-10-03,wk inc covid hosp,quantile,0.5,50.0013657844905
42,2026-09-26,1,2026-10-03,wk inc covid hosp,quantile,0.5,182.64719551240594
44,2026-09-26,1,2026-10-03,wk inc covid hosp,quantile,0.5,17.620658790366335
45,2026-09-26,1,2026-10-03,wk inc covid hosp,quantile,0.5,69.88034335775353
46,2026-09-26,1,2026-10-03,wk inc covid hosp,quantile,0.5,6.542121593669324
47,2026-09-26,1,2026-10-03,wk inc covid hosp,quantile,0.5,90.30582630422164
48,2026-09-26,1,2026-10-03,wk inc covid hosp,quantile,0.5,411.9322364456102
49,2026-09-26,1,2026-10-03,wk inc covid hosp,quantile,0.5,27.424977357931706
50,2026-09-26,1,2026-10-03,wk inc covid hosp,quantile,0.5,3.6579035346203606
51,2026-09-26,1,2026-10-03,wk inc covid hosp,quantile,0.5,63.21317184892354
53,2026-09-26,1,2026-10-03,wk inc covid hosp,quantile,0.5,155.94720013959673
54,2026-09-26,1,2026-10-03,wk inc covid hosp,quantile,0.5,15.084925212676453
55,2026-09-26,1,2026-10-03,wk inc covid hosp,quantile,0.5,27.249150196578725
56,2026-09-26,1,2026-10-03,wk inc covid hosp,quantile,0.5,0.9270833578773153
72,2026-09-26,1,2026-10-03,wk inc covid hosp,quantile,0.5,98.88022090040776
US,2026-09-26,1,2026-10-03,wk inc covid hosp,quantile,0.5,5348.710976826337
01,2026-09-26,2,2026-10-10,wk inc covid hosp,quantile,0.5,93.78743260097546
02,2026-09-26,2,2026-10-10,wk inc covid hosp,quantile,0.5,3.6410755878943
04,2026-09-26,2,2026-10-10,wk inc covid hosp,quantile,0.5,87.50387338261821
05,2026-09-26,2,2026-10-10,wk inc covid hosp,quantile,0.5,16.899687064815435
06,2026-09-26,2,2026-10-10,wk inc covid hosp,quantile,0.5,1112.5944745682934
08,2026-09-26,2,2026-10-10,wk inc covid hosp,quantile,0.5,39.9583924256766
09,2026-09-26,2,2026-10-10,wk inc covid hosp,quantile,0.5,35.26433638930637
10,2026-09-26,2,2026-10-10,wk inc covid hosp,quantile,0.5,7.873542862461693
11,2026-09-26,2,2026-10-10,wk inc covid hosp,quantile,0.5,6.729103729326193
12,2026-09-26,2,2026-10-10,wk inc covid hosp,quantile,0.5,572.8620111683075
13,2026-09-26,2,2026-10-10,wk inc covid hosp,quantile,0.5,112.45628508407965
15,2026-09-26,2,2026-10-10,wk inc covid hosp,quantile,0.5,40.42854180668645
16,2026-09-26,2,2026-10-10,wk inc covid hosp,quantile,0.5,15.731259674356231
17,2026-09-26,2,2026-10-10,wk inc covid hosp,quantile,0.5,88.71382119970144
18,2026-09-26,2,2026-10-10,wk inc covid hosp,quantile,0.5,36.57501183644955
19,2026-09-26,2,2026-10-10,wk inc covid hosp,quantile,0.5,20.540281312051796
20,2026-09-26,2,2026-10-10,wk inc covid hosp,quantile,0.5,10.522553663231898
21,2026-09-26,2,2026-10-10,wk inc covid hosp,quantile,0.5,28.605574183560083
22,2026-09-26,2,2026-10-10,wk inc covid hosp,quantile,0.5,80.08780272933875
23,2026-09-26,2,2026-10-10,wk inc covid hosp,quantile,0.5,1.4362491383754024
24,2026-09-26,2,2026-10-10,wk inc covid hosp,quantile,0.5,51.5864619686202
25,2026-09-26,2,2026-10-10,wk inc covid hosp,quantile,0.5,39.288397856952095
26,2026-09-26,2,2026-10-10,wk inc covid hosp,quantile,0.5,55.86009201577553
27,2026-09-26,2,2026-10-10,wk inc covid hosp,quantile,0.5,37.57337447564224
28,2026-09-26,2,2026-10-10,wk inc covid hosp,quantile,0.5,33.18776058636526
29,2026-09-26,2,2026-10-10,wk inc covid hosp,quantile,0.5,56.22492427275045
30,2026-09-26,2,2026-10-10,wk inc covid hosp,quantile,0.5,14.745918060737225
31,2026-09-26,2,2026-10-10,wk inc covid hosp,quantile,0.5,6.253853273153243
32,2026-09-26,2,2026-10-10,wk inc covid hosp,quantile,0.5,40.81493351863781
33,2026-09-26,2,2026-10-10,wk inc covid hosp,quantile,0.5,2.8262721701549514
34,2026-09-26,2,2026-10-10,wk inc covid hosp,quantile,0.5,165.3426827671302
35,2026-09-26,2,2026-10-10,wk inc covid hosp,quantile,0.5,14.794202435473528
36,2026-09-26,2,2026-10-10,wk inc covid hosp,quantile,0.5,351.06802233425805
37,2026-09-26,2,2026-10-10,wk inc covid hosp,quantile,0.5,242.74327219919263
38,2026-09-26,2,2026-10-10,wk inc covid hosp,quantile,0.5,1.820616915043132
39,2026-09-26,2,2026-10-10,wk inc covid hosp,quantile,0.5,76.61999859194655
40,2026-09-26,2,2026-10-10,wk inc covid hosp,quantile,0.5,26.663362317930684
41,2026-09-26,2,2026-10-10,wk inc covid hosp,quantile,0.5,55.27077963555539
42,2026-09-26,2,2026-10-10,wk inc covid hosp,quantile,0.5,200.8428817619193
44,2026-09-26,2,2026-10-10,wk inc covid hosp,quantile,0.5,18.920560873016928
45,2026-09-26,2,2026-10-10,wk inc covid hosp,quantile,0.5,70.38482361964654
46,2026-09-26,2,2026-10-10,wk inc covid hosp,quantile,0.5,7.250807330313312
47,2026-09-26,2,2026-10-10,wk inc covid hosp,quantile,0.5,96.1252016858803
48,2026-09-26,2,2026-10-10,wk inc covid hosp,quantile,0.5,405.42506814157775
49,2026-09-26,2,2026-10-10,wk inc covid hosp,quantile,0.5,29.300873567516376
50,2026-09-26,2,2026-10-10,wk inc covid hosp,quantile,0.5,3.9004626695075624
51,2026-09-26,2,2026-10-10,wk inc covid hosp,quantile,0.5,69.65033940817045
53,2026-09-26,2,2026-10-10,wk inc covid hosp,quantile,0.5,155.544772942018
54,2026-09-26,2,2026-10-10,wk inc covid hosp,quantile,0.5,17.009113731195033
55,2026-09-26,2,2026-10-10,wk inc covid hosp,quantile,0.5,28.220962050255174
56,2026-09-26,2,2026-10-10,wk inc covid hosp,quantile,0.5,1.0031576107615383
72,2026-09-26,2,2026-10-10,wk inc covid hosp,quantile,0.5,92.04950547496837
US,2026-09-26,2,2026-10-10,wk inc covid hosp,quantile,0.5,5809.799262104995
01,2026-09-26,3,2026-10-17,wk inc covid hosp,quantile,0.5,93.29765911233153
02,2026-09-26,3,2026-10-17,wk inc covid hosp,quantile,0.5,3.760182778947899
04,2026-09-26,3,2026-10-17,wk inc covid hosp,quantile,0.5,88.89003501389737
05,2026-09-26,3,2026-10-17,wk inc covid hosp,quantile,0.5,17.27258195529768
06,2026-09-26,3,2026-10-17,wk inc covid hosp,quantile,0.5,1102.381078094305
08,2026-09-26,3,2026-10-17,wk inc covid hosp,quantile,0.5,42.09210535249823
09,2026-09-26,3,2026-10-17,wk inc covid hosp,quantile,0.5,37.26833710515055
10,2026-09-26,3,2026-10-17,wk inc covid hosp,quantile,0.5,8.1310009333363
11,2026-09-26,3,2026-10-17,wk inc covid hosp,quantile,0.5,7.048018874238366
12,2026-09-26,3,2026-10-17,wk inc covid hosp,quantile,0.5,559.4030775878346
13,2026-09-26,3,2026-10-17,wk inc covid hosp,quantile,0.5,112.9139926321334
15,2026-09-26,3,2026-10-17,wk inc covid hosp,quantile,0.5,39.8448693852894
16,2026-09-26,3,2026-10-17,wk inc covid hosp,quantile,0.5,16.036044152838308
17,2026-09-26,3,2026-10-17,wk inc covid hosp,quantile,0.5,92.2184393365657
18,2026-09-26,3,2026-10-17,wk inc covid hosp,quantile,0.5,38.11816020433509
19,2026-09-26,3,2026-10-17,wk inc covid hosp,quantile,0.5,22.030006054090023
20,2026-09-26,3,2026-10-17,wk inc covid hosp,quantile,0.5,10.876092646281968
21,2026-09-26,3,2026-10-17,wk inc covid hosp,quantile,0.5,28.80360396605097
22,2026-09-26,3,2026-10-17,wk inc covid hosp,quantile,0.5,80.41786233519477
23,2026-09-26,3,2026-10-17,wk inc covid hosp,quantile,0.5,1.4867929768863872
24,2026-09-26,3,2026-10-17,wk inc covid hosp,quantile,0.5,52.873805540904094
25,2026-09-26,3,2026-10-17,wk inc covid hosp,quantile,0.5,41.87511772404241
26,2026-09-26,3,2026-10-17,wk inc covid hosp,quantile,0.5,56.42097929979843
27,2026-09-26,3,2026-10-17,wk inc covid hosp,quantile,0.5,40.05851102806346
28,2026-09-26,3,2026-10-17,wk inc covid hosp,quantile,0.5,33.45157329308218
29,2026-09-26,3,2026-10-17,wk inc covid hosp,quantile,0.5,58.015140141014385
30,2026-09-26,3,2026-10-17,wk inc covid hosp,quantile,0.5,15.449860086776287
31,2026-09-26,3,2026-10-17,wk inc covid hosp,quantile,0.5,6.2802911672655295
32,2026-09-26,3,2026-10-17,wk inc covid hosp,quantile,0.5,41.83480056421086
33,2026-09-26,3,2026-10-17,wk inc covid hosp,quantile,0.5,2.9132107045201985
34,2026-09-26,3,2026-10-17,wk inc covid hosp,quantile,0.5,168.12624193477615
35,2026-09-26,3,2026-10-17,wk inc covid hosp,quantile,0.5,14.89899400300244
36,2026-09-26,3,2026-10-17,wk inc covid hosp,quantile,0.5,357.16746446885384
37,2026-09-26,3,2026-10-17,wk inc covid hosp,quantile,0.5,238.1588209163755
38,2026-09-26,3,2026-10-17,wk inc covid hosp,quantile,0.5,1.8765839812806129
39,2026-09-26,3,2026-10-17,wk inc covid hosp,quantile,0.5,80.44368961049224
40,2026-09-26,3,2026-10-17,wk inc covid hosp,quantile,0.5,28.1642122281232
41,2026-09-26,3,2026-10-17,wk inc covid hosp,quantile,0.5,56.247388312089186
42,2026-09-26,3,2026-10-17,wk inc covid hosp,quantile,0.5,209.01448943921596
44,2026-09-26,3,2026-10-17,wk inc covid hosp,quantile,0.5,19.529455606712204
45,2026-09-26,3,2026-10-17,wk inc covid hosp,quantile,0.5,69.01402087407844
46,2026-09-26,3,2026-10-17,wk inc covid hosp,quantile,0.5,7.009552369900568
47,2026-09-26,3,2026-10-17,wk inc covid hosp,quantile,0.5,96.66386707214183
48,2026-09-26,3,2026-10-17,wk inc covid hosp,quantile,0.5,400.0896145905302
49,2026-09-26,3,2026-10-17,wk inc covid hosp,quantile,0.5,30.800125145845964
50,2026-09-26,3,2026-10-17,wk inc covid hosp,quantile,0.5,4.071152178234008
51,2026-09-26,3,2026-10-17,wk inc covid hosp,quantile,0.5,69.86385854935068
53,2026-09-26,3,2026-10-17,wk inc covid hosp,quantile,0.5,155.2950074961688
54,2026-09-26,3,2026-10-17,wk inc covid hosp,quantile,0.5,17.73562202397994
55,2026-09-26,3,2026-10-17,wk inc covid hosp,quantile,0.5,28.501586209306154
56,2026-09-26,3,2026-10-17,wk inc covid hosp,quantile,0.5,1.0374782793586097
72,2026-09-26,3,2026-10-17,wk inc covid hosp,quantile,0.5,88.11758351589873
US,2026-09-26,3,2026-10-17,wk inc covid hosp,quantile,0.5,5875.4255099623415
01,2026-09-26,0,2026-09-26,wk inc covid hosp,quantile,0.55,102.82736656353886
02,2026-09-26,0,2026-09-26,wk inc covid hosp,quantile,0.55,3.3723278284962546
04,2026-09-26,0,2026-09-26,wk inc covid hosp,quantile,0.55,84.1457915463281
05,2026-09-26,0,2026-09-26,wk inc covid hosp,quantile,0.55,15.952868630774997
06,2026-09-26,0,2026-09-26,wk inc covid hosp,quantile,0.55,1137.7498735689792
08,2026-09-26,0,2026-09-26,wk inc covid hosp,quantile,0.55,36.28875056395029
09,2026-09-26,0,2026-09-26,wk inc covid hosp,quantile,0.55,30.709912580809124
10,2026-09-26,0,2026-09-26,wk inc covid hosp,quantile,0.55,7.080710757833315
11,2026-09-26,0,2026-09-26,wk inc covid hosp,quantile,0.55,6.446046824437729
12,2026-09-26,0,2026-09-26,wk inc covid hosp,quantile,0.55,597.9675984643968
13,2026-09-26,0,2026-09-26,wk inc covid hosp,quantile,0.55,114.5010797581732
15,2026-09-26,0,2026-09-26,wk inc covid hosp,quantile,0.55,41.75870614026608
16,2026-09-26,0,2026-09-26,wk inc covid hosp,quantile,0.55,14.098253869743882
17,2026-09-26,0,2026-09-26,wk inc covid hosp,quantile,0.55,72.92073614628652
18,2026-09-26,0,2026-09-26,wk inc covid hosp,quantile,0.55,29.187420099890563
19,2026-09-26,0,2026-09-26,wk inc covid hosp,quantile,0.55,18.0491399395968
20,2026-09-26,0,2026-09-26,wk inc covid hosp,quantile,0.55,8.768445979457148
21,2026-09-26,0,2026-09-26,wk inc covid hosp,quantile,0.55,24.655062065194073
22,2026-09-26,0,2026-09-26,wk inc covid hosp,quantile,0.55,87.15139568599918
23,2026-09-26,0,2026-09-26,wk inc covid hosp,quantile,0.55,1.2654563155875846
24,2026-09-26,0,2026-09-26,wk inc covid hosp,quantile,0.55,41.55416280986001
25,2026-09-26,0,2026-09-26,wk inc covid hosp,quantile,0.55,39.35951402629256
26,2026-09-26,0,2026-09-26,wk inc covid hosp,quantile,0.55,49.27048125740824
27,2026-09-26,0,2026-09-26,wk inc covid hosp,quantile,0.55,30.662026004187943
28,2026-09-26,0,2026-09-26,wk inc covid hosp,quantile,0.55,34.62736079002014
29,2026-09-26,0,2026-09-26,wk inc covid hosp,quantile,0.55,45.29252682468798
30,2026-09-26,0,2026-09-26,wk inc covid hosp,quantile,0.55,13.30414648867555
31,2026-09-26,0,2026-09-26,wk inc covid hosp,quantile,0.55,6.135692488802951
32,2026-09-26,0,2026-09-26,wk inc covid hosp,quantile,0.55,39.26093065688868
33,2026-09-26,0,2026-09-26,wk inc covid hosp,quantile,0.55,2.6831262471654984
34,2026-09-26,0,2026-09-26,wk inc covid hosp,quantile,0.55,144.37872448278512
35,2026-09-26,0,2026-09-26,wk inc covid hosp,quantile,0.55,13.97216555969545
36,2026-09-26,0,2026-09-26,wk inc covid hosp,quantile,0.55,300.9779661823218
37,2026-09-26,0,2026-09-26,wk inc covid hosp,quantile,0.55,236.4389674552858
38,2026-09-26,0,2026-09-26,wk inc covid hosp,quantile,0.55,1.5437054023946286
39,2026-09-26,0,2026-09-26,wk inc covid hosp,quantile,0.55,66.47404112424333
40,2026-09-26,0,2026-09-26,wk inc covid hosp,quantile,0.55,25.436897630956047
41,2026-09-26,0,2026-09-26,wk inc covid hosp,quantile,0.55,46.28790741647055
42,2026-09-26,0,2026-09-26,wk inc covid hosp,quantile,0.55,173.66320659510217
44,2026-09-26,0,2026-09-26,wk inc covid hosp,quantile,0.55,16.54742952372817
45,2026-09-26,0,2026-09-26,wk inc covid hosp,quantile,0.55,68.19326234359359
46,2026-09-26,0,2026-09-26,wk inc covid hosp,quantile,0.55,6.423112332625102
47,2026-09-26,0,2026-09-26,wk inc covid hosp,quantile,0.55,87.63290857374378
48,2026-09-26,0,2026-09-26,wk inc covid hosp,quantile,0.55,415.6364013346154
49,2026-09-26,0,2026-09-26,wk inc covid hosp,quantile,0.55,26.88653417504895
50,2026-09-26,0,2026-09-26,wk inc covid hosp,quantile,0.55,3.819444593472504
51,2026-09-26,0,2026-09-26,wk inc covid hosp,quantile,0.55,59.49637032247634
53,2026-09-26,0,2026-09-26,wk inc covid hosp,quantile,0.55,153.52094457702123
54,2026-09-26,0,2026-09-26,wk inc covid hosp,quantile,0.55,16.41532964688787
55,2026-09-26,0,2026-09-26,wk inc covid hosp,quantile,0.55,27.014220035727238
56,2026-09-26,0,2026-09-26,wk inc covid hosp,quantile,0.55,0.9589405260262275
72,2026-09-26,0,2026-09-26,wk inc covid hosp,quantile,0.55,102.2565887237514
US,2026-09-26,0,2026-09-26,wk inc covid hosp,quantile,0.55,4996.874970427899
01,2026-09-26,1,2026-10-03,wk inc covid hosp,quantile,0.55,103.09576548133502
02,2026-09-26,1,2026-10-03,wk inc covid hosp,quantile,0.55,3.682910247538007
04,2026-09-26,1,2026-10-03,wk inc covid hosp,quantile,0.55,88.6624699111238
05,2026-09-26,1,2026-10-03,wk inc covid hosp,quantile,0.55,16.599100260318494
06,2026-09-26,1,2026-10-03,wk inc covid hosp,quantile,0.55,1133.629445178725
08,2026-09-26,1,2026-10-03,wk inc covid hosp,quantile,0.55,40.208501258227706
09,2026-09-26,1,2026-10-03,wk inc covid hosp,quantile,0.55,32.61926160457412
10,2026-09-26,1,2026-10-03,wk inc covid hosp,quantile,0.55,8.00462088086498
11,2026-09-26,1,2026-10-03,wk inc covid hosp,quantile,0.55,7.353314608038541
12,2026-09-26,1,2026-10-03,wk inc covid hosp,quantile,0.55,589.8379263847868
13,2026-09-26,1,2026-10-03,wk inc covid hosp,quantile,0.55,113.12996911260622
15,2026-09-26,1,2026-10-03,wk inc covid hosp,quantile,0.55,41.33096228806133
16,2026-09-26,1,2026-10-03,wk inc covid hosp,quantile,0.55,14.874130739725755
17,2026-09-26,1,2026-10-03,wk inc covid hosp,quantile,0.55,82.05173769298838
18,2026-09-26,1,2026-10-03,wk inc covid hosp,quantile,0.55,32.45064024024129
19,2026-09-26,1,2026-10-03,wk inc covid hosp,quantile,0.55,19.90156784782643
20,2026-09-26,1,2026-10-03,wk inc covid hosp,quantile,0.55,10.413907192757595
21,2026-09-26,1,2026-10-03,wk inc covid hosp,quantile,0.55,26.944890347004783
22,2026-09-26,1,2026-10-03,wk inc covid hosp,quantile,0.55,84.97351704072136
23,2026-09-26,1,2026-10-03,wk inc covid hosp,quantile,0.55,1.4785544800002093
24,2026-09-26,1,2026-10-03,wk inc covid hosp,quantile,0.55,48.46143360636041
25,2026-09-26,1,2026-10-03,wk inc covid hosp,quantile,0.55,41.339077634798265
26,2026-09-26,1,2026-10-03,wk inc covid hosp,quantile,0.55,53.3634858382819
27,2026-09-26,1,2026-10-03,wk inc covid hosp,quantile,0.55,33.852257911610714
28,2026-09-26,1,2026-10-03,wk inc covid hosp,quantile,0.55,35.6809376134047
29,2026-09-26,1,2026-10-03,wk inc covid hosp,quantile,0.55,51.213471955127666
30,2026-09-26,1,2026-10-03,wk inc covid hosp,quantile,0.55,14.410558416341571
31,2026-09-26,1,2026-10-03,wk inc covid hosp,quantile,0.55,6.522257407775396
32,2026-09-26,1,2026-10-03,wk inc covid hosp,quantile,0.55,41.309329297850304
33,2026-09-26,1,2026-10-03,wk inc covid hosp,quantile,0.55,2.7457290368818827
34,2026-09-26,1,2026-10-03,wk inc covid hosp,quantile,0.55,153.39779775007014
35,2026-09-26,1,2026-10-03,wk inc covid hosp,quantile,0.55,15.008964306046131
36,2026-09-26,1,2026-10-03,wk inc covid hosp,quantile,0.55,327.1185729338067
37,2026-09-26,1,2026-10-03,wk inc covid hosp,quantile,0.55,248.2566700591721
38,2026-09-26,1,2026-10-03,wk inc covid hosp,quantile,0.55,1.8535849973026521
39,2026-09-26,1,2026-10-03,wk inc covid hosp,quantile,0.55,74.48682468549525
40,2026-09-26,1,2026-10-03,wk inc covid hosp,quantile,0.55,27.605107705255048
41,2026-09-26,1,2026-10-03,wk inc covid hosp,quantile,0.55,53.5629176085925
42,2026-09-26,1,2026-10-03,wk inc covid hosp,quantile,0.55,187.97913051299204
44,2026-09-26,1,2026-10-03,wk inc covid hosp,quantile,0.55,17.69667202183178
45,2026-09-26,1,2026-10-03,wk inc covid hosp,quantile,0.55,70.87408866609805
46,2026-09-26,1,2026-10-03,wk inc covid hosp,quantile,0.55,6.796356543842101
47,2026-09-26,1,2026-10-03,wk inc covid hosp,quantile,0.55,94.36015853532191
48,2026-09-26,1,2026-10-03,wk inc covid hosp,quantile,0.55,416.64463312722853
49,2026-09-26,1,2026-10-03,wk inc covid hosp,quantile,0.55,29.914636366572935
50,2026-09-26,1,2026-10-03,wk inc covid hosp,quantile,0.55,4.043444132136486
51,2026-09-26,1,2026-10-03,wk inc covid hosp,quantile,0.55,64.03019204323792
53,2026-09-26,1,2026-10-03,wk inc covid hosp,quantile,0.55,156.86863710043554
54,2026-09-26,1,2026-10-03,wk inc covid hosp,quantile,0.55,17.601958337436542
55,2026-09-26,1,2026-10-03,wk inc covid hosp,quantile,0.55,28.893391653919508
56,2026-09-26,1,2026-10-03,wk inc covid hosp,quantile,0.55,1.132306150940813
72,2026-09-26,1,2026-10-03,wk inc covid hosp,quantile,0.55,100.57405027433971
US,2026-09-26,1,2026-10-03,wk inc covid hosp,quantile,0.55,5535.28379831417
01,2026-09-26,2,2026-10-10,wk inc covid hosp,quantile,0.55,100.48508373629184
02,2026-09-26,2,2026-10-10,wk inc covid hosp,quantile,0.55,3.9410117201003088
04,2026-09-26,2,2026-10-10,wk inc covid hosp,quantile,0.55,92.47525077330654
05,2026-09-26,2,2026-10-10,wk inc covid hosp,quantile,0.55,16.99901441927982
06,2026-09-26,2,2026-10-10,wk inc covid hosp,quantile,0.55,1118.4646827938184
08,2026-09-26,2,2026-10-10,wk inc covid hosp,quantile,0.55,44.66589462992764
09,2026-09-26,2,2026-10-10,wk inc covid hosp,quantile,0.55,36.106213489185684
10,2026-09-26,2,2026-10-10,wk inc covid hosp,quantile,0.55,8.760774380793341
11,2026-09-26,2,2026-10-10,wk inc covid hosp,quantile,0.55,8.15515912958118
12,2026-09-26,2,2026-10-10,wk inc covid hosp,quantile,0.55,579.0394854390775
13,2026-09-26,2,2026-10-10,wk inc covid hosp,quantile,0.55,113.40264092888327
15,2026-09-26,2,2026-10-10,wk inc covid hosp,quantile,0.55,40.54276325156785
16,2026-09-26,2,2026-10-10,wk inc covid hosp,quantile,0.55,15.874742624262673
17,2026-09-26,2,2026-10-10,wk inc covid hosp,quantile,0.55,91.42213072594926
18,2026-09-26,2,2026-10-10,wk inc covid hosp,quantile,0.55,37.21259244505109
19,2026-09-26,2,2026-10-10,wk inc covid hosp,quantile,0.55,21.576552621459648
20,2026-09-26,2,2026-10-10,wk inc covid hosp,quantile,0.55,11.87728342597383
21,2026-09-26,2,2026-10-10,wk inc covid hosp,quantile,0.55,29.51118722332738
22,2026-09-26,2,2026-10-10,wk inc covid hosp,quantile,0.55,81.14348489108797
23,2026-09-26,2,2026-10-10,wk inc covid hosp,quantile,0.55,1.6764356791790542
24,2026-09-26,2,2026-10-10,wk inc covid hosp,quantile,0.55,55.812890747046694
25,2026-09-26,2,2026-10-10,wk inc covid hosp,quantile,0.55,43.128433352842045
26,2026-09-26,2,2026-10-10,wk inc covid hosp,quantile,0.55,57.80231043738977
27,2026-09-26,2,2026-10-10,wk inc covid hosp,quantile,0.55,38.39423611727888
28,2026-09-26,2,2026-10-10,wk inc covid hosp,quantile,0.55,36.224332669635835
29,2026-09-26,2,2026-10-10,wk inc covid hosp,quantile,0.55,57.0038473466169
30,2026-09-26,2,2026-10-10,wk inc covid hosp,quantile,0.55,15.481135834755344
31,2026-09-26,2,2026-10-10,wk inc covid hosp,quantile,0.55,6.441740807172633
32,2026-09-26,2,2026-10-10,wk inc covid hosp,quantile,0.55,43.80637525007249
33,2026-09-26,2,2026-10-10,wk inc covid hosp,quantile,0.55,3.0361109724212927
34,2026-09-26,2,2026-10-10,wk inc covid hosp,quantile,0.55,165.9173731913477
35,2026-09-26,2,2026-10-10,wk inc covid hosp,quantile,0.55,15.208816275879867
36,2026-09-26,2,2026-10-10,wk inc covid hosp,quantile,0.55,359.7917228200767
37,2026-09-26,2,2026-10-10,wk inc covid hosp,quantile,0.55,261.19282518074
38,2026-09-26,2,2026-10-10,wk inc covid hosp,quantile,0.55,2.0190982034390226
39,2026-09-26,2,2026-10-10,wk inc covid hosp,quantile,0.55,79.7966531419739
40,2026-09-26,2,2026-10-10,wk inc covid hosp,quantile,0.55,29.812729284741124
41,2026-09-26,2,2026-10-10,wk inc covid hosp,quantile,0.55,57.76576934545942
42,2026-09-26,2,2026-10-10,wk inc covid hosp,quantile,0.55,206.0230276583296
44,2026-09-26,2,2026-10-10,wk inc covid hosp,quantile,0.55,19.27529763414321
45,2026-09-26,2,2026-10-10,wk inc covid hosp,quantile,0.55,73.62625081662205
46,2026-09-26,2,2026-10-10,wk inc covid hosp,quantile,0.55,7.553825515860481
47,2026-09-26,2,2026-10-10,wk inc covid hosp,quantile,0.55,101.63444028392803
48,2026-09-26,2,2026-10-10,wk inc covid hosp,quantile,0.55,411.2400190642163
49,2026-09-26,2,2026-10-10,wk inc covid hosp,quantile,0.55,33.115533108462294
50,2026-09-26,2,2026-10-10,wk inc covid hosp,quantile,0.55,4.26778877965966
51,2026-09-26,2,2026-10-10,wk inc covid hosp,quantile,0.55,70.6430122565212
53,2026-09-26,2,2026-10-10,wk inc covid hosp,quantile,0.55,160.1717227392416
54,2026-09-26,2,2026-10-10,wk inc covid hosp,quantile,0.55,19.252121371483796
55,2026-09-26,2,2026-10-10,wk inc covid hosp,quantile,0.55,30.86979429704417
56,2026-09-26,2,2026-10-10,wk inc covid hosp,quantile,0.55,1.2604009853538594
72,2026-09-26,2,2026-10-10,wk inc covid hosp,quantile,0.55,95.45961485933982
US,2026-09-26,2,2026-10-10,wk inc covid hosp,quantile,0.55,6150.819631812477
01,2026-09-26,3,2026-10-17,wk inc covid hosp,quantile,0.55,98.81544936109513
02,2026-09-26,3,2026-10-17,wk inc covid hosp,quantile,0.55,4.111264362238007
04,2026-09-26,3,2026-10-17,wk inc covid hosp,quantile,0.55,96.47457676231524
05,2026-09-26,3,2026-10-17,wk inc covid hosp,quantile,0.55,17.73779744379196
06,2026-09-26,3,2026-10-17,wk inc covid hosp,quantile,0.55,1118.0115542627018
08,2026-09-26,3,2026-10-17,wk inc covid hosp,quantile,0.55,46.46873695688314
09,2026-09-26,3,2026-10-17,wk inc covid hosp,quantile,0.55,38.47382791864193
10,2026-09-26,3,2026-10-17,wk inc covid hosp,quantile,0.55,9.160696797872415
11,2026-09-26,3,2026-10-17,wk inc covid hosp,quantile,0.55,8.355651039611733
12,2026-09-26,3,2026-10-17,wk inc covid hosp,quantile,0.55,569.2585532841924
13,2026-09-26,3,2026-10-17,wk inc covid hosp,quantile,0.55,113.24136183499355
15,2026-09-26,3,2026-10-17,wk inc covid hosp,quantile,0.55,40.26534043920394
16,2026-09-26,3,2026-10-17,wk inc covid hosp,quantile,0.55,16.0449493372387
17,2026-09-26,3,2026-10-17,wk inc covid hosp,quantile,0.55,99.59557115384631
18,2026-09-26,3,2026-10-17,wk inc covid hosp,quantile,0.55,39.27026042825385
19,2026-09-26,3,2026-10-17,wk inc covid hosp,quantile,0.55,22.430707357901074
20,2026-09-26,3,2026-10-17,wk inc covid hosp,quantile,0.55,12.258319214172637
21,2026-09-26,3,2026-10-17,wk inc covid hosp,quantile,0.55,31.12985653066109
22,2026-09-26,3,2026-10-17,wk inc covid hosp,quantile,0.55,80.49024116715381
23,2026-09-26,3,2026-10-17,wk inc covid hosp,quantile,0.55,1.937215864116045
24,2026-09-26,3,2026-10-17,wk inc covid hosp,quantile,0.55,58.47571581421344
25,2026-09-26,3,2026-10-17,wk inc covid hosp,quantile,0.55,46.058055725067284
26,2026-09-26,3,2026-10-17,wk inc covid hosp,quantile,0.55,61.623304938934574
27,2026-09-26,3,2026-10-17,wk inc covid hosp,quantile,0.55,41.26983993426722
28,2026-09-26,3,2026-10-17,wk inc covid hosp,quantile,0.55,35.955944631980636
29,2026-09-26,3,2026-10-17,wk inc covid hosp,quantile,0.55,60.74360594753064
30,2026-09-26,3,2026-10-17,wk inc covid hosp,quantile,0.55,16.141305278137157
31,2026-09-26,3,2026-10-17,wk inc covid hosp,quantile,0.55,6.6038640146233725
32,2026-09-26,3,2026-10-17,wk inc covid hosp,quantile,0.55,44.642337957406305
33,2026-09-26,3,2026-10-17,wk inc covid hosp,quantile,0.55,3.0245355150748416
34,2026-09-26,3,2026-10-17,wk inc covid hosp,quantile,0.55,170.50379527871465
35,2026-09-26,3,2026-10-17,wk inc covid hosp,quantile,0.55,15.730284950292674
36,2026-09-26,3,2026-10-17,wk inc covid hosp,quantile,0.55,370.4169282538614
37,2026-09-26,3,2026-10-17,wk inc covid hosp,quantile,0.55,262.5855431097297
38,2026-09-26,3,2026-10-17,wk inc covid hosp,quantile,0.55,2.2005905275756263
39,2026-09-26,3,2026-10-17,wk inc covid hosp,quantile,0.55,80.8924705942599
40,2026-09-26,3,2026-10-17,wk inc covid hosp,quantile,0.55,30.587859432245082
41,2026-09-26,3,2026-10-17,wk inc covid hosp,quantile,0.55,60.17170428955136
42,2026-09-26,3,2026-10-17,wk inc covid hosp,quantile,0.55,221.14758973310032
44,2026-09-26,3,2026-10-17,wk inc covid hosp,quantile,0.55,19.7384668179582
45,2026-09-26,3,2026-10-17,wk inc covid hosp,quantile,0.55,73.08239690702906
46,2026-09-26,3,2026-10-17,wk inc covid hosp,quantile,0.55,7.929504422052141
47,2026-09-26,3,2026-10-17,wk inc covid hosp,quantile,0.55,105.04770006107076
48,2026-09-26,3,2026-10-17,wk inc covid hosp,quantile,0.55,402.8846094030192
49,2026-09-26,3,2026-10-17,wk inc covid hosp,quantile,0.55,33.48242389580833
50,2026-09-26,3,2026-10-17,wk inc covid hosp,quantile,0.55,4.44229366505863
51,2026-09-26,3,2026-10-17,wk inc covid hosp,quantile,0.55,73.2466962221729
53,2026-09-26,3,2026-10-17,wk inc covid hosp,quantile,0.55,158.8357727729305
54,2026-09-26,3,2026-10-17,wk inc covid hosp,quantile,0.55,20.151445590874957
55,2026-09-26,3,2026-10-17,wk inc covid hosp,quantile,0.55,32.81604699055441
56,2026-09-26,3,2026-10-17,wk inc covid hosp,quantile,0.55,1.2816323718487763
72,2026-09-26,3,2026-10-17,wk inc covid hosp,quantile,0.55,93.88222517237475
US,2026-09-26,3,2026-10-17,wk inc covid hosp,quantile,0.55,6274.794161853014
01,2026-09-26,0,2026-09-26,wk inc covid hosp,quantile,0.6,105.42420638335904
02,2026-09-26,0,2026-09-26,wk inc covid hosp,quantile,0.6,3.755555772276377
04,2026-09-26,0,2026-09-26,wk inc covid hosp,quantile,0.6,87.76727003179661
05,2026-09-26,0,2026-09-26,wk inc covid hosp,quantile,0.6,17.268510979809673
06,2026-09-26,0,2026-09-26,wk inc covid hosp,quantile,0.6,1139.4772235813284
08,2026-09-26,0,2026-09-26,wk inc covid hosp,quantile,0.6,37.09896623813446
09,2026-09-26,0,2026-09-26,wk inc covid hosp,quantile,0.6,32.67637216864669
10,2026-09-26,0,2026-09-26,wk inc covid hosp,quantile,0.6,7.363476404792505
11,2026-09-26,0,2026-09-26,wk inc covid hosp,quantile,0.6,6.745544573716541
12,2026-09-26,0,2026-09-26,wk inc covid hosp,quantile,0.6,613.5651658378297
13,2026-09-26,0,2026-09-26,wk inc covid hosp,quantile,0.6,115.77862452631769
15,2026-09-26,0,2026-09-26,wk inc covid hosp,quantile,0.6,42.976178908437
16,2026-09-26,0,2026-09-26,wk inc covid hosp,quantile,0.6,14.458290440980491
17,2026-09-26,0,2026-09-26,wk inc covid hosp,quantile,0.6,74.66105251160096
18,2026-09-26,0,2026-09-26,wk inc covid hosp,quantile,0.6,32.68148493620137
19,2026-09-26,0,2026-09-26,wk inc covid hosp,quantile,0.6,18.504828420032037
20,2026-09-26,0,2026-09-26,wk inc covid hosp,quantile,0.6,9.199195454061039
21,2026-09-26,0,2026-09-26,wk inc covid hosp,quantile,0.6,25.566968693507896
22,2026-09-26,0,2026-09-26,wk inc covid hosp,quantile,0.6,89.93490489063002
23,2026-09-26,0,2026-09-26,wk inc covid hosp,quantile,0.6,1.4663885063214326
24,2026-09-26,0,2026-09-26,wk inc covid hosp,quantile,0.6,43.28533364753074
25,2026-09-26,0,2026-09-26,wk inc covid hosp,quantile,0.6,39.758374494142906
26,2026-09-26,0,2026-09-26,wk inc covid hosp,quantile,0.6,54.2271253626744
27,2026-09-26,0,2026-09-26,wk inc covid hosp,quantile,0.6,31.82037274372353
28,2026-09-26,0,2026-09-26,wk inc covid hosp,quantile,0.6,35.802405163218474
29,2026-09-26,0,2026-09-26,wk inc covid hosp,quantile,0.6,46.82008688078004
30,2026-09-26,0,2026-09-26,wk inc covid hosp,quantile,0.6,13.422069184117902
31,2026-09-26,0,2026-09-26,wk inc covid hosp,quantile,0.6,6.7742174110576965
32,2026-09-26,0,2026-09-26,wk inc covid hosp,quantile,0.6,40.824149591075454
33,2026-09-26,0,2026-09-26,wk inc covid hosp,quantile,0.6,2.9097996493891247
34,2026-09-26,0,2026-09-26,wk inc covid hosp,quantile,0.6,144.61549237652184
35,2026-09-26,0,2026-09-26,wk inc covid hosp,quantile,0.6,14.238080741140712
36,2026-09-26,0,2026-09-26,wk inc covid hosp,quantile,0.6,304.4329311400698
37,2026-09-26,0,2026-09-26,wk inc covid hosp,quantile,0.6,237.35338751213624
38,2026-09-26,0,2026-09-26,wk inc covid hosp,quantile,0.6,1.8221504450580157
39,2026-09-26,0,2026-09-26,wk inc covid hosp,quantile,0.6,70.62957387386899
40,2026-09-26,0,2026-09-26,wk inc covid hosp,quantile,0.6,26.317059868331565
41,2026-09-26,0,2026-09-26,wk inc covid hosp,quantile,0.6,47.45648591351831
42,2026-09-26,0,2026-09-26,wk inc covid hosp,quantile,0.6,177.51501959625077
44,2026-09-26,0,2026-09-26,wk inc covid hosp,quantile,0.6,17.030258863070397
45,2026-09-26,0,2026-09-26,wk inc covid hosp,quantile,0.6,70.05473686712827
46,2026-09-26,0,2026-09-26,wk inc covid hosp,quantile,0.6,6.602658909089817
47,2026-09-26,0,2026-09-26,wk inc covid hosp,quantile,0.6,91.79767205001474
48,2026-09-26,0,2026-09-26,wk inc covid hosp,quantile,0.6,423.7676685737328
49,2026-09-26,0,2026-09-26,wk inc covid hosp,quantile,0.6,26.952944836922864
50,2026-09-26,0,2026-09-26,wk inc covid hosp,quantile,0.6,4.018989352592892
51,2026-09-26,0,2026-09-26,wk inc covid hosp,quantile,0.6,61.967464272163134
53,2026-09-26,0,2026-09-26,wk inc covid hosp,quantile,0.6,156.3373058257708
54,2026-09-26,0,2026-09-26,wk inc covid hosp,quantile,0.6,16.887814708722363
55,2026-09-26,0,2026-09-26,wk inc covid hosp,quantile,0.6,28.44722663110978
56,2026-09-26,0,2026-09-26,wk inc covid hosp,quantile,0.6,1.0280083255636023
72,2026-09-26,0,2026-09-26,wk inc covid hosp,quantile,0.6,103.56854400639567
US,2026-09-26,0,2026-09-26,wk inc covid hosp,quantile,0.6,5014.814890993279
01,2026-09-26,1,2026-10-03,wk inc covid hosp,quantile,0.6,106.1539251241823
02,2026-09-26,1,2026-10-03,wk inc covid hosp,quantile,0.6,4.183646105503706
04,2026-09-26,1,2026-10-03,wk inc covid hosp,quantile,0.6,93.78693220309762
05,2026-09-26,1,2026-10-03,wk inc covid hosp,quantile,0.6,18.128189759119806
06,2026-09-26,1,2026-10-03,wk inc covid hosp,quantile,0.6,1155.627264499154
08,2026-09-26,1,2026-10-03,wk inc covid hosp,quantile,0.6,40.934023003642494
09,2026-09-26,1,2026-10-03,wk inc covid hosp,quantile,0.6,33.78365432546074
10,2026-09-26,1,2026-10-03,wk inc covid hosp,quantile,0.6,8.273708922927513
11,2026-09-26,1,2026-10-03,wk inc covid hosp,quantile,0.6,7.579985710905436
12,2026-09-26,1,2026-10-03,wk inc covid hosp,quantile,0.6,605.1816495345753
13,2026-09-26,1,2026-10-03,wk inc covid hosp,quantile,0.6,116.98257965038972
15,2026-09-26,1,2026-10-03,wk inc covid hosp,quantile,0.6,43.81533283881662
16,2026-09-26,1,2026-10-03,wk inc covid hosp,quantile,0.6,15.271038572694367
17,2026-09-26,1,2026-10-03,wk inc covid hosp,quantile,0.6,83.13175218931742
18,2026-09-26,1,2026-10-03,wk inc covid hosp,quantile,0.6,36.545299551299976
19,2026-09-26,1,2026-10-03,wk inc covid hosp,quantile,0.6,20.788766277227154
20,2026-09-26,1,2026-10-03,wk inc covid hosp,quantile,0.6,10.625035196684513
21,2026-09-26,1,2026-10-03,wk inc covid hosp,quantile,0.6,28.560514237207517
22,2026-09-26,1,2026-10-03,wk inc covid hosp,quantile,0.6,89.90258473700453
23,2026-09-26,1,2026-10-03,wk inc covid hosp,quantile,0.6,1.652917769965971
24,2026-09-26,1,2026-10-03,wk inc covid hosp,quantile,0.6,51.060424953802965
25,2026-09-26,1,2026-10-03,wk inc covid hosp,quantile,0.6,41.839290187246114
26,2026-09-26,1,2026-10-03,wk inc covid hosp,quantile,0.6,59.37222756592072
27,2026-09-26,1,2026-10-03,wk inc covid hosp,quantile,0.6,36.349652900868335
28,2026-09-26,1,2026-10-03,wk inc covid hosp,quantile,0.6,35.92677384933096
29,2026-09-26,1,2026-10-03,wk inc covid hosp,quantile,0.6,53.45460769264539
30,2026-09-26,1,2026-10-03,wk inc covid hosp,quantile,0.6,14.702830395407245
31,2026-09-26,1,2026-10-03,wk inc covid hosp,quantile,0.6,7.417177870114961
32,2026-09-26,1,2026-10-03,wk inc covid hosp,quantile,0.6,44.19086005262154
33,2026-09-26,1,2026-10-03,wk inc covid hosp,quantile,0.6,3.27954797307896
34,2026-09-26,1,2026-10-03,wk inc covid hosp,quantile,0.6,154.83562534566116
35,2026-09-26,1,2026-10-03,wk inc covid hosp,quantile,0.6,15.310513596082375
36,2026-09-26,1,2026-10-03,wk inc covid hosp,quantile,0.6,338.8286132720904
37,2026-09-26,1,2026-10-03,wk inc covid hosp,quantile,0.6,250.7835160169244
38,2026-09-26,1,2026-10-03,wk inc covid hosp,quantile,0.6,1.9383984157199972
39,2026-09-26,1,2026-10-03,wk inc covid hosp,quantile,0.6,75.10511283894132
40,2026-09-26,1,2026-10-03,wk inc covid hosp,quantile,0.6,28.89748928617429
41,2026-09-26,1,2026-10-03,wk inc covid hosp,quantile,0.6,53.65994970340973
42,2026-09-26,1,2026-10-03,wk inc covid hosp,quantile,0.6,201.441503160677
44,2026-09-26,1,2026-10-03,wk inc covid hosp,quantile,0.6,18.10564821845045
45,2026-09-26,1,2026-10-03,wk inc covid hosp,quantile,0.6,72.14604074353201
46,2026-09-26,1,2026-10-03,wk inc covid hosp,quantile,0.6,7.396631876346362
47,2026-09-26,1,2026-10-03,wk inc covid hosp,quantile,0.6,99.44874033754523
48,2026-09-26,1,2026-10-03,wk inc covid hosp,quantile,0.6,419.6750762842442
49,2026-09-26,1,2026-10-03,wk inc covid hosp,quantile,0.6,30.26521107107559
50,2026-09-26,1,2026-10-03,wk inc covid hosp,quantile,0.6,4.456286739717878
51,2026-09-26,1,2026-10-03,wk inc covid hosp,quantile,0.6,67.96612766502851
53,2026-09-26,1,2026-10-03,wk inc covid hosp,quantile,0.6,162.51644845339533
54,2026-09-26,1,2026-10-03,wk inc covid hosp,quantile,0.6,18.508383424011605
55,2026-09-26,1,2026-10-03,wk inc covid hosp,quantile,0.6,30.169805202765218
56,2026-09-26,1,2026-10-03,wk inc covid hosp,quantile,0.6,1.1828353034982542
72,2026-09-26,1,2026-10-03,wk inc covid hosp,quantile,0.6,102.79301573719
US,2026-09-26,1,2026-10-03,wk inc covid hosp,quantile,0.6,5674.739335863498
01,2026-09-26,2,2026-10-10,wk inc covid hosp,quantile,0.6,103.96321838124415
02,2026-09-26,2,2026-10-10,wk inc covid hosp,quantile,0.6,4.542091813032684
04,2026-09-26,2,2026-10-10,wk inc covid hosp,quantile,0.6,97.67785682528532
05,2026-09-26,2,2026-10-10,wk inc covid hosp,quantile,0.6,19.087983631459867
06,2026-09-26,2,2026-10-10,wk inc covid hosp,quantile,0.6,1144.289133288329
08,2026-09-26,2,2026-10-10,wk inc covid hosp,quantile,0.6,45.16291822355137
09,2026-09-26,2,2026-10-10,wk inc covid hosp,quantile,0.6,37.78892494153294
10,2026-09-26,2,2026-10-10,wk inc covid hosp,quantile,0.6,9.350140421263529
11,2026-09-26,2,2026-10-10,wk inc covid hosp,quantile,0.6,8.45924501625394
12,2026-09-26,2,2026-10-10,wk inc covid hosp,quantile,0.6,600.0945083972679
13,2026-09-26,2,2026-10-10,wk inc covid hosp,quantile,0.6,116.6844615084535
15,2026-09-26,2,2026-10-10,wk inc covid hosp,quantile,0.6,43.67637072323087
16,2026-09-26,2,2026-10-10,wk inc covid hosp,quantile,0.6,17.439005496914405
17,2026-09-26,2,2026-10-10,wk inc covid hosp,quantile,0.6,94.77827359767544
18,2026-09-26,2,2026-10-10,wk inc covid hosp,quantile,0.6,40.57158776176817
19,2026-09-26,2,2026-10-10,wk inc covid hosp,quantile,0.6,22.746462493964966
20,2026-09-26,2,2026-10-10,wk inc covid hosp,quantile,0.6,12.064757154752787
21,2026-09-26,2,2026-10-10,wk inc covid hosp,quantile,0.6,31.317654326456985
22,2026-09-26,2,2026-10-10,wk inc covid hosp,quantile,0.6,88.5247220679962
23,2026-09-26,2,2026-10-10,wk inc covid hosp,quantile,0.6,2.0926575178467264
24,2026-09-26,2,2026-10-10,wk inc covid hosp,quantile,0.6,58.49387711022353
25,2026-09-26,2,2026-10-10,wk inc covid hosp,quantile,0.6,46.621998892122676
26,2026-09-26,2,2026-10-10,wk inc covid hosp,quantile,0.6,63.84827413027486
27,2026-09-26,2,2026-10-10,wk inc covid hosp,quantile,0.6,41.48715540878777
28,2026-09-26,2,2026-10-10,wk inc covid hosp,quantile,0.6,36.53783165635633
29,2026-09-26,2,2026-10-10,wk inc covid hosp,quantile,0.6,59.384352587126614
30,2026-09-26,2,2026-10-10,wk inc covid hosp,quantile,0.6,16.244267440460924
31,2026-09-26,2,2026-10-10,wk inc covid hosp,quantile,0.6,8.11391677316491
32,2026-09-26,2,2026-10-10,wk inc covid hosp,quantile,0.6,45.941484865617326
33,2026-09-26,2,2026-10-10,wk inc covid hosp,quantile,0.6,3.719774459885979
34,2026-09-26,2,2026-10-10,wk inc covid hosp,quantile,0.6,174.2815970215197
35,2026-09-26,2,2026-10-10,wk inc covid hosp,quantile,0.6,16.77367976341503
36,2026-09-26,2,2026-10-10,wk inc covid hosp,quantile,0.6,375.31660328231646
37,2026-09-26,2,2026-10-10,wk inc covid hosp,quantile,0.6,263.4825078752344
38,2026-09-26,2,2026-10-10,wk inc covid hosp,quantile,0.6,2.365173637526357
39,2026-09-26,2,2026-10-10,wk inc covid hosp,quantile,0.6,82.68405676934114
40,2026-09-26,2,2026-10-10,wk inc covid hosp,quantile,0.6,32.377380003246316
41,2026-09-26,2,2026-10-10,wk inc covid hosp,quantile,0.6,59.564051175624236
42,2026-09-26,2,2026-10-10,wk inc covid hosp,quantile,0.6,218.47952770432406
44,2026-09-26,2,2026-10-10,wk inc covid hosp,quantile,0.6,20.423275097733296
45,2026-09-26,2,2026-10-10,wk inc covid hosp,quantile,0.6,76.62302328909338
46,2026-09-26,2,2026-10-10,wk inc covid hosp,quantile,0.6,8.122031147533965
47,2026-09-26,2,2026-10-10,wk inc covid hosp,quantile,0.6,106.1470508832798
48,2026-09-26,2,2026-10-10,wk inc covid hosp,quantile,0.6,413.89662505230166
49,2026-09-26,2,2026-10-10,wk inc covid hosp,quantile,0.6,33.27297344024417
50,2026-09-26,2,2026-10-10,wk inc covid hosp,quantile,0.6,4.795614188892204
51,2026-09-26,2,2026-10-10,wk inc covid hosp,quantile,0.6,75.50514759334757
53,2026-09-26,2,2026-10-10,wk inc covid hosp,quantile,0.6,170.31484396203984
54,2026-09-26,2,2026-10-10,wk inc covid hosp,quantile,0.6,20.40148885932911
55,2026-09-26,2,2026-10-10,wk inc covid hosp,quantile,0.6,34.4121716922476
56,2026-09-26,2,2026-10-10,wk inc covid hosp,quantile,0.6,1.5094206726494794
72,2026-09-26,2,2026-10-10,wk inc covid hosp,quantile,0.6,97.96664406475011
US,2026-09-26,2,2026-10-10,wk inc covid hosp,quantile,0.6,6169.7841588396595
01,2026-09-26,3,2026-10-17,wk inc covid hosp,quantile,0.6,101.42623855466147
02,2026-09-26,3,2026-10-17,wk inc covid hosp,quantile,0.6,4.600038328931882
04,2026-09-26,3,2026-10-17,wk inc covid hosp,quantile,0.6,100.58164083297702
05,2026-09-26,3,2026-10-17,wk inc covid hosp,quantile,0.6,19.486200116303056
06,2026-09-26,3,2026-10-17,wk inc covid hosp,quantile,0.6,1137.7962584539146
08,2026-09-26,3,2026-10-17,wk inc covid hosp,quantile,0.6,48.39258836966812
09,2026-09-26,3,2026-10-17,wk inc covid hosp,quantile,0.6,39.472857569965235
10,2026-09-26,3,2026-10-17,wk inc covid hosp,quantile,0.6,9.591239806766332
11,2026-09-26,3,2026-10-17,wk inc covid hosp,quantile,0.6,8.92442540847656
12,2026-09-26,3,2026-10-17,wk inc covid hosp,quantile,0.6,593.3278410644109
13,2026-09-26,3,2026-10-17,wk inc covid hosp,quantile,0.6,117.87745702327867
15,2026-09-26,3,2026-10-17,wk inc covid hosp,quantile,0.6,43.517691540753155
16,2026-09-26,3,2026-10-17,wk inc covid hosp,quantile,0.6,18.561104149709834
17,2026-09-26,3,2026-10-17,wk inc covid hosp,quantile,0.6,100.99225093971398
18,2026-09-26,3,2026-10-17,wk inc covid hosp,quantile,0.6,42.86281163502274
19,2026-09-26,3,2026-10-17,wk inc covid hosp,quantile,0.6,23.642537927208775
20,2026-09-26,3,2026-10-17,wk inc covid hosp,quantile,0.6,12.57485748804768
21,2026-09-26,3,2026-10-17,wk inc covid hosp,quantile,0.6,32.580279298731455
22,2026-09-26,3,2026-10-17,wk inc covid hosp,quantile,0.6,87.13466226311954
23,2026-09-26,3,2026-10-17,wk inc covid hosp,quantile,0.6,2.3255039441306704
24,2026-09-26,3,2026-10-17,wk inc covid hosp,quantile,0.6,61.89837922669488
25,2026-09-26,3,2026-10-17,wk inc covid hosp,quantile,0.6,48.545220361335346
26,2026-09-26,3,2026-10-17,wk inc covid hosp,quantile,0.6,69.85566823698656
27,2026-09-26,3,2026-10-17,wk inc covid hosp,quantile,0.6,43.028193438845975
28,2026-09-26,3,2026-10-17,wk inc covid hosp,quantile,0.6,36.50893409982894
29,2026-09-26,3,2026-10-17,wk inc covid hosp,quantile,0.6,63.01289997588487
30,2026-09-26,3,2026-10-17,wk inc covid hosp,quantile,0.6,17.208430692252
31,2026-09-26,3,2026-10-17,wk inc covid hosp,quantile,0.6,8.48873899793027
32,2026-09-26,3,2026-10-17,wk inc covid hosp,quantile,0.6,47.031955807540996
33,2026-09-26,3,2026-10-17,wk inc covid hosp,quantile,0.6,3.8896787797076926
34,2026-09-26,3,2026-10-17,wk inc covid hosp,quantile,0.6,179.40233220829538
35,2026-09-26,3,2026-10-17,wk inc covid hosp,quantile,0.6,16.995278948674734
36,2026-09-26,3,2026-10-17,wk inc covid hosp,quantile,0.6,391.99634459436163
37,2026-09-26,3,2026-10-17,wk inc covid hosp,quantile,0.6,269.126671537996
38,2026-09-26,3,2026-10-17,wk inc covid hosp,quantile,0.6,2.5853697501322594
39,2026-09-26,3,2026-10-17,wk inc covid hosp,quantile,0.6,85.73672226965714
40,2026-09-26,3,2026-10-17,wk inc covid hosp,quantile,0.6,33.92288106244653
41,2026-09-26,3,2026-10-17,wk inc covid hosp,quantile,0.6,61.50970799535455
42,2026-09-26,3,2026-10-17,wk inc covid hosp,quantile,0.6,228.38771466669013
44,2026-09-26,3,2026-10-17,wk inc covid hosp,quantile,0.6,21.294839763717796
45,2026-09-26,3,2026-10-17,wk inc covid hosp,quantile,0.6,78.19831388828665
46,2026-09-26,3,2026-10-17,wk inc covid hosp,quantile,0.6,8.712087439254592
47,2026-09-26,3,2026-10-17,wk inc covid hosp,quantile,0.6,107.92712575889779
48,2026-09-26,3,2026-10-17,wk inc covid hosp,quantile,0.6,411.41299872954824
49,2026-09-26,3,2026-10-17,wk inc covid hosp,quantile,0.6,34.48001947227667
50,2026-09-26,3,2026-10-17,wk inc covid hosp,quantile,0.6,4.930150693877986
51,2026-09-26,3,2026-10-17,wk inc covid hosp,quantile,0.6,78.94494856726408
53,2026-09-26,3,2026-10-17,wk inc covid hosp,quantile,0.6,170.63662529489554
54,2026-09-26,3,2026-10-17,wk inc covid hosp,quantile,0.6,21.331423301709023
55,2026-09-26,3,2026-10-17,wk inc covid hosp,quantile,0.6,34.75683729238723
56,2026-09-26,3,2026-10-17,wk inc covid hosp,quantile,0.6,1.6098126836087914
72,2026-09-26,3,2026-10-17,wk inc covid hosp,quantile,0.6,94.74666449185052
US,2026-09-26,3,2026-10-17,wk inc covid hosp,quantile,0.6,6475.052216346874
01,2026-09-26,0,2026-09-26,wk inc covid hosp,quantile,0.65,111.30443425348919
02,2026-09-26,0,2026-09-26,wk inc covid hosp,quantile,0.65,4.119495275593514
04,2026-09-26,0,2026-09-26,wk inc covid hosp,quantile,0.65,91.96846979022405
05,2026-09-26,0,2026-09-26,wk inc covid hosp,quantile,0.65,18.26581966049287
06,2026-09-26,0,2026-09-26,wk inc covid hosp,quantile,0.65,1140.9065696658813
08,2026-09-26,0,2026-09-26,wk inc covid hosp,quantile,0.65,37.812216105866725
09,2026-09-26,0,2026-09-26,wk inc covid hosp,quantile,0.65,37.10231861389651
10,2026-09-26,0,2026-09-26,wk inc covid hosp,quantile,0.65,8.539949869925039
11,2026-09-26,0,2026-09-26,wk inc covid hosp,quantile,0.65,7.079840814333303
12,2026-09-26,0,2026-09-26,wk inc covid hosp,quantile,0.65,625.4099183640711
13,2026-09-26,0,2026-09-26,wk inc covid hosp,quantile,0.65,116.3142115328547
15,2026-09-26,0,2026-09-26,wk inc covid hosp,quantile,0.65,44.71235786893179
16,2026-09-26,0,2026-09-26,wk inc covid hosp,quantile,0.65,14.89635082720781
17,2026-09-26,0,2026-09-26,wk inc covid hosp,quantile,0.65,75.77822277098727
18,2026-09-26,0,2026-09-26,wk inc covid hosp,quantile,0.65,32.877329964067535
19,2026-09-26,0,2026-09-26,wk inc covid hosp,quantile,0.65,19.11293529340101
20,2026-09-26,0,2026-09-26,wk inc covid hosp,quantile,0.65,10.436055332978999
21,2026-09-26,0,2026-09-26,wk inc covid hosp,quantile,0.65,26.508122595888615
22,2026-09-26,0,2026-09-26,wk inc covid hosp,quantile,0.65,95.36820141330259
23,2026-09-26,0,2026-09-26,wk inc covid hosp,quantile,0.65,1.5064902301483534
24,2026-09-26,0,2026-09-26,wk inc covid hosp,quantile,0.65,44.79940469038302
25,2026-09-26,0,2026-09-26,wk inc covid hosp,quantile,0.65,42.09945129250953
26,2026-09-26,0,2026-09-26,wk inc covid hosp,quantile,0.65,56.58550837483399
27,2026-09-26,0,2026-09-26,wk inc covid hosp,quantile,0.65,33.58683963149091
28,2026-09-26,0,2026-09-26,wk inc covid hosp,quantile,0.65,37.559129952607464
29,2026-09-26,0,2026-09-26,wk inc covid hosp,quantile,0.65,48.25686095235681
30,2026-09-26,0,2026-09-26,wk inc covid hosp,quantile,0.65,13.704442089769698
31,2026-09-26,0,2026-09-26,wk inc covid hosp,quantile,0.65,7.766792319513381
32,2026-09-26,0,2026-09-26,wk inc covid hosp,quantile,0.65,42.02830696655653
33,2026-09-26,0,2026-09-26,wk inc covid hosp,quantile,0.65,3.511935959354115
34,2026-09-26,0,2026-09-26,wk inc covid hosp,quantile,0.65,147.6308680656323
35,2026-09-26,0,2026-09-26,wk inc covid hosp,quantile,0.65,15.76797459066812
36,2026-09-26,0,2026-09-26,wk inc covid hosp,quantile,0.65,311.60735388637727
37,2026-09-26,0,2026-09-26,wk inc covid hosp,quantile,0.65,243.82002181029256
38,2026-09-26,0,2026-09-26,wk inc covid hosp,quantile,0.65,1.9789306533986464
39,2026-09-26,0,2026-09-26,wk inc covid hosp,quantile,0.65,73.01757837518905
40,2026-09-26,0,2026-09-26,wk inc covid hosp,quantile,0.65,26.840732870745157
41,2026-09-26,0,2026-09-26,wk inc covid hosp,quantile,0.65,48.1300210602424
42,2026-09-26,0,2026-09-26,wk inc covid hosp,quantile,0.65,183.71977820700684
44,2026-09-26,0,2026-09-26,wk inc covid hosp,quantile,0.65,17.30146588716827
45,2026-09-26,0,2026-09-26,wk inc covid hosp,quantile,0.65,71.05586919759097
46,2026-09-26,0,2026-09-26,wk inc covid hosp,quantile,0.65,7.153892731521451
47,2026-09-26,0,2026-09-26,wk inc covid hosp,quantile,0.65,93.05706640580978
48,2026-09-26,0,2026-09-26,wk inc covid hosp,quantile,0.65,435.076471947991
49,2026-09-26,0,2026-09-26,wk inc covid hosp,quantile,0.65,29.558961217349573
50,2026-09-26,0,2026-09-26,wk inc covid hosp,quantile,0.65,4.410013632122092
51,2026-09-26,0,2026-09-26,wk inc covid hosp,quantile,0.65,62.95235578447498
53,2026-09-26,0,2026-09-26,wk inc covid hosp,quantile,0.65,161.60774854464046
54,2026-09-26,0,2026-09-26,wk inc covid hosp,quantile,0.65,17.657239422052257
55,2026-09-26,0,2026-09-26,wk inc covid hosp,quantile,0.65,29.757120668013332
56,2026-09-26,0,2026-09-26,wk inc covid hosp,quantile,0.65,1.195281719215314
72,2026-09-26,0,2026-09-26,wk inc covid hosp,quantile,0.65,109.16564913747892
US,2026-09-26,0,2026-09-26,wk inc covid hosp,quantile,0.65,5034.083444262871
01,2026-09-26,1,2026-10-03,wk inc covid hosp,quantile,0.65,113.30798115997104
02,2026-09-26,1,2026-10-03,wk inc covid hosp,quantile,0.65,4.644976341400069
04,2026-09-26,1,2026-10-03,wk inc covid hosp,quantile,0.65,101.59318693137027
05,2026-09-26,1,2026-10-03,wk inc covid hosp,quantile,0.65,19.611783296394133
06,2026-09-26,1,2026-10-03,wk inc covid hosp,quantile,0.65,1165.2307754008061
08,2026-09-26,1,2026-10-03,wk inc covid hosp,quantile,0.65,42.96754660488364
09,2026-09-26,1,2026-10-03,wk inc covid hosp,quantile,0.65,39.1638749344415
10,2026-09-26,1,2026-10-03,wk inc covid hosp,quantile,0.65,9.448482336382016
11,2026-09-26,1,2026-10-03,wk inc covid hosp,quantile,0.65,8.54653446032534
12,2026-09-26,1,2026-10-03,wk inc covid hosp,quantile,0.65,618.4564947719149
13,2026-09-26,1,2026-10-03,wk inc covid hosp,quantile,0.65,120.57351145142954
15,2026-09-26,1,2026-10-03,wk inc covid hosp,quantile,0.65,46.06625736850631
16,2026-09-26,1,2026-10-03,wk inc covid hosp,quantile,0.65,16.539220934380218
17,2026-09-26,1,2026-10-03,wk inc covid hosp,quantile,0.65,86.13466064804688
18,2026-09-26,1,2026-10-03,wk inc covid hosp,quantile,0.65,37.30940926971274
19,2026-09-26,1,2026-10-03,wk inc covid hosp,quantile,0.65,21.70232137093159
20,2026-09-26,1,2026-10-03,wk inc covid hosp,quantile,0.65,11.586887845564556
21,2026-09-26,1,2026-10-03,wk inc covid hosp,quantile,0.65,29.26128412554265
22,2026-09-26,1,2026-10-03,wk inc covid hosp,quantile,0.65,95.00817652267038
23,2026-09-26,1,2026-10-03,wk inc covid hosp,quantile,0.65,1.7362271658821486
24,2026-09-26,1,2026-10-03,wk inc covid hosp,quantile,0.65,52.40589499863294
25,2026-09-26,1,2026-10-03,wk inc covid hosp,quantile,0.65,43.083503590821316
26,2026-09-26,1,2026-10-03,wk inc covid hosp,quantile,0.65,65.15627148740242
27,2026-09-26,1,2026-10-03,wk inc covid hosp,quantile,0.65,38.83592742899306
28,2026-09-26,1,2026-10-03,wk inc covid hosp,quantile,0.65,40.00506699981976
29,2026-09-26,1,2026-10-03,wk inc covid hosp,quantile,0.65,56.248897030368965
30,2026-09-26,1,2026-10-03,wk inc covid hosp,quantile,0.65,15.27046142550564
31,2026-09-26,1,2026-10-03,wk inc covid hosp,quantile,0.65,8.354121897201614
32,2026-09-26,1,2026-10-03,wk inc covid hosp,quantile,0.65,45.25326125852875
33,2026-09-26,1,2026-10-03,wk inc covid hosp,quantile,0.65,3.7746405245179506
34,2026-09-26,1,2026-10-03,wk inc covid hosp,quantile,0.65,161.32706077573283
35,2026-09-26,1,2026-10-03,wk inc covid hosp,quantile,0.65,17.783262187738398
36,2026-09-26,1,2026-10-03,wk inc covid hosp,quantile,0.65,349.6603116396454
37,2026-09-26,1,2026-10-03,wk inc covid hosp,quantile,0.65,263.83097377997575
38,2026-09-26,1,2026-10-03,wk inc covid hosp,quantile,0.65,2.6065572215068533
39,2026-09-26,1,2026-10-03,wk inc covid hosp,quantile,0.65,81.95935725490563
40,2026-09-26,1,2026-10-03,wk inc covid hosp,quantile,0.65,30.799200995787306
41,2026-09-26,1,2026-10-03,wk inc covid hosp,quantile,0.65,55.88848800092809
42,2026-09-26,1,2026-10-03,wk inc covid hosp,quantile,0.65,205.0596222005915
44,2026-09-26,1,2026-10-03,wk inc covid hosp,quantile,0.65,18.913187880560475
45,2026-09-26,1,2026-10-03,wk inc covid hosp,quantile,0.65,73.44902222276302
46,2026-09-26,1,2026-10-03,wk inc covid hosp,quantile,0.65,7.647895449681124
47,2026-09-26,1,2026-10-03,wk inc covid hosp,quantile,0.65,101.30005548638749
48,2026-09-26,1,2026-10-03,wk inc covid hosp,quantile,0.65,425.9479718802959
49,2026-09-26,1,2026-10-03,wk inc covid hosp,quantile,0.65,31.929072754604007
50,2026-09-26,1,2026-10-03,wk inc covid hosp,quantile,0.65,5.002038838308272
51,2026-09-26,1,2026-10-03,wk inc covid hosp,quantile,0.65,69.29562497868447
53,2026-09-26,1,2026-10-03,wk inc covid hosp,quantile,0.65,169.66613104816238
54,2026-09-26,1,2026-10-03,wk inc covid hosp,quantile,0.65,20.069274083597634
55,2026-09-26,1,2026-10-03,wk inc covid hosp,quantile,0.65,31.430548865282624
56,2026-09-26,1,2026-10-03,wk inc covid hosp,quantile,0.65,1.3710630225621392
72,2026-09-26,1,2026-10-03,wk inc covid hosp,quantile,0.65,106.33630577603476
US,2026-09-26,1,2026-10-03,wk inc covid hosp,quantile,0.65,5680.502222985175
01,2026-09-26,2,2026-10-10,wk inc covid hosp,quantile,0.65,114.35966668648985
02,2026-09-26,2,2026-10-10,wk inc covid hosp,quantile,0.65,4.948559836501619
04,2026-09-26,2,2026-10-10,wk inc covid hosp,quantile,0.65,107.02729572445833
05,2026-09-26,2,2026-10-10,wk inc covid hosp,quantile,0.65,21.43815783407131
06,2026-09-26,2,2026-10-10,wk inc covid hosp,quantile,0.65,1151.3336467936174
08,2026-09-26,2,2026-10-10,wk inc covid hosp,quantile,0.65,50.56648716727986
09,2026-09-26,2,2026-10-10,wk inc covid hosp,quantile,0.65,42.048630640963914
10,2026-09-26,2,2026-10-10,wk inc covid hosp,quantile,0.65,10.606887419226416
11,2026-09-26,2,2026-10-10,wk inc covid hosp,quantile,0.65,9.61402949378591
12,2026-09-26,2,2026-10-10,wk inc covid hosp,quantile,0.65,609.0217247361953
13,2026-09-26,2,2026-10-10,wk inc covid hosp,quantile,0.65,122.98839212676
15,2026-09-26,2,2026-10-10,wk inc covid hosp,quantile,0.65,46.99463232572418
16,2026-09-26,2,2026-10-10,wk inc covid hosp,quantile,0.65,17.822919064264315
17,2026-09-26,2,2026-10-10,wk inc covid hosp,quantile,0.65,98.73770952934396
18,2026-09-26,2,2026-10-10,wk inc covid hosp,quantile,0.65,43.26756122414174
19,2026-09-26,2,2026-10-10,wk inc covid hosp,quantile,0.65,24.527517823767344
20,2026-09-26,2,2026-10-10,wk inc covid hosp,quantile,0.65,13.578077052317857
21,2026-09-26,2,2026-10-10,wk inc covid hosp,quantile,0.65,34.63714516569978
22,2026-09-26,2,2026-10-10,wk inc covid hosp,quantile,0.65,94.94855473892942
23,2026-09-26,2,2026-10-10,wk inc covid hosp,quantile,0.65,2.1365970415617386
24,2026-09-26,2,2026-10-10,wk inc covid hosp,quantile,0.65,60.51324331221678
25,2026-09-26,2,2026-10-10,wk inc covid hosp,quantile,0.65,46.9267272292683
26,2026-09-26,2,2026-10-10,wk inc covid hosp,quantile,0.65,72.97789549611807
27,2026-09-26,2,2026-10-10,wk inc covid hosp,quantile,0.65,44.943431345692396
28,2026-09-26,2,2026-10-10,wk inc covid hosp,quantile,0.65,42.099041980714894
29,2026-09-26,2,2026-10-10,wk inc covid hosp,quantile,0.65,62.94494336250277
30,2026-09-26,2,2026-10-10,wk inc covid hosp,quantile,0.65,17.637795588347696
31,2026-09-26,2,2026-10-10,wk inc covid hosp,quantile,0.65,8.543265737800962
32,2026-09-26,2,2026-10-10,wk inc covid hosp,quantile,0.65,48.960042912075295
33,2026-09-26,2,2026-10-10,wk inc covid hosp,quantile,0.65,3.9905556538640847
34,2026-09-26,2,2026-10-10,wk inc covid hosp,quantile,0.65,179.73729738628268
35,2026-09-26,2,2026-10-10,wk inc covid hosp,quantile,0.65,18.41950055682103
36,2026-09-26,2,2026-10-10,wk inc covid hosp,quantile,0.65,392.54307012856543
37,2026-09-26,2,2026-10-10,wk inc covid hosp,quantile,0.65,274.6839174956864
38,2026-09-26,2,2026-10-10,wk inc covid hosp,quantile,0.65,3.013384519099365
39,2026-09-26,2,2026-10-10,wk inc covid hosp,quantile,0.65,92.19487806976991
40,2026-09-26,2,2026-10-10,wk inc covid hosp,quantile,0.65,33.66978332906914
41,2026-09-26,2,2026-10-10,wk inc covid hosp,quantile,0.65,62.94422064021373
42,2026-09-26,2,2026-10-10,wk inc covid hosp,quantile,0.65,234.50755530637127
44,2026-09-26,2,2026-10-10,wk inc covid hosp,quantile,0.65,21.09613040645816
45,2026-09-26,2,2026-10-10,wk inc covid hosp,quantile,0.65,77.41419655079635
46,2026-09-26,2,2026-10-10,wk inc covid hosp,quantile,0.65,8.899946588256382
47,2026-09-26,2,2026-10-10,wk inc covid hosp,quantile,0.65,110.64355071586594
48,2026-09-26,2,2026-10-10,wk inc covid hosp,quantile,0.65,420.6226034175267
49,2026-09-26,2,2026-10-10,wk inc covid hosp,quantile,0.65,36.266399016219395
50,2026-09-26,2,2026-10-10,wk inc covid hosp,quantile,0.65,5.4671057060682635
51,2026-09-26,2,2026-10-10,wk inc covid hosp,quantile,0.65,81.39165507721431
53,2026-09-26,2,2026-10-10,wk inc covid hosp,quantile,0.65,173.15813075686518
54,2026-09-26,2,2026-10-10,wk inc covid hosp,quantile,0.65,22.459581706834733
55,2026-09-26,2,2026-10-10,wk inc covid hosp,quantile,0.65,34.7463420294388
56,2026-09-26,2,2026-10-10,wk inc covid hosp,quantile,0.65,1.5383888746190062
72,2026-09-26,2,2026-10-10,wk inc covid hosp,quantile,0.65,98.3791086442402
US,2026-09-26,2,2026-10-10,wk inc covid hosp,quantile,0.65,6317.207854677184
01,2026-09-26,3,2026-10-17,wk inc covid hosp,quantile,0.65,113.1949887335759
02,2026-09-26,3,2026-10-17,wk inc covid hosp,quantile,0.65,5.061629663344084
04,2026-09-26,3,2026-10-17,wk inc covid hosp,quantile,0.65,111.20932519326162
05,2026-09-26,3,2026-10-17,wk inc covid hosp,quantile,0.65,22.778418249687505
06,2026-09-26,3,2026-10-17,wk inc covid hosp,quantile,0.65,1159.5663740281386
08,2026-09-26,3,2026-10-17,wk inc covid hosp,quantile,0.65,52.575170748554505
09,2026-09-26,3,2026-10-17,wk inc covid hosp,quantile,0.65,44.59296040810409
10,2026-09-26,3,2026-10-17,wk inc covid hosp,quantile,0.65,11.010562373810687
11,2026-09-26,3,2026-10-17,wk inc covid hosp,quantile,0.65,10.150772490553623
12,2026-09-26,3,2026-10-17,wk inc covid hosp,quantile,0.65,598.0831072639704
13,2026-09-26,3,2026-10-17,wk inc covid hosp,quantile,0.65,124.57561133489087
15,2026-09-26,3,2026-10-17,wk inc covid hosp,quantile,0.65,45.727454069175984
16,2026-09-26,3,2026-10-17,wk inc covid hosp,quantile,0.65,18.682067616306572
17,2026-09-26,3,2026-10-17,wk inc covid hosp,quantile,0.65,104.26176477286997
18,2026-09-26,3,2026-10-17,wk inc covid hosp,quantile,0.65,45.16366592239454
19,2026-09-26,3,2026-10-17,wk inc covid hosp,quantile,0.65,26.088818577906153
20,2026-09-26,3,2026-10-17,wk inc covid hosp,quantile,0.65,13.898890960511425
21,2026-09-26,3,2026-10-17,wk inc covid hosp,quantile,0.65,35.16297774308903
22,2026-09-26,3,2026-10-17,wk inc covid hosp,quantile,0.65,93.02700741758854
23,2026-09-26,3,2026-10-17,wk inc covid hosp,quantile,0.65,2.3890580388562057
24,2026-09-26,3,2026-10-17,wk inc covid hosp,quantile,0.65,64.62061406404952
25,2026-09-26,3,2026-10-17,wk inc covid hosp,quantile,0.65,48.89951128083917
26,2026-09-26,3,2026-10-17,wk inc covid hosp,quantile,0.65,78.964649270217
27,2026-09-26,3,2026-10-17,wk inc covid hosp,quantile,0.65,48.03062690409586
28,2026-09-26,3,2026-10-17,wk inc covid hosp,quantile,0.65,42.409941659550675
29,2026-09-26,3,2026-10-17,wk inc covid hosp,quantile,0.65,68.00010451058493
30,2026-09-26,3,2026-10-17,wk inc covid hosp,quantile,0.65,18.92360410699637
31,2026-09-26,3,2026-10-17,wk inc covid hosp,quantile,0.65,9.311526964962583
32,2026-09-26,3,2026-10-17,wk inc covid hosp,quantile,0.65,50.56540501229308
33,2026-09-26,3,2026-10-17,wk inc covid hosp,quantile,0.65,4.074593654661666
34,2026-09-26,3,2026-10-17,wk inc covid hosp,quantile,0.65,188.81622053536992
35,2026-09-26,3,2026-10-17,wk inc covid hosp,quantile,0.65,18.821425360395814
36,2026-09-26,3,2026-10-17,wk inc covid hosp,quantile,0.65,408.42747765109925
37,2026-09-26,3,2026-10-17,wk inc covid hosp,quantile,0.65,278.9545004005385
38,2026-09-26,3,2026-10-17,wk inc covid hosp,quantile,0.65,3.111743077286642
39,2026-09-26,3,2026-10-17,wk inc covid hosp,quantile,0.65,96.9337279237684
40,2026-09-26,3,2026-10-17,wk inc covid hosp,quantile,0.65,34.366191229956065
41,2026-09-26,3,2026-10-17,wk inc covid hosp,quantile,0.65,64.90868863621738
42,2026-09-26,3,2026-10-17,wk inc covid hosp,quantile,0.65,247.7053429358912
44,2026-09-26,3,2026-10-17,wk inc covid hosp,quantile,0.65,21.700151145939397
45,2026-09-26,3,2026-10-17,wk inc covid hosp,quantile,0.65,83.01548713653106
46,2026-09-26,3,2026-10-17,wk inc covid hosp,quantile,0.65,9.361719666846955
47,2026-09-26,3,2026-10-17,wk inc covid hosp,quantile,0.65,114.87048950174967
48,2026-09-26,3,2026-10-17,wk inc covid hosp,quantile,0.65,418.78885353888603
49,2026-09-26,3,2026-10-17,wk inc covid hosp,quantile,0.65,38.09910126725195
50,2026-09-26,3,2026-10-17,wk inc covid hosp,quantile,0.65,5.677686528993971
51,2026-09-26,3,2026-10-17,wk inc covid hosp,quantile,0.65,84.59102566782893
53,2026-09-26,3,2026-10-17,wk inc covid hosp,quantile,0.65,176.638825387989
54,2026-09-26,3,2026-10-17,wk inc covid hosp,quantile,0.65,23.371782697877773
55,2026-09-26,3,2026-10-17,wk inc covid hosp,quantile,0.65,35.84656918742869
56,2026-09-26,3,2026-10-17,wk inc covid hosp,quantile,0.65,1.7304138366190527
72,2026-09-26,3,2026-10-17,wk inc covid hosp,quantile,0.65,95.53804707084609
US,2026-09-26,3,2026-10-17,wk inc covid hosp,quantile,0.65,6505.836279699198
01,2026-09-26,0,2026-09-26,wk inc covid hosp,quantile,0.7,115.81736715663486
02,2026-09-26,0,2026-09-26,wk inc covid hosp,quantile,0.7,4.426313665959844
04,2026-09-26,0,2026-09-26,wk inc covid hosp,quantile,0.7,92.30675321490953
05,2026-09-26,0,2026-09-26,wk inc covid hosp,quantile,0.7,19.01499595633443
06,2026-09-26,0,2026-09-26,wk inc covid hosp,quantile,0.7,1148.2208764272696
08,2026-09-26,0,2026-09-26,wk inc covid hosp,quantile,0.7,39.899998589768025
09,2026-09-26,0,2026-09-26,wk inc covid hosp,quantile,0.7,37.14983303857758
10,2026-09-26,0,2026-09-26,wk inc covid hosp,quantile,0.7,8.934831598571257
11,2026-09-26,0,2026-09-26,wk inc covid hosp,quantile,0.7,7.248622270417586
12,2026-09-26,0,2026-09-26,wk inc covid hosp,quantile,0.7,653.1014096677196
13,2026-09-26,0,2026-09-26,wk inc covid hosp,quantile,0.7,121.98388932221192
15,2026-09-26,0,2026-09-26,wk inc covid hosp,quantile,0.7,47.927072991894136
16,2026-09-26,0,2026-09-26,wk inc covid hosp,quantile,0.7,15.16028372440723
17,2026-09-26,0,2026-09-26,wk inc covid hosp,quantile,0.7,75.83335614227586
18,2026-09-26,0,2026-09-26,wk inc covid hosp,quantile,0.7,35.50729856433132
19,2026-09-26,0,2026-09-26,wk inc covid hosp,quantile,0.7,20.45545279826152
20,2026-09-26,0,2026-09-26,wk inc covid hosp,quantile,0.7,10.583174310131984
21,2026-09-26,0,2026-09-26,wk inc covid hosp,quantile,0.7,27.75695655845072
22,2026-09-26,0,2026-09-26,wk inc covid hosp,quantile,0.7,96.65328247035859
23,2026-09-26,0,2026-09-26,wk inc covid hosp,quantile,0.7,1.739295759302769
24,2026-09-26,0,2026-09-26,wk inc covid hosp,quantile,0.7,45.315656754273206
25,2026-09-26,0,2026-09-26,wk inc covid hosp,quantile,0.7,42.61685275462608
26,2026-09-26,0,2026-09-26,wk inc covid hosp,quantile,0.7,59.90763263992476
27,2026-09-26,0,2026-09-26,wk inc covid hosp,quantile,0.7,33.759092522026684
28,2026-09-26,0,2026-09-26,wk inc covid hosp,quantile,0.7,38.717595086687965
29,2026-09-26,0,2026-09-26,wk inc covid hosp,quantile,0.7,50.372427892543804
30,2026-09-26,0,2026-09-26,wk inc covid hosp,quantile,0.7,14.417633136839225
31,2026-09-26,0,2026-09-26,wk inc covid hosp,quantile,0.7,7.9182725816371615
32,2026-09-26,0,2026-09-26,wk inc covid hosp,quantile,0.7,43.11029558017953
33,2026-09-26,0,2026-09-26,wk inc covid hosp,quantile,0.7,4.195838816602371
34,2026-09-26,0,2026-09-26,wk inc covid hosp,quantile,0.7,153.42468336283724
35,2026-09-26,0,2026-09-26,wk inc covid hosp,quantile,0.7,16.065900701264056
36,2026-09-26,0,2026-09-26,wk inc covid hosp,quantile,0.7,311.80887357287054
37,2026-09-26,0,2026-09-26,wk inc covid hosp,quantile,0.7,250.06659870119643
38,2026-09-26,0,2026-09-26,wk inc covid hosp,quantile,0.7,2.4015387066372518
39,2026-09-26,0,2026-09-26,wk inc covid hosp,quantile,0.7,77.12014631920582
40,2026-09-26,0,2026-09-26,wk inc covid hosp,quantile,0.7,28.578317136961953
41,2026-09-26,0,2026-09-26,wk inc covid hosp,quantile,0.7,48.972263037718626
42,2026-09-26,0,2026-09-26,wk inc covid hosp,quantile,0.7,188.11951664504915
44,2026-09-26,0,2026-09-26,wk inc covid hosp,quantile,0.7,18.348340012503176
45,2026-09-26,0,2026-09-26,wk inc covid hosp,quantile,0.7,71.71157413169355
46,2026-09-26,0,2026-09-26,wk inc covid hosp,quantile,0.7,7.238751372696188
47,2026-09-26,0,2026-09-26,wk inc covid hosp,quantile,0.7,95.24382908031453
48,2026-09-26,0,2026-09-26,wk inc covid hosp,quantile,0.7,449.0417208015606
49,2026-09-26,0,2026-09-26,wk inc covid hosp,quantile,0.7,30.316047105576995
50,2026-09-26,0,2026-09-26,wk inc covid hosp,quantile,0.7,5.1104777760037265
51,2026-09-26,0,2026-09-26,wk inc covid hosp,quantile,0.7,63.71608852108835
53,2026-09-26,0,2026-09-26,wk inc covid hosp,quantile,0.7,164.06458451974459
54,2026-09-26,0,2026-09-26,wk inc covid hosp,quantile,0.7,18.85052269035048
55,2026-09-26,0,2026-09-26,wk inc covid hosp,quantile,0.7,29.837615808987046
56,2026-09-26,0,2026-09-26,wk inc covid hosp,quantile,0.7,1.4832115199233042
72,2026-09-26,0,2026-09-26,wk inc covid hosp,quantile,0.7,113.64802643438207
US,2026-09-26,0,2026-09-26,wk inc covid hosp,quantile,0.7,5117.438371583424
01,2026-09-26,1,2026-10-03,wk inc covid hosp,quantile,0.7,119.05406217447515
02,2026-09-26,1,2026-10-03,wk inc covid hosp,quantile,0.7,5.234298104749645
04,2026-09-26,1,2026-10-03,wk inc covid hosp,quantile,0.7,102.92811758366803
05,2026-09-26,1,2026-10-03,wk inc covid hosp,quantile,0.7,19.710414333818118
06,2026-09-26,1,2026-10-03,wk inc covid hosp,quantile,0.7,1170.611055078254
08,2026-09-26,1,2026-10-03,wk inc covid hosp,quantile,0.7,45.50271436461375
09,2026-09-26,1,2026-10-03,wk inc covid hosp,quantile,0.7,40.173245000424416
10,2026-09-26,1,2026-10-03,wk inc covid hosp,quantile,0.7,10.36328857345809
11,2026-09-26,1,2026-10-03,wk inc covid hosp,quantile,0.7,9.102700449383168
12,2026-09-26,1,2026-10-03,wk inc covid hosp,quantile,0.7,649.0403843884467
13,2026-09-26,1,2026-10-03,wk inc covid hosp,quantile,0.7,124.82885479443038
15,2026-09-26,1,2026-10-03,wk inc covid hosp,quantile,0.7,49.14719194409982
16,2026-09-26,1,2026-10-03,wk inc covid hosp,quantile,0.7,17.27236183219661
17,2026-09-26,1,2026-10-03,wk inc covid hosp,quantile,0.7,87.45558613885837
18,2026-09-26,1,2026-10-03,wk inc covid hosp,quantile,0.7,41.91312367241028
19,2026-09-26,1,2026-10-03,wk inc covid hosp,quantile,0.7,24.517575957108352
20,2026-09-26,1,2026-10-03,wk inc covid hosp,quantile,0.7,11.937943392643824
21,2026-09-26,1,2026-10-03,wk inc covid hosp,quantile,0.7,32.90976178501184
22,2026-09-26,1,2026-10-03,wk inc covid hosp,quantile,0.7,96.00225819120985
23,2026-09-26,1,2026-10-03,wk inc covid hosp,quantile,0.7,1.8246606763445408
24,2026-09-26,1,2026-10-03,wk inc covid hosp,quantile,0.7,52.72307891793104
25,2026-09-26,1,2026-10-03,wk inc covid hosp,quantile,0.7,45.24069618775322
26,2026-09-26,1,2026-10-03,wk inc covid hosp,quantile,0.7,73.33113784622931
27,2026-09-26,1,2026-10-03,wk inc covid hosp,quantile,0.7,39.12215696818804
28,2026-09-26,1,2026-10-03,wk inc covid hosp,quantile,0.7,41.10569862327276
29,2026-09-26,1,2026-10-03,wk inc covid hosp,quantile,0.7,59.76000999526743
30,2026-09-26,1,2026-10-03,wk inc covid hosp,quantile,0.7,16.55758071284554
31,2026-09-26,1,2026-10-03,wk inc covid hosp,quantile,0.7,8.443251252985439
32,2026-09-26,1,2026-10-03,wk inc covid hosp,quantile,0.7,47.82493652397533
33,2026-09-26,1,2026-10-03,wk inc covid hosp,quantile,0.7,4.631527558252317
34,2026-09-26,1,2026-10-03,wk inc covid hosp,quantile,0.7,170.78710201692653
35,2026-09-26,1,2026-10-03,wk inc covid hosp,quantile,0.7,18.96027215076796
36,2026-09-26,1,2026-10-03,wk inc covid hosp,quantile,0.7,358.1349089664902
37,2026-09-26,1,2026-10-03,wk inc covid hosp,quantile,0.7,265.4859573878676
38,2026-09-26,1,2026-10-03,wk inc covid hosp,quantile,0.7,2.634553070250044
39,2026-09-26,1,2026-10-03,wk inc covid hosp,quantile,0.7,91.99849507985783
40,2026-09-26,1,2026-10-03,wk inc covid hosp,quantile,0.7,33.13228212001047
41,2026-09-26,1,2026-10-03,wk inc covid hosp,quantile,0.7,57.177671969699404
42,2026-09-26,1,2026-10-03,wk inc covid hosp,quantile,0.7,213.3806545666855
44,2026-09-26,1,2026-10-03,wk inc covid hosp,quantile,0.7,20.5517538877359
45,2026-09-26,1,2026-10-03,wk inc covid hosp,quantile,0.7,77.90226105095138
46,2026-09-26,1,2026-10-03,wk inc covid hosp,quantile,0.7,8.433247304689322
47,2026-09-26,1,2026-10-03,wk inc covid hosp,quantile,0.7,103.47124790740389
48,2026-09-26,1,2026-10-03,wk inc covid hosp,quantile,0.7,447.7408840518792
49,2026-09-26,1,2026-10-03,wk inc covid hosp,quantile,0.7,34.956859594526385
50,2026-09-26,1,2026-10-03,wk inc covid hosp,quantile,0.7,5.94800126738599
51,2026-09-26,1,2026-10-03,wk inc covid hosp,quantile,0.7,72.84778007463302
53,2026-09-26,1,2026-10-03,wk inc covid hosp,quantile,0.7,173.21939535203285
54,2026-09-26,1,2026-10-03,wk inc covid hosp,quantile,0.7,20.646299055592745
55,2026-09-26,1,2026-10-03,wk inc covid hosp,quantile,0.7,33.90396914364688
56,2026-09-26,1,2026-10-03,wk inc covid hosp,quantile,0.7,1.7945963680999568
72,2026-09-26,1,2026-10-03,wk inc covid hosp,quantile,0.7,114.95161332031046
US,2026-09-26,1,2026-10-03,wk inc covid hosp,quantile,0.7,5733.288517726517
01,2026-09-26,2,2026-10-10,wk inc covid hosp,quantile,0.7,121.89215184292462
02,2026-09-26,2,2026-10-10,wk inc covid hosp,quantile,0.7,5.47114730166799
04,2026-09-26,2,2026-10-10,wk inc covid hosp,quantile,0.7,110.79097273003873
05,2026-09-26,2,2026-10-10,wk inc covid hosp,quantile,0.7,22.293055154770407
06,2026-09-26,2,2026-10-10,wk inc covid hosp,quantile,0.7,1164.2648395718347
08,2026-09-26,2,2026-10-10,wk inc covid hosp,quantile,0.7,51.33510422070813
09,2026-09-26,2,2026-10-10,wk inc covid hosp,quantile,0.7,43.63838879512672
10,2026-09-26,2,2026-10-10,wk inc covid hosp,quantile,0.7,10.965996818826346
11,2026-09-26,2,2026-10-10,wk inc covid hosp,quantile,0.7,10.073357327705766
12,2026-09-26,2,2026-10-10,wk inc covid hosp,quantile,0.7,646.3638412572965
13,2026-09-26,2,2026-10-10,wk inc covid hosp,quantile,0.7,130.21336798428254
15,2026-09-26,2,2026-10-10,wk inc covid hosp,quantile,0.7,50.27911704366413
16,2026-09-26,2,2026-10-10,wk inc covid hosp,quantile,0.7,19.239804267164473
17,2026-09-26,2,2026-10-10,wk inc covid hosp,quantile,0.7,102.44043128731698
18,2026-09-26,2,2026-10-10,wk inc covid hosp,quantile,0.7,50.10908543901792
19,2026-09-26,2,2026-10-10,wk inc covid hosp,quantile,0.7,27.723004276486737
20,2026-09-26,2,2026-10-10,wk inc covid hosp,quantile,0.7,14.337021761787966
21,2026-09-26,2,2026-10-10,wk inc covid hosp,quantile,0.7,37.806359256788696
22,2026-09-26,2,2026-10-10,wk inc covid hosp,quantile,0.7,97.87422142874753
23,2026-09-26,2,2026-10-10,wk inc covid hosp,quantile,0.7,2.2622871063134693
24,2026-09-26,2,2026-10-10,wk inc covid hosp,quantile,0.7,61.801924512403076
25,2026-09-26,2,2026-10-10,wk inc covid hosp,quantile,0.7,53.37938829422648
26,2026-09-26,2,2026-10-10,wk inc covid hosp,quantile,0.7,76.32279514706296
27,2026-09-26,2,2026-10-10,wk inc covid hosp,quantile,0.7,46.37768444194924
28,2026-09-26,2,2026-10-10,wk inc covid hosp,quantile,0.7,43.536718636772065
29,2026-09-26,2,2026-10-10,wk inc covid hosp,quantile,0.7,69.0518157926589
30,2026-09-26,2,2026-10-10,wk inc covid hosp,quantile,0.7,18.391468108338017
31,2026-09-26,2,2026-10-10,wk inc covid hosp,quantile,0.7,9.152945912155785
32,2026-09-26,2,2026-10-10,wk inc covid hosp,quantile,0.7,52.33415877521606
33,2026-09-26,2,2026-10-10,wk inc covid hosp,quantile,0.7,4.619007218729961
34,2026-09-26,2,2026-10-10,wk inc covid hosp,quantile,0.7,187.19192932091522
35,2026-09-26,2,2026-10-10,wk inc covid hosp,quantile,0.7,21.141016815332076
36,2026-09-26,2,2026-10-10,wk inc covid hosp,quantile,0.7,398.27879616741654
37,2026-09-26,2,2026-10-10,wk inc covid hosp,quantile,0.7,278.75384653746573
38,2026-09-26,2,2026-10-10,wk inc covid hosp,quantile,0.7,3.059438241249299
39,2026-09-26,2,2026-10-10,wk inc covid hosp,quantile,0.7,100.19116163871155
40,2026-09-26,2,2026-10-10,wk inc covid hosp,quantile,0.7,37.94586755593819
41,2026-09-26,2,2026-10-10,wk inc covid hosp,quantile,0.7,64.3745931813137
42,2026-09-26,2,2026-10-10,wk inc covid hosp,quantile,0.7,244.45245948653096
44,2026-09-26,2,2026-10-10,wk inc covid hosp,quantile,0.7,22.424735768749407
45,2026-09-26,2,2026-10-10,wk inc covid hosp,quantile,0.7,82.34505857937532
46,2026-09-26,2,2026-10-10,wk inc covid hosp,quantile,0.7,9.435412576063541
47,2026-09-26,2,2026-10-10,wk inc covid hosp,quantile,0.7,115.16543573342729
48,2026-09-26,2,2026-10-10,wk inc covid hosp,quantile,0.7,457.87042226360245
49,2026-09-26,2,2026-10-10,wk inc covid hosp,quantile,0.7,38.89876302521339
50,2026-09-26,2,2026-10-10,wk inc covid hosp,quantile,0.7,6.2946894125005315
51,2026-09-26,2,2026-10-10,wk inc covid hosp,quantile,0.7,84.4537497193548
53,2026-09-26,2,2026-10-10,wk inc covid hosp,quantile,0.7,180.21603417384387
54,2026-09-26,2,2026-10-10,wk inc covid hosp,quantile,0.7,22.93894942760929
55,2026-09-26,2,2026-10-10,wk inc covid hosp,quantile,0.7,39.37389423967979
56,2026-09-26,2,2026-10-10,wk inc covid hosp,quantile,0.7,2.3688250486932234
72,2026-09-26,2,2026-10-10,wk inc covid hosp,quantile,0.7,112.23349077440089
US,2026-09-26,2,2026-10-10,wk inc covid hosp,quantile,0.7,6354.30927657395
01,2026-09-26,3,2026-10-17,wk inc covid hosp,quantile,0.7,120.84590650308866
02,2026-09-26,3,2026-10-17,wk inc covid hosp,quantile,0.7,5.669609704334279
04,2026-09-26,3,2026-10-17,wk inc covid hosp,quantile,0.7,116.32718205479976
05,2026-09-26,3,2026-10-17,wk inc covid hosp,quantile,0.7,23.313050157511988
06,2026-09-26,3,2026-10-17,wk inc covid hosp,quantile,0.7,1164.4557549438914
08,2026-09-26,3,2026-10-17,wk inc covid hosp,quantile,0.7,54.64963810625131
09,2026-09-26,3,2026-10-17,wk inc covid hosp,quantile,0.7,46.164043407975875
10,2026-09-26,3,2026-10-17,wk inc covid hosp,quantile,0.7,11.372340754597873
11,2026-09-26,3,2026-10-17,wk inc covid hosp,quantile,0.7,10.664409517472896
12,2026-09-26,3,2026-10-17,wk inc covid hosp,quantile,0.7,642.4077265959406
13,2026-09-26,3,2026-10-17,wk inc covid hosp,quantile,0.7,132.1087257372159
15,2026-09-26,3,2026-10-17,wk inc covid hosp,quantile,0.7,50.06832489437949
16,2026-09-26,3,2026-10-17,wk inc covid hosp,quantile,0.7,20.225810635986758
17,2026-09-26,3,2026-10-17,wk inc covid hosp,quantile,0.7,109.50228475243289
18,2026-09-26,3,2026-10-17,wk inc covid hosp,quantile,0.7,53.40610987031236
19,2026-09-26,3,2026-10-17,wk inc covid hosp,quantile,0.7,29.319345940080602
20,2026-09-26,3,2026-10-17,wk inc covid hosp,quantile,0.7,14.998755690059578
21,2026-09-26,3,2026-10-17,wk inc covid hosp,quantile,0.7,39.62246617314096
22,2026-09-26,3,2026-10-17,wk inc covid hosp,quantile,0.7,97.709551530656
23,2026-09-26,3,2026-10-17,wk inc covid hosp,quantile,0.7,2.6038153036468996
24,2026-09-26,3,2026-10-17,wk inc covid hosp,quantile,0.7,66.254558625066
25,2026-09-26,3,2026-10-17,wk inc covid hosp,quantile,0.7,58.16204853785838
26,2026-09-26,3,2026-10-17,wk inc covid hosp,quantile,0.7,82.79990858805752
27,2026-09-26,3,2026-10-17,wk inc covid hosp,quantile,0.7,49.03372158604409
28,2026-09-26,3,2026-10-17,wk inc covid hosp,quantile,0.7,44.39195492087296
29,2026-09-26,3,2026-10-17,wk inc covid hosp,quantile,0.7,72.90490355434838
30,2026-09-26,3,2026-10-17,wk inc covid hosp,quantile,0.7,19.46893097595529
31,2026-09-26,3,2026-10-17,wk inc covid hosp,quantile,0.7,9.533939128702766
32,2026-09-26,3,2026-10-17,wk inc covid hosp,quantile,0.7,53.31360071859433
33,2026-09-26,3,2026-10-17,wk inc covid hosp,quantile,0.7,4.853702292915344
34,2026-09-26,3,2026-10-17,wk inc covid hosp,quantile,0.7,202.94511592693078
35,2026-09-26,3,2026-10-17,wk inc covid hosp,quantile,0.7,21.48839834259976
36,2026-09-26,3,2026-10-17,wk inc covid hosp,quantile,0.7,431.75394591737756
37,2026-09-26,3,2026-10-17,wk inc covid hosp,quantile,0.7,280.0868602113057
38,2026-09-26,3,2026-10-17,wk inc covid hosp,quantile,0.7,3.245922928748047
39,2026-09-26,3,2026-10-17,wk inc covid hosp,quantile,0.7,110.07088923691055
40,2026-09-26,3,2026-10-17,wk inc covid hosp,quantile,0.7,40.92822237606448
41,2026-09-26,3,2026-10-17,wk inc covid hosp,quantile,0.7,67.7299485658058
42,2026-09-26,3,2026-10-17,wk inc covid hosp,quantile,0.7,259.59713097760647
44,2026-09-26,3,2026-10-17,wk inc covid hosp,quantile,0.7,23.491525477096214
45,2026-09-26,3,2026-10-17,wk inc covid hosp,quantile,0.7,88.26948935745726
46,2026-09-26,3,2026-10-17,wk inc covid hosp,quantile,0.7,9.847982092636702
47,2026-09-26,3,2026-10-17,wk inc covid hosp,quantile,0.7,120.96052991425107
48,2026-09-26,3,2026-10-17,wk inc covid hosp,quantile,0.7,461.18371525003397
49,2026-09-26,3,2026-10-17,wk inc covid hosp,quantile,0.7,41.026800323033
50,2026-09-26,3,2026-10-17,wk inc covid hosp,quantile,0.7,6.270918070422002
51,2026-09-26,3,2026-10-17,wk inc covid hosp,quantile,0.7,89.77914821332956
53,2026-09-26,3,2026-10-17,wk inc covid hosp,quantile,0.7,186.1519493321995
54,2026-09-26,3,2026-10-17,wk inc covid hosp,quantile,0.7,24.215361885357737
55,2026-09-26,3,2026-10-17,wk inc covid hosp,quantile,0.7,39.325017749777956
56,2026-09-26,3,2026-10-17,wk inc covid hosp,quantile,0.7,2.272453511711882
72,2026-09-26,3,2026-10-17,wk inc covid hosp,quantile,0.7,111.78028568521715
US,2026-09-26,3,2026-10-17,wk inc covid hosp,quantile,0.7,6533.399434574188
01,2026-09-26,0,2026-09-26,wk inc covid hosp,quantile,0.75,120.09548491606006
02,2026-09-26,0,2026-09-26,wk inc covid hosp,quantile,0.75,4.525768679030767
04,2026-09-26,0,2026-09-26,wk inc covid hosp,quantile,0.75,95.84314895058455
05,2026-09-26,0,2026-09-26,wk inc covid hosp,quantile,0.75,21.34585165757023
06,2026-09-26,0,2026-09-26,wk inc covid hosp,quantile,0.75,1151.0112643088019
08,2026-09-26,0,2026-09-26,wk inc covid hosp,quantile,0.75,42.03620511701137
09,2026-09-26,0,2026-09-26,wk inc covid hosp,quantile,0.75,41.246144042473695
10,2026-09-26,0,2026-09-26,wk inc covid hosp,quantile,0.75,9.733048969438334
11,2026-09-26,0,2026-09-26,wk inc covid hosp,quantile,0.75,7.486775881961981
12,2026-09-26,0,2026-09-26,wk inc covid hosp,quantile,0.75,663.335754230242
13,2026-09-26,0,2026-09-26,wk inc covid hosp,quantile,0.75,123.18932779049779
15,2026-09-26,0,2026-09-26,wk inc covid hosp,quantile,0.75,48.196172198957186
16,2026-09-26,0,2026-09-26,wk inc covid hosp,quantile,0.75,15.817574908557264
17,2026-09-26,0,2026-09-26,wk inc covid hosp,quantile,0.75,81.00190666990083
18,2026-09-26,0,2026-09-26,wk inc covid hosp,quantile,0.75,35.84502306279014
19,2026-09-26,0,2026-09-26,wk inc covid hosp,quantile,0.75,21.82693393254436
20,2026-09-26,0,2026-09-26,wk inc covid hosp,quantile,0.75,11.705608192476271
21,2026-09-26,0,2026-09-26,wk inc covid hosp,quantile,0.75,29.71094491060553
22,2026-09-26,0,2026-09-26,wk inc covid hosp,quantile,0.75,100.13593807367455
23,2026-09-26,0,2026-09-26,wk inc covid hosp,quantile,0.75,2.3126371536880703
24,2026-09-26,0,2026-09-26,wk inc covid hosp,quantile,0.75,45.42597969407014
25,2026-09-26,0,2026-09-26,wk inc covid hosp,quantile,0.75,46.19730098758995
26,2026-09-26,0,2026-09-26,wk inc covid hosp,quantile,0.75,67.03062651209537
27,2026-09-26,0,2026-09-26,wk inc covid hosp,quantile,0.75,35.73833072865763
28,2026-09-26,0,2026-09-26,wk inc covid hosp,quantile,0.75,40.723739249013754
29,2026-09-26,0,2026-09-26,wk inc covid hosp,quantile,0.75,50.822347821767266
30,2026-09-26,0,2026-09-26,wk inc covid hosp,quantile,0.75,15.411025698558058
31,2026-09-26,0,2026-09-26,wk inc covid hosp,quantile,0.75,8.626326868629999
32,2026-09-26,0,2026-09-26,wk inc covid hosp,quantile,0.75,46.60692181595804
33,2026-09-26,0,2026-09-26,wk inc covid hosp,quantile,0.75,4.397928893847331
34,2026-09-26,0,2026-09-26,wk inc covid hosp,quantile,0.75,157.69224579696422
35,2026-09-26,0,2026-09-26,wk inc covid hosp,quantile,0.75,16.206384073369936
36,2026-09-26,0,2026-09-26,wk inc covid hosp,quantile,0.75,314.9846728490714
37,2026-09-26,0,2026-09-26,wk inc covid hosp,quantile,0.75,259.0789396038691
38,2026-09-26,0,2026-09-26,wk inc covid hosp,quantile,0.75,2.46024816368956
39,2026-09-26,0,2026-09-26,wk inc covid hosp,quantile,0.75,77.65124986397275
40,2026-09-26,0,2026-09-26,wk inc covid hosp,quantile,0.75,30.497874920967483
41,2026-09-26,0,2026-09-26,wk inc covid hosp,quantile,0.75,51.97714392980055
42,2026-09-26,0,2026-09-26,wk inc covid hosp,quantile,0.75,189.09259519009055
44,2026-09-26,0,2026-09-26,wk inc covid hosp,quantile,0.75,19.500094725241524
45,2026-09-26,0,2026-09-26,wk inc covid hosp,quantile,0.75,74.69907583695137
46,2026-09-26,0,2026-09-26,wk inc covid hosp,quantile,0.75,7.67848440546094
47,2026-09-26,0,2026-09-26,wk inc covid hosp,quantile,0.75,95.49021709135738
48,2026-09-26,0,2026-09-26,wk inc covid hosp,quantile,0.75,464.28547613498716
49,2026-09-26,0,2026-09-26,wk inc covid hosp,quantile,0.75,31.30260870566086
50,2026-09-26,0,2026-09-26,wk inc covid hosp,quantile,0.75,5.128217352273397
51,2026-09-26,0,2026-09-26,wk inc covid hosp,quantile,0.75,65.45860188154238
53,2026-09-26,0,2026-09-26,wk inc covid hosp,quantile,0.75,169.2342193586647
54,2026-09-26,0,2026-09-26,wk inc covid hosp,quantile,0.75,20.344684433667428
55,2026-09-26,0,2026-09-26,wk inc covid hosp,quantile,0.75,31.867181800877052
56,2026-09-26,0,2026-09-26,wk inc covid hosp,quantile,0.75,2.0825230968296276
72,2026-09-26,0,2026-09-26,wk inc covid hosp,quantile,0.75,120.39567813773215
US,2026-09-26,0,2026-09-26,wk inc covid hosp,quantile,0.75,5173.419328703029
01,2026-09-26,1,2026-10-03,wk inc covid hosp,quantile,0.75,124.6837911263789
02,2026-09-26,1,2026-10-03,wk inc covid hosp,quantile,0.75,5.3801271095474235
04,2026-09-26,1,2026-10-03,wk inc covid hosp,quantile,0.75,108.71504637820463
05,2026-09-26,1,2026-10-03,wk inc covid hosp,quantile,0.75,22.71956449774422
06,2026-09-26,1,2026-10-03,wk inc covid hosp,quantile,0.75,1187.5874906750378
08,2026-09-26,1,2026-10-03,wk inc covid hosp,quantile,0.75,47.657285226561456
09,2026-09-26,1,2026-10-03,wk inc covid hosp,quantile,0.75,43.82403461917836
10,2026-09-26,1,2026-10-03,wk inc covid hosp,quantile,0.75,11.688120768223506
11,2026-09-26,1,2026-10-03,wk inc covid hosp,quantile,0.75,9.659848377443211
12,2026-09-26,1,2026-10-03,wk inc covid hosp,quantile,0.75,664.3151579838227
13,2026-09-26,1,2026-10-03,wk inc covid hosp,quantile,0.75,125.69035677127638
15,2026-09-26,1,2026-10-03,wk inc covid hosp,quantile,0.75,51.66018313001637
16,2026-09-26,1,2026-10-03,wk inc covid hosp,quantile,0.75,18.101280104534208
17,2026-09-26,1,2026-10-03,wk inc covid hosp,quantile,0.75,92.82823680112178
18,2026-09-26,1,2026-10-03,wk inc covid hosp,quantile,0.75,42.642115217052044
19,2026-09-26,1,2026-10-03,wk inc covid hosp,quantile,0.75,24.86492367740081
20,2026-09-26,1,2026-10-03,wk inc covid hosp,quantile,0.75,13.274643370031535
21,2026-09-26,1,2026-10-03,wk inc covid hosp,quantile,0.75,35.00230062800244
22,2026-09-26,1,2026-10-03,wk inc covid hosp,quantile,0.75,101.43483208865777
23,2026-09-26,1,2026-10-03,wk inc covid hosp,quantile,0.75,2.713653652158
24,2026-09-26,1,2026-10-03,wk inc covid hosp,quantile,0.75,55.143630271061525
25,2026-09-26,1,2026-10-03,wk inc covid hosp,quantile,0.75,50.059241031825266
26,2026-09-26,1,2026-10-03,wk inc covid hosp,quantile,0.75,76.41647021586111
27,2026-09-26,1,2026-10-03,wk inc covid hosp,quantile,0.75,41.17451438025607
28,2026-09-26,1,2026-10-03,wk inc covid hosp,quantile,0.75,43.178815850632965
29,2026-09-26,1,2026-10-03,wk inc covid hosp,quantile,0.75,61.06597872498109
30,2026-09-26,1,2026-10-03,wk inc covid hosp,quantile,0.75,17.64492233789916
31,2026-09-26,1,2026-10-03,wk inc covid hosp,quantile,0.75,9.858111748887097
32,2026-09-26,1,2026-10-03,wk inc covid hosp,quantile,0.75,52.24777671808048
33,2026-09-26,1,2026-10-03,wk inc covid hosp,quantile,0.75,4.736001311115524
34,2026-09-26,1,2026-10-03,wk inc covid hosp,quantile,0.75,175.64461690851576
35,2026-09-26,1,2026-10-03,wk inc covid hosp,quantile,0.75,19.841886245571313
36,2026-09-26,1,2026-10-03,wk inc covid hosp,quantile,0.75,359.87379132471085
37,2026-09-26,1,2026-10-03,wk inc covid hosp,quantile,0.75,283.9249402096246
38,2026-09-26,1,2026-10-03,wk inc covid hosp,quantile,0.75,2.904672631872197
39,2026-09-26,1,2026-10-03,wk inc covid hosp,quantile,0.75,93.14116257007498
40,2026-09-26,1,2026-10-03,wk inc covid hosp,quantile,0.75,35.386002900172095
41,2026-09-26,1,2026-10-03,wk inc covid hosp,quantile,0.75,62.74367575907442
42,2026-09-26,1,2026-10-03,wk inc covid hosp,quantile,0.75,215.69090386014028
44,2026-09-26,1,2026-10-03,wk inc covid hosp,quantile,0.75,20.96257982377532
45,2026-09-26,1,2026-10-03,wk inc covid hosp,quantile,0.75,79.76865826608666
46,2026-09-26,1,2026-10-03,wk inc covid hosp,quantile,0.75,8.539040111554485
47,2026-09-26,1,2026-10-03,wk inc covid hosp,quantile,0.75,106.73288791584356
48,2026-09-26,1,2026-10-03,wk inc covid hosp,quantile,0.75,464.3376126604353
49,2026-09-26,1,2026-10-03,wk inc covid hosp,quantile,0.75,36.9158373762567
50,2026-09-26,1,2026-10-03,wk inc covid hosp,quantile,0.75,6.055480658906159
51,2026-09-26,1,2026-10-03,wk inc covid hosp,quantile,0.75,74.13744426363566
53,2026-09-26,1,2026-10-03,wk inc covid hosp,quantile,0.75,182.44814669546545
54,2026-09-26,1,2026-10-03,wk inc covid hosp,quantile,0.75,21.574250448927135
55,2026-09-26,1,2026-10-03,wk inc covid hosp,quantile,0.75,35.4635333915798
56,2026-09-26,1,2026-10-03,wk inc covid hosp,quantile,0.75,2.347144617395196
72,2026-09-26,1,2026-10-03,wk inc covid hosp,quantile,0.75,120.57357359551905
US,2026-09-26,1,2026-10-03,wk inc covid hosp,quantile,0.75,5747.434531101179
01,2026-09-26,2,2026-10-10,wk inc covid hosp,quantile,0.75,127.49442659561092
02,2026-09-26,2,2026-10-10,wk inc covid hosp,quantile,0.75,5.9646702750676
04,2026-09-26,2,2026-10-10,wk inc covid hosp,quantile,0.75,121.94445839035002
05,2026-09-26,2,2026-10-10,wk inc covid hosp,quantile,0.75,24.548271486909375
06,2026-09-26,2,2026-10-10,wk inc covid hosp,quantile,0.75,1186.4595861749287
08,2026-09-26,2,2026-10-10,wk inc covid hosp,quantile,0.75,53.701059689555066
09,2026-09-26,2,2026-10-10,wk inc covid hosp,quantile,0.75,48.4500347841395
10,2026-09-26,2,2026-10-10,wk inc covid hosp,quantile,0.75,12.714115043072269
11,2026-09-26,2,2026-10-10,wk inc covid hosp,quantile,0.75,11.841410199682988
12,2026-09-26,2,2026-10-10,wk inc covid hosp,quantile,0.75,659.8566909303929
13,2026-09-26,2,2026-10-10,wk inc covid hosp,quantile,0.75,132.5050063948349
15,2026-09-26,2,2026-10-10,wk inc covid hosp,quantile,0.75,51.359375880408486
16,2026-09-26,2,2026-10-10,wk inc covid hosp,quantile,0.75,19.877747886731076
17,2026-09-26,2,2026-10-10,wk inc covid hosp,quantile,0.75,107.43329084248263
18,2026-09-26,2,2026-10-10,wk inc covid hosp,quantile,0.75,51.12653407908495
19,2026-09-26,2,2026-10-10,wk inc covid hosp,quantile,0.75,29.639811571082006
20,2026-09-26,2,2026-10-10,wk inc covid hosp,quantile,0.75,15.017734256291122
21,2026-09-26,2,2026-10-10,wk inc covid hosp,quantile,0.75,39.381364440455364
22,2026-09-26,2,2026-10-10,wk inc covid hosp,quantile,0.75,103.10101066723556
23,2026-09-26,2,2026-10-10,wk inc covid hosp,quantile,0.75,3.0199248779162002
24,2026-09-26,2,2026-10-10,wk inc covid hosp,quantile,0.75,64.89225848508113
25,2026-09-26,2,2026-10-10,wk inc covid hosp,quantile,0.75,56.550738489271424
26,2026-09-26,2,2026-10-10,wk inc covid hosp,quantile,0.75,81.28440952904411
27,2026-09-26,2,2026-10-10,wk inc covid hosp,quantile,0.75,47.66665701566016
28,2026-09-26,2,2026-10-10,wk inc covid hosp,quantile,0.75,44.04785821145733
29,2026-09-26,2,2026-10-10,wk inc covid hosp,quantile,0.75,71.0440262504153
30,2026-09-26,2,2026-10-10,wk inc covid hosp,quantile,0.75,19.924702107998154
31,2026-09-26,2,2026-10-10,wk inc covid hosp,quantile,0.75,10.681754926425167
32,2026-09-26,2,2026-10-10,wk inc covid hosp,quantile,0.75,56.404250856991744
33,2026-09-26,2,2026-10-10,wk inc covid hosp,quantile,0.75,5.0413453373105686
34,2026-09-26,2,2026-10-10,wk inc covid hosp,quantile,0.75,198.4957398833596
35,2026-09-26,2,2026-10-10,wk inc covid hosp,quantile,0.75,22.09478830524053
36,2026-09-26,2,2026-10-10,wk inc covid hosp,quantile,0.75,411.45406696012407
37,2026-09-26,2,2026-10-10,wk inc covid hosp,quantile,0.75,295.0408043386995
38,2026-09-26,2,2026-10-10,wk inc covid hosp,quantile,0.75,3.374505632755056
39,2026-09-26,2,2026-10-10,wk inc covid hosp,quantile,0.75,107.13609050424266
40,2026-09-26,2,2026-10-10,wk inc covid hosp,quantile,0.75,40.006555663174915
41,2026-09-26,2,2026-10-10,wk inc covid hosp,quantile,0.75,69.4358541557021
42,2026-09-26,2,2026-10-10,wk inc covid hosp,quantile,0.75,247.28612125932864
44,2026-09-26,2,2026-10-10,wk inc covid hosp,quantile,0.75,23.699311574010686
45,2026-09-26,2,2026-10-10,wk inc covid hosp,quantile,0.75,86.09925117623187
46,2026-09-26,2,2026-10-10,wk inc covid hosp,quantile,0.75,9.801931579068512
47,2026-09-26,2,2026-10-10,wk inc covid hosp,quantile,0.75,121.33220189555897
48,2026-09-26,2,2026-10-10,wk inc covid hosp,quantile,0.75,469.72163718919217
49,2026-09-26,2,2026-10-10,wk inc covid hosp,quantile,0.75,41.70249022257145
50,2026-09-26,2,2026-10-10,wk inc covid hosp,quantile,0.75,6.692635767502306
51,2026-09-26,2,2026-10-10,wk inc covid hosp,quantile,0.75,85.3470020905157
53,2026-09-26,2,2026-10-10,wk inc covid hosp,quantile,0.75,190.1797553527201
54,2026-09-26,2,2026-10-10,wk inc covid hosp,quantile,0.75,23.12360040524557
55,2026-09-26,2,2026-10-10,wk inc covid hosp,quantile,0.75,41.05613421645069
56,2026-09-26,2,2026-10-10,wk inc covid hosp,quantile,0.75,2.417200811110931
72,2026-09-26,2,2026-10-10,wk inc covid hosp,quantile,0.75,120.64870419305397
US,2026-09-26,2,2026-10-10,wk inc covid hosp,quantile,0.75,6370.833561926363
01,2026-09-26,3,2026-10-17,wk inc covid hosp,quantile,0.75,128.1407397949298
02,2026-09-26,3,2026-10-17,wk inc covid hosp,quantile,0.75,6.092964668089852
04,2026-09-26,3,2026-10-17,wk inc covid hosp,quantile,0.75,129.7000061208457
05,2026-09-26,3,2026-10-17,wk inc covid hosp,quantile,0.75,25.86914292011833
06,2026-09-26,3,2026-10-17,wk inc covid hosp,quantile,0.75,1197.7925126719997
08,2026-09-26,3,2026-10-17,wk inc covid hosp,quantile,0.75,57.87406347211797
09,2026-09-26,3,2026-10-17,wk inc covid hosp,quantile,0.75,52.06455349526194
10,2026-09-26,3,2026-10-17,wk inc covid hosp,quantile,0.75,13.290545001147533
11,2026-09-26,3,2026-10-17,wk inc covid hosp,quantile,0.75,12.419280710481242
12,2026-09-26,3,2026-10-17,wk inc covid hosp,quantile,0.75,659.079490581499
13,2026-09-26,3,2026-10-17,wk inc covid hosp,quantile,0.75,140.11066085235638
15,2026-09-26,3,2026-10-17,wk inc covid hosp,quantile,0.75,54.38964742014137
16,2026-09-26,3,2026-10-17,wk inc covid hosp,quantile,0.75,21.384264728606475
17,2026-09-26,3,2026-10-17,wk inc covid hosp,quantile,0.75,119.95950121783024
18,2026-09-26,3,2026-10-17,wk inc covid hosp,quantile,0.75,54.87411728756911
19,2026-09-26,3,2026-10-17,wk inc covid hosp,quantile,0.75,32.047883192363166
20,2026-09-26,3,2026-10-17,wk inc covid hosp,quantile,0.75,16.85007246465276
21,2026-09-26,3,2026-10-17,wk inc covid hosp,quantile,0.75,41.842459347666455
22,2026-09-26,3,2026-10-17,wk inc covid hosp,quantile,0.75,103.15379579064964
23,2026-09-26,3,2026-10-17,wk inc covid hosp,quantile,0.75,3.375812816600664
24,2026-09-26,3,2026-10-17,wk inc covid hosp,quantile,0.75,71.1413802747754
25,2026-09-26,3,2026-10-17,wk inc covid hosp,quantile,0.75,59.99753999179271
26,2026-09-26,3,2026-10-17,wk inc covid hosp,quantile,0.75,88.04070295219672
27,2026-09-26,3,2026-10-17,wk inc covid hosp,quantile,0.75,53.13966279418505
28,2026-09-26,3,2026-10-17,wk inc covid hosp,quantile,0.75,44.6666541145878
29,2026-09-26,3,2026-10-17,wk inc covid hosp,quantile,0.75,76.58646179608894
30,2026-09-26,3,2026-10-17,wk inc covid hosp,quantile,0.75,21.22506537683303
31,2026-09-26,3,2026-10-17,wk inc covid hosp,quantile,0.75,11.966266942264584
32,2026-09-26,3,2026-10-17,wk inc covid hosp,quantile,0.75,58.93949156397637
33,2026-09-26,3,2026-10-17,wk inc covid hosp,quantile,0.75,4.867638376035926
34,2026-09-26,3,2026-10-17,wk inc covid hosp,quantile,0.75,210.3295581791004
35,2026-09-26,3,2026-10-17,wk inc covid hosp,quantile,0.75,22.19194768925757
36,2026-09-26,3,2026-10-17,wk inc covid hosp,quantile,0.75,447.68416372598
37,2026-09-26,3,2026-10-17,wk inc covid hosp,quantile,0.75,293.44915524684893
38,2026-09-26,3,2026-10-17,wk inc covid hosp,quantile,0.75,3.4529726213267753
39,2026-09-26,3,2026-10-17,wk inc covid hosp,quantile,0.75,118.82789110685692
40,2026-09-26,3,2026-10-17,wk inc covid hosp,quantile,0.75,42.84318430279073
41,2026-09-26,3,2026-10-17,wk inc covid hosp,quantile,0.75,74.19460723067102
42,2026-09-26,3,2026-10-17,wk inc covid hosp,quantile,0.75,265.49169743020275
44,2026-09-26,3,2026-10-17,wk inc covid hosp,quantile,0.75,25.130360591470787
45,2026-09-26,3,2026-10-17,wk inc covid hosp,quantile,0.75,91.83056922143584
46,2026-09-26,3,2026-10-17,wk inc covid hosp,quantile,0.75,10.367938195680804
47,2026-09-26,3,2026-10-17,wk inc covid hosp,quantile,0.75,127.3239471301561
48,2026-09-26,3,2026-10-17,wk inc covid hosp,quantile,0.75,468.8663983092141
49,2026-09-26,3,2026-10-17,wk inc covid hosp,quantile,0.75,45.58245315950536
50,2026-09-26,3,2026-10-17,wk inc covid hosp,quantile,0.75,7.071334227385825
51,2026-09-26,3,2026-10-17,wk inc covid hosp,quantile,0.75,93.11931881372153
53,2026-09-26,3,2026-10-17,wk inc covid hosp,quantile,0.75,197.72385094372927
54,2026-09-26,3,2026-10-17,wk inc covid hosp,quantile,0.75,24.681197995805785
55,2026-09-26,3,2026-10-17,wk inc covid hosp,quantile,0.75,44.971634779046944
56,2026-09-26,3,2026-10-17,wk inc covid hosp,quantile,0.75,2.536620430945822
72,2026-09-26,3,2026-10-17,wk inc covid hosp,quantile,0.75,119.93106422511376
US,2026-09-26,3,2026-10-17,wk inc covid hosp,quantile,0.75,6931.505276661324
01,2026-09-26,0,2026-09-26,wk inc covid hosp,quantile,0.8,125.66900266657774
02,2026-09-26,0,2026-09-26,wk inc covid hosp,quantile,0.8,4.931683236456515
04,2026-09-26,0,2026-09-26,wk inc covid hosp,quantile,0.8,97.3960404678351
05,2026-09-26,0,2026-09-26,wk inc covid hosp,quantile,0.8,22.90400079689751
06,2026-09-26,0,2026-09-26,wk inc covid hosp,quantile,0.8,1190.9415655573137
08,2026-09-26,0,2026-09-26,wk inc covid hosp,quantile,0.8,42.8983380467174
09,2026-09-26,0,2026-09-26,wk inc covid hosp,quantile,0.8,42.768658615116884
10,2026-09-26,0,2026-09-26,wk inc covid hosp,quantile,0.8,9.791719265668965
11,2026-09-26,0,2026-09-26,wk inc covid hosp,quantile,0.8,7.97087393146197
12,2026-09-26,0,2026-09-26,wk inc covid hosp,quantile,0.8,675.8097201895076
13,2026-09-26,0,2026-09-26,wk inc covid hosp,quantile,0.8,126.87701342274298
15,2026-09-26,0,2026-09-26,wk inc covid hosp,quantile,0.8,51.67336699705682
16,2026-09-26,0,2026-09-26,wk inc covid hosp,quantile,0.8,18.589421503801457
17,2026-09-26,0,2026-09-26,wk inc covid hosp,quantile,0.8,83.1326462594398
18,2026-09-26,0,2026-09-26,wk inc covid hosp,quantile,0.8,38.42412629522602
19,2026-09-26,0,2026-09-26,wk inc covid hosp,quantile,0.8,23.011280591441597
20,2026-09-26,0,2026-09-26,wk inc covid hosp,quantile,0.8,13.120200295004166
21,2026-09-26,0,2026-09-26,wk inc covid hosp,quantile,0.8,31.23600512984459
22,2026-09-26,0,2026-09-26,wk inc covid hosp,quantile,0.8,108.36005499243518
23,2026-09-26,0,2026-09-26,wk inc covid hosp,quantile,0.8,2.764981989174843
24,2026-09-26,0,2026-09-26,wk inc covid hosp,quantile,0.8,48.615436104745605
25,2026-09-26,0,2026-09-26,wk inc covid hosp,quantile,0.8,49.33600167175181
26,2026-09-26,0,2026-09-26,wk inc covid hosp,quantile,0.8,71.47926286111263
27,2026-09-26,0,2026-09-26,wk inc covid hosp,quantile,0.8,36.07535767518537
28,2026-09-26,0,2026-09-26,wk inc covid hosp,quantile,0.8,43.397035171158436
29,2026-09-26,0,2026-09-26,wk inc covid hosp,quantile,0.8,52.21028106771846
30,2026-09-26,0,2026-09-26,wk inc covid hosp,quantile,0.8,17.34150798206032
31,2026-09-26,0,2026-09-26,wk inc covid hosp,quantile,0.8,9.911995876234972
32,2026-09-26,0,2026-09-26,wk inc covid hosp,quantile,0.8,47.21174377638646
33,2026-09-26,0,2026-09-26,wk inc covid hosp,quantile,0.8,5.17826652863035
34,2026-09-26,0,2026-09-26,wk inc covid hosp,quantile,0.8,159.50873427143082
35,2026-09-26,0,2026-09-26,wk inc covid hosp,quantile,0.8,20.71674685453492
36,2026-09-26,0,2026-09-26,wk inc covid hosp,quantile,0.8,320.44536290485433
37,2026-09-26,0,2026-09-26,wk inc covid hosp,quantile,0.8,271.51437124668007
38,2026-09-26,0,2026-09-26,wk inc covid hosp,quantile,0.8,2.870016276564977
39,2026-09-26,0,2026-09-26,wk inc covid hosp,quantile,0.8,78.58995782846904
40,2026-09-26,0,2026-09-26,wk inc covid hosp,quantile,0.8,30.99883868629726
41,2026-09-26,0,2026-09-26,wk inc covid hosp,quantile,0.8,53.102016705244
42,2026-09-26,0,2026-09-26,wk inc covid hosp,quantile,0.8,194.6675205517445
44,2026-09-26,0,2026-09-26,wk inc covid hosp,quantile,0.8,19.96047757277389
45,2026-09-26,0,2026-09-26,wk inc covid hosp,quantile,0.8,75.2397942487347
46,2026-09-26,0,2026-09-26,wk inc covid hosp,quantile,0.8,8.282337708597618
47,2026-09-26,0,2026-09-26,wk inc covid hosp,quantile,0.8,99.30526424861495
48,2026-09-26,0,2026-09-26,wk inc covid hosp,quantile,0.8,473.6421979763157
49,2026-09-26,0,2026-09-26,wk inc covid hosp,quantile,0.8,32.99374309922352
50,2026-09-26,0,2026-09-26,wk inc covid hosp,quantile,0.8,5.983310676456609
51,2026-09-26,0,2026-09-26,wk inc covid hosp,quantile,0.8,69.46204744904718
53,2026-09-26,0,2026-09-26,wk inc covid hosp,quantile,0.8,177.17029118604015
54,2026-09-26,0,2026-09-26,wk inc covid hosp,quantile,0.8,22.257505687817968
55,2026-09-26,0,2026-09-26,wk inc covid hosp,quantile,0.8,31.95125396852906
56,2026-09-26,0,2026-09-26,wk inc covid hosp,quantile,0.8,2.363695291420994
72,2026-09-26,0,2026-09-26,wk inc covid hosp,quantile,0.8,123.28150307215678
US,2026-09-26,0,2026-09-26,wk inc covid hosp,quantile,0.8,5198.7685376046475
01,2026-09-26,1,2026-10-03,wk inc covid hosp,quantile,0.8,134.08774327602933
02,2026-09-26,1,2026-10-03,wk inc covid hosp,quantile,0.8,5.891281216897868
04,2026-09-26,1,2026-10-03,wk inc covid hosp,quantile,0.8,110.53907839455275
05,2026-09-26,1,2026-10-03,wk inc covid hosp,quantile,0.8,25.022414368043048
06,2026-09-26,1,2026-10-03,wk inc covid hosp,quantile,0.8,1291.6695974592708
08,2026-09-26,1,2026-10-03,wk inc covid hosp,quantile,0.8,49.496951742805045
09,2026-09-26,1,2026-10-03,wk inc covid hosp,quantile,0.8,48.4491414576436
10,2026-09-26,1,2026-10-03,wk inc covid hosp,quantile,0.8,11.885882035140112
11,2026-09-26,1,2026-10-03,wk inc covid hosp,quantile,0.8,10.034515186782425
12,2026-09-26,1,2026-10-03,wk inc covid hosp,quantile,0.8,697.503639266082
13,2026-09-26,1,2026-10-03,wk inc covid hosp,quantile,0.8,138.69661176629901
15,2026-09-26,1,2026-10-03,wk inc covid hosp,quantile,0.8,53.10046592365597
16,2026-09-26,1,2026-10-03,wk inc covid hosp,quantile,0.8,19.81883880192318
17,2026-09-26,1,2026-10-03,wk inc covid hosp,quantile,0.8,94.13483504265427
18,2026-09-26,1,2026-10-03,wk inc covid hosp,quantile,0.8,44.311234510166926
19,2026-09-26,1,2026-10-03,wk inc covid hosp,quantile,0.8,26.253171944599476
20,2026-09-26,1,2026-10-03,wk inc covid hosp,quantile,0.8,15.760156504207576
21,2026-09-26,1,2026-10-03,wk inc covid hosp,quantile,0.8,36.75287408549835
22,2026-09-26,1,2026-10-03,wk inc covid hosp,quantile,0.8,111.11561478326036
23,2026-09-26,1,2026-10-03,wk inc covid hosp,quantile,0.8,3.1465031790440348
24,2026-09-26,1,2026-10-03,wk inc covid hosp,quantile,0.8,57.652749109247054
25,2026-09-26,1,2026-10-03,wk inc covid hosp,quantile,0.8,52.76883234333038
26,2026-09-26,1,2026-10-03,wk inc covid hosp,quantile,0.8,77.2762182076289
27,2026-09-26,1,2026-10-03,wk inc covid hosp,quantile,0.8,41.50938098240682
28,2026-09-26,1,2026-10-03,wk inc covid hosp,quantile,0.8,45.78585874716954
29,2026-09-26,1,2026-10-03,wk inc covid hosp,quantile,0.8,61.76812469089885
30,2026-09-26,1,2026-10-03,wk inc covid hosp,quantile,0.8,19.87839876608848
31,2026-09-26,1,2026-10-03,wk inc covid hosp,quantile,0.8,10.577682845180268
32,2026-09-26,1,2026-10-03,wk inc covid hosp,quantile,0.8,54.14668006164327
33,2026-09-26,1,2026-10-03,wk inc covid hosp,quantile,0.8,5.240306348050553
34,2026-09-26,1,2026-10-03,wk inc covid hosp,quantile,0.8,177.32221867873508
35,2026-09-26,1,2026-10-03,wk inc covid hosp,quantile,0.8,23.012076092974368
36,2026-09-26,1,2026-10-03,wk inc covid hosp,quantile,0.8,363.8019966045592
37,2026-09-26,1,2026-10-03,wk inc covid hosp,quantile,0.8,296.9429232899929
38,2026-09-26,1,2026-10-03,wk inc covid hosp,quantile,0.8,3.341463307512204
39,2026-09-26,1,2026-10-03,wk inc covid hosp,quantile,0.8,93.87678777666925
40,2026-09-26,1,2026-10-03,wk inc covid hosp,quantile,0.8,36.85001297442569
41,2026-09-26,1,2026-10-03,wk inc covid hosp,quantile,0.8,63.38840530399546
42,2026-09-26,1,2026-10-03,wk inc covid hosp,quantile,0.8,216.89828060983322
44,2026-09-26,1,2026-10-03,wk inc covid hosp,quantile,0.8,22.243015307662215
45,2026-09-26,1,2026-10-03,wk inc covid hosp,quantile,0.8,82.40467765013594
46,2026-09-26,1,2026-10-03,wk inc covid hosp,quantile,0.8,9.73253509666153
47,2026-09-26,1,2026-10-03,wk inc covid hosp,quantile,0.8,109.15216825654676
48,2026-09-26,1,2026-10-03,wk inc covid hosp,quantile,0.8,489.7175056674817
49,2026-09-26,1,2026-10-03,wk inc covid hosp,quantile,0.8,37.91124606836519
50,2026-09-26,1,2026-10-03,wk inc covid hosp,quantile,0.8,7.028341120572173
51,2026-09-26,1,2026-10-03,wk inc covid hosp,quantile,0.8,78.7833815439549
53,2026-09-26,1,2026-10-03,wk inc covid hosp,quantile,0.8,194.97730563211857
54,2026-09-26,1,2026-10-03,wk inc covid hosp,quantile,0.8,24.78448976423679
55,2026-09-26,1,2026-10-03,wk inc covid hosp,quantile,0.8,36.73951225066039
56,2026-09-26,1,2026-10-03,wk inc covid hosp,quantile,0.8,2.707606899036867
72,2026-09-26,1,2026-10-03,wk inc covid hosp,quantile,0.8,122.7222616119205
US,2026-09-26,1,2026-10-03,wk inc covid hosp,quantile,0.8,5843.498868584124
01,2026-09-26,2,2026-10-10,wk inc covid hosp,quantile,0.8,139.07690904481876
02,2026-09-26,2,2026-10-10,wk inc covid hosp,quantile,0.8,6.558937942565763
04,2026-09-26,2,2026-10-10,wk inc covid hosp,quantile,0.8,123.29153326646568
05,2026-09-26,2,2026-10-10,wk inc covid hosp,quantile,0.8,27.480575750531756
06,2026-09-26,2,2026-10-10,wk inc covid hosp,quantile,0.8,1306.0095901247576
08,2026-09-26,2,2026-10-10,wk inc covid hosp,quantile,0.8,55.66955936890626
09,2026-09-26,2,2026-10-10,wk inc covid hosp,quantile,0.8,53.573158635255524
10,2026-09-26,2,2026-10-10,wk inc covid hosp,quantile,0.8,13.706890180085724
11,2026-09-26,2,2026-10-10,wk inc covid hosp,quantile,0.8,12.845435750148841
12,2026-09-26,2,2026-10-10,wk inc covid hosp,quantile,0.8,708.5836168347553
13,2026-09-26,2,2026-10-10,wk inc covid hosp,quantile,0.8,149.89803576718924
15,2026-09-26,2,2026-10-10,wk inc covid hosp,quantile,0.8,54.71198991751987
16,2026-09-26,2,2026-10-10,wk inc covid hosp,quantile,0.8,23.70389955781917
17,2026-09-26,2,2026-10-10,wk inc covid hosp,quantile,0.8,109.14157236722487
18,2026-09-26,2,2026-10-10,wk inc covid hosp,quantile,0.8,54.76648799601811
19,2026-09-26,2,2026-10-10,wk inc covid hosp,quantile,0.8,30.455800145222675
20,2026-09-26,2,2026-10-10,wk inc covid hosp,quantile,0.8,17.149219089442184
21,2026-09-26,2,2026-10-10,wk inc covid hosp,quantile,0.8,42.92698455404073
22,2026-09-26,2,2026-10-10,wk inc covid hosp,quantile,0.8,111.59940378953179
23,2026-09-26,2,2026-10-10,wk inc covid hosp,quantile,0.8,3.5391508455271192
24,2026-09-26,2,2026-10-10,wk inc covid hosp,quantile,0.8,66.61040941016562
25,2026-09-26,2,2026-10-10,wk inc covid hosp,quantile,0.8,58.18599230798398
26,2026-09-26,2,2026-10-10,wk inc covid hosp,quantile,0.8,86.65482054987292
27,2026-09-26,2,2026-10-10,wk inc covid hosp,quantile,0.8,48.588296185538944
28,2026-09-26,2,2026-10-10,wk inc covid hosp,quantile,0.8,49.91094143165356
29,2026-09-26,2,2026-10-10,wk inc covid hosp,quantile,0.8,72.50186061072715
30,2026-09-26,2,2026-10-10,wk inc covid hosp,quantile,0.8,22.577695518260995
31,2026-09-26,2,2026-10-10,wk inc covid hosp,quantile,0.8,11.467128769243859
32,2026-09-26,2,2026-10-10,wk inc covid hosp,quantile,0.8,59.11880405302061
33,2026-09-26,2,2026-10-10,wk inc covid hosp,quantile,0.8,5.503736396538847
34,2026-09-26,2,2026-10-10,wk inc covid hosp,quantile,0.8,205.27930316306367
35,2026-09-26,2,2026-10-10,wk inc covid hosp,quantile,0.8,23.651344103927254
36,2026-09-26,2,2026-10-10,wk inc covid hosp,quantile,0.8,423.94197642371313
37,2026-09-26,2,2026-10-10,wk inc covid hosp,quantile,0.8,313.9404980923442
38,2026-09-26,2,2026-10-10,wk inc covid hosp,quantile,0.8,3.584148847243564
39,2026-09-26,2,2026-10-10,wk inc covid hosp,quantile,0.8,107.84836495717671
40,2026-09-26,2,2026-10-10,wk inc covid hosp,quantile,0.8,43.3324612158423
41,2026-09-26,2,2026-10-10,wk inc covid hosp,quantile,0.8,72.37807152735942
42,2026-09-26,2,2026-10-10,wk inc covid hosp,quantile,0.8,247.83378632630166
44,2026-09-26,2,2026-10-10,wk inc covid hosp,quantile,0.8,24.90360449210013
45,2026-09-26,2,2026-10-10,wk inc covid hosp,quantile,0.8,91.65588602614446
46,2026-09-26,2,2026-10-10,wk inc covid hosp,quantile,0.8,11.073014378485631
47,2026-09-26,2,2026-10-10,wk inc covid hosp,quantile,0.8,126.93864803622095
48,2026-09-26,2,2026-10-10,wk inc covid hosp,quantile,0.8,502.8973275977431
49,2026-09-26,2,2026-10-10,wk inc covid hosp,quantile,0.8,43.40485682944061
50,2026-09-26,2,2026-10-10,wk inc covid hosp,quantile,0.8,8.090494622817358
51,2026-09-26,2,2026-10-10,wk inc covid hosp,quantile,0.8,93.2419358234097
53,2026-09-26,2,2026-10-10,wk inc covid hosp,quantile,0.8,201.8080523565888
54,2026-09-26,2,2026-10-10,wk inc covid hosp,quantile,0.8,27.742235879617954
55,2026-09-26,2,2026-10-10,wk inc covid hosp,quantile,0.8,42.26970839816296
56,2026-09-26,2,2026-10-10,wk inc covid hosp,quantile,0.8,2.9874650284711586
72,2026-09-26,2,2026-10-10,wk inc covid hosp,quantile,0.8,120.70339673377717
US,2026-09-26,2,2026-10-10,wk inc covid hosp,quantile,0.8,6660.270291893267
01,2026-09-26,3,2026-10-17,wk inc covid hosp,quantile,0.8,140.32913467948833
02,2026-09-26,3,2026-10-17,wk inc covid hosp,quantile,0.8,7.074990712613416
04,2026-09-26,3,2026-10-17,wk inc covid hosp,quantile,0.8,134.18831759179295
05,2026-09-26,3,2026-10-17,wk inc covid hosp,quantile,0.8,30.03467581592448
06,2026-09-26,3,2026-10-17,wk inc covid hosp,quantile,0.8,1325.9834378507007
08,2026-09-26,3,2026-10-17,wk inc covid hosp,quantile,0.8,64.03478950678044
09,2026-09-26,3,2026-10-17,wk inc covid hosp,quantile,0.8,57.20378253387694
10,2026-09-26,3,2026-10-17,wk inc covid hosp,quantile,0.8,14.300719441643517
11,2026-09-26,3,2026-10-17,wk inc covid hosp,quantile,0.8,13.77052818119818
12,2026-09-26,3,2026-10-17,wk inc covid hosp,quantile,0.8,711.9850101091613
13,2026-09-26,3,2026-10-17,wk inc covid hosp,quantile,0.8,159.1321790589514
15,2026-09-26,3,2026-10-17,wk inc covid hosp,quantile,0.8,55.688038700045546
16,2026-09-26,3,2026-10-17,wk inc covid hosp,quantile,0.8,25.385602971859253
17,2026-09-26,3,2026-10-17,wk inc covid hosp,quantile,0.8,121.84699798743948
18,2026-09-26,3,2026-10-17,wk inc covid hosp,quantile,0.8,59.689951445277714
19,2026-09-26,3,2026-10-17,wk inc covid hosp,quantile,0.8,32.88952759467833
20,2026-09-26,3,2026-10-17,wk inc covid hosp,quantile,0.8,19.22623378443676
21,2026-09-26,3,2026-10-17,wk inc covid hosp,quantile,0.8,46.99016782797406
22,2026-09-26,3,2026-10-17,wk inc covid hosp,quantile,0.8,112.5319465982968
23,2026-09-26,3,2026-10-17,wk inc covid hosp,quantile,0.8,3.9690416659932253
24,2026-09-26,3,2026-10-17,wk inc covid hosp,quantile,0.8,73.62090312272555
25,2026-09-26,3,2026-10-17,wk inc covid hosp,quantile,0.8,64.74029467734036
26,2026-09-26,3,2026-10-17,wk inc covid hosp,quantile,0.8,90.26185219985615
27,2026-09-26,3,2026-10-17,wk inc covid hosp,quantile,0.8,53.826121253134005
28,2026-09-26,3,2026-10-17,wk inc covid hosp,quantile,0.8,50.23868049642938
29,2026-09-26,3,2026-10-17,wk inc covid hosp,quantile,0.8,81.16005089128694
30,2026-09-26,3,2026-10-17,wk inc covid hosp,quantile,0.8,23.93190478635999
31,2026-09-26,3,2026-10-17,wk inc covid hosp,quantile,0.8,12.527105222148249
32,2026-09-26,3,2026-10-17,wk inc covid hosp,quantile,0.8,62.606255979127866
33,2026-09-26,3,2026-10-17,wk inc covid hosp,quantile,0.8,5.439666400154198
34,2026-09-26,3,2026-10-17,wk inc covid hosp,quantile,0.8,226.8702677542448
35,2026-09-26,3,2026-10-17,wk inc covid hosp,quantile,0.8,24.883421442606767
36,2026-09-26,3,2026-10-17,wk inc covid hosp,quantile,0.8,474.5161442201375
37,2026-09-26,3,2026-10-17,wk inc covid hosp,quantile,0.8,314.50285161237804
38,2026-09-26,3,2026-10-17,wk inc covid hosp,quantile,0.8,3.745489112246317
39,2026-09-26,3,2026-10-17,wk inc covid hosp,quantile,0.8,120.53163553284301
40,2026-09-26,3,2026-10-17,wk inc covid hosp,quantile,0.8,47.75343435975158
41,2026-09-26,3,2026-10-17,wk inc covid hosp,quantile,0.8,78.3502268669057
42,2026-09-26,3,2026-10-17,wk inc covid hosp,quantile,0.8,269.20870106008016
44,2026-09-26,3,2026-10-17,wk inc covid hosp,quantile,0.8,26.093244172745067
45,2026-09-26,3,2026-10-17,wk inc covid hosp,quantile,0.8,96.37506632422567
46,2026-09-26,3,2026-10-17,wk inc covid hosp,quantile,0.8,11.999243049688818
47,2026-09-26,3,2026-10-17,wk inc covid hosp,quantile,0.8,135.58245052137664
48,2026-09-26,3,2026-10-17,wk inc covid hosp,quantile,0.8,508.184225948372
49,2026-09-26,3,2026-10-17,wk inc covid hosp,quantile,0.8,48.09621552886992
50,2026-09-26,3,2026-10-17,wk inc covid hosp,quantile,0.8,8.425924917695884
51,2026-09-26,3,2026-10-17,wk inc covid hosp,quantile,0.8,102.9782362026099
53,2026-09-26,3,2026-10-17,wk inc covid hosp,quantile,0.8,209.08922777052683
54,2026-09-26,3,2026-10-17,wk inc covid hosp,quantile,0.8,29.64317977681938
55,2026-09-26,3,2026-10-17,wk inc covid hosp,quantile,0.8,45.64884559238761
56,2026-09-26,3,2026-10-17,wk inc covid hosp,quantile,0.8,3.2222199738641293
72,2026-09-26,3,2026-10-17,wk inc covid hosp,quantile,0.8,120.70339673377717
US,2026-09-26,3,2026-10-17,wk inc covid hosp,quantile,0.8,7126.570132293736
01,2026-09-26,0,2026-09-26,wk inc covid hosp,quantile,0.85,129.0937633141178
02,2026-09-26,0,2026-09-26,wk inc covid hosp,quantile,0.85,5.703246287973726
04,2026-09-26,0,2026-09-26,wk inc covid hosp,quantile,0.85,97.42694642608171
05,2026-09-26,0,2026-09-26,wk inc covid hosp,quantile,0.85,24.485437306315465
06,2026-09-26,0,2026-09-26,wk inc covid hosp,quantile,0.85,1215.5507515472818
08,2026-09-26,0,2026-09-26,wk inc covid hosp,quantile,0.85,46.74461001546975
09,2026-09-26,0,2026-09-26,wk inc covid hosp,quantile,0.85,44.52384189309696
10,2026-09-26,0,2026-09-26,wk inc covid hosp,quantile,0.85,10.994304159020393
11,2026-09-26,0,2026-09-26,wk inc covid hosp,quantile,0.85,9.67384170733294
12,2026-09-26,0,2026-09-26,wk inc covid hosp,quantile,0.85,698.4074407748138
13,2026-09-26,0,2026-09-26,wk inc covid hosp,quantile,0.85,135.01336130017606
15,2026-09-26,0,2026-09-26,wk inc covid hosp,quantile,0.85,54.51495681446879
16,2026-09-26,0,2026-09-26,wk inc covid hosp,quantile,0.85,19.167468810653695
17,2026-09-26,0,2026-09-26,wk inc covid hosp,quantile,0.85,88.73476843443615
18,2026-09-26,0,2026-09-26,wk inc covid hosp,quantile,0.85,42.27948326514041
19,2026-09-26,0,2026-09-26,wk inc covid hosp,quantile,0.85,25.55926986084746
20,2026-09-26,0,2026-09-26,wk inc covid hosp,quantile,0.85,15.617558528111966
21,2026-09-26,0,2026-09-26,wk inc covid hosp,quantile,0.85,33.311579836350624
22,2026-09-26,0,2026-09-26,wk inc covid hosp,quantile,0.85,112.34771915112367
23,2026-09-26,0,2026-09-26,wk inc covid hosp,quantile,0.85,3.3154054677655895
24,2026-09-26,0,2026-09-26,wk inc covid hosp,quantile,0.85,50.298393911581265
25,2026-09-26,0,2026-09-26,wk inc covid hosp,quantile,0.85,50.417765038620736
26,2026-09-26,0,2026-09-26,wk inc covid hosp,quantile,0.85,72.41756035248316
27,2026-09-26,0,2026-09-26,wk inc covid hosp,quantile,0.85,39.18795577396864
28,2026-09-26,0,2026-09-26,wk inc covid hosp,quantile,0.85,46.342214708346184
29,2026-09-26,0,2026-09-26,wk inc covid hosp,quantile,0.85,55.58459967332303
30,2026-09-26,0,2026-09-26,wk inc covid hosp,quantile,0.85,17.7152253999
31,2026-09-26,0,2026-09-26,wk inc covid hosp,quantile,0.85,10.594019899885915
32,2026-09-26,0,2026-09-26,wk inc covid hosp,quantile,0.85,52.98737091923342
33,2026-09-26,0,2026-09-26,wk inc covid hosp,quantile,0.85,6.05114331304206
34,2026-09-26,0,2026-09-26,wk inc covid hosp,quantile,0.85,169.52718902609118
35,2026-09-26,0,2026-09-26,wk inc covid hosp,quantile,0.85,21.142742509183144
36,2026-09-26,0,2026-09-26,wk inc covid hosp,quantile,0.85,344.7025127207027
37,2026-09-26,0,2026-09-26,wk inc covid hosp,quantile,0.85,273.5018216684947
38,2026-09-26,0,2026-09-26,wk inc covid hosp,quantile,0.85,3.747469026625731
39,2026-09-26,0,2026-09-26,wk inc covid hosp,quantile,0.85,85.19408269086925
40,2026-09-26,0,2026-09-26,wk inc covid hosp,quantile,0.85,35.51822433938567
41,2026-09-26,0,2026-09-26,wk inc covid hosp,quantile,0.85,55.23103894869254
42,2026-09-26,0,2026-09-26,wk inc covid hosp,quantile,0.85,202.5753652053035
44,2026-09-26,0,2026-09-26,wk inc covid hosp,quantile,0.85,21.594828787180116
45,2026-09-26,0,2026-09-26,wk inc covid hosp,quantile,0.85,82.45478187244854
46,2026-09-26,0,2026-09-26,wk inc covid hosp,quantile,0.85,9.117959022977722
47,2026-09-26,0,2026-09-26,wk inc covid hosp,quantile,0.85,102.97379942554737
48,2026-09-26,0,2026-09-26,wk inc covid hosp,quantile,0.85,499.4063827563589
49,2026-09-26,0,2026-09-26,wk inc covid hosp,quantile,0.85,34.922521809717495
50,2026-09-26,0,2026-09-26,wk inc covid hosp,quantile,0.85,6.702177317904789
51,2026-09-26,0,2026-09-26,wk inc covid hosp,quantile,0.85,74.07691308761576
53,2026-09-26,0,2026-09-26,wk inc covid hosp,quantile,0.85,183.80548972587889
54,2026-09-26,0,2026-09-26,wk inc covid hosp,quantile,0.85,25.000367709638496
55,2026-09-26,0,2026-09-26,wk inc covid hosp,quantile,0.85,35.34476913765953
56,2026-09-26,0,2026-09-26,wk inc covid hosp,quantile,0.85,2.401576148188658
72,2026-09-26,0,2026-09-26,wk inc covid hosp,quantile,0.85,126.1268808504804
US,2026-09-26,0,2026-09-26,wk inc covid hosp,quantile,0.85,5207.71631618855
01,2026-09-26,1,2026-10-03,wk inc covid hosp,quantile,0.85,140.65036768482696
02,2026-09-26,1,2026-10-03,wk inc covid hosp,quantile,0.85,6.23330090622908
04,2026-09-26,1,2026-10-03,wk inc covid hosp,quantile,0.85,110.83361228215493
05,2026-09-26,1,2026-10-03,wk inc covid hosp,quantile,0.85,26.755502067019997
06,2026-09-26,1,2026-10-03,wk inc covid hosp,quantile,0.85,1294.7780557718413
08,2026-09-26,1,2026-10-03,wk inc covid hosp,quantile,0.85,51.892573758669144
09,2026-09-26,1,2026-10-03,wk inc covid hosp,quantile,0.85,50.60303934791066
10,2026-09-26,1,2026-10-03,wk inc covid hosp,quantile,0.85,13.07606498013892
11,2026-09-26,1,2026-10-03,wk inc covid hosp,quantile,0.85,11.788893072159329
12,2026-09-26,1,2026-10-03,wk inc covid hosp,quantile,0.85,734.593081969731
13,2026-09-26,1,2026-10-03,wk inc covid hosp,quantile,0.85,148.2594868810582
15,2026-09-26,1,2026-10-03,wk inc covid hosp,quantile,0.85,56.57710329377977
16,2026-09-26,1,2026-10-03,wk inc covid hosp,quantile,0.85,20.573097268903492
17,2026-09-26,1,2026-10-03,wk inc covid hosp,quantile,0.85,98.0383978732119
18,2026-09-26,1,2026-10-03,wk inc covid hosp,quantile,0.85,51.59188621691081
19,2026-09-26,1,2026-10-03,wk inc covid hosp,quantile,0.85,29.15543196903628
20,2026-09-26,1,2026-10-03,wk inc covid hosp,quantile,0.85,16.714619128536693
21,2026-09-26,1,2026-10-03,wk inc covid hosp,quantile,0.85,38.89418307119067
22,2026-09-26,1,2026-10-03,wk inc covid hosp,quantile,0.85,123.10047100234817
23,2026-09-26,1,2026-10-03,wk inc covid hosp,quantile,0.85,3.6411733405058966
24,2026-09-26,1,2026-10-03,wk inc covid hosp,quantile,0.85,60.67518345560499
25,2026-09-26,1,2026-10-03,wk inc covid hosp,quantile,0.85,55.04665265742513
26,2026-09-26,1,2026-10-03,wk inc covid hosp,quantile,0.85,93.56974913340883
27,2026-09-26,1,2026-10-03,wk inc covid hosp,quantile,0.85,45.60648593270296
28,2026-09-26,1,2026-10-03,wk inc covid hosp,quantile,0.85,49.633190083482305
29,2026-09-26,1,2026-10-03,wk inc covid hosp,quantile,0.85,65.68743735363377
30,2026-09-26,1,2026-10-03,wk inc covid hosp,quantile,0.85,19.93320586568697
31,2026-09-26,1,2026-10-03,wk inc covid hosp,quantile,0.85,11.676580556865776
32,2026-09-26,1,2026-10-03,wk inc covid hosp,quantile,0.85,58.81458179891635
33,2026-09-26,1,2026-10-03,wk inc covid hosp,quantile,0.85,6.851590446730951
34,2026-09-26,1,2026-10-03,wk inc covid hosp,quantile,0.85,189.25758864645644
35,2026-09-26,1,2026-10-03,wk inc covid hosp,quantile,0.85,23.17965423742208
36,2026-09-26,1,2026-10-03,wk inc covid hosp,quantile,0.85,383.1909882762691
37,2026-09-26,1,2026-10-03,wk inc covid hosp,quantile,0.85,301.24489055935044
38,2026-09-26,1,2026-10-03,wk inc covid hosp,quantile,0.85,4.189496680972978
39,2026-09-26,1,2026-10-03,wk inc covid hosp,quantile,0.85,95.92721555923129
40,2026-09-26,1,2026-10-03,wk inc covid hosp,quantile,0.85,42.60442309473484
41,2026-09-26,1,2026-10-03,wk inc covid hosp,quantile,0.85,64.1850969890309
42,2026-09-26,1,2026-10-03,wk inc covid hosp,quantile,0.85,227.762457330062
44,2026-09-26,1,2026-10-03,wk inc covid hosp,quantile,0.85,24.176015956968694
45,2026-09-26,1,2026-10-03,wk inc covid hosp,quantile,0.85,92.75950003531014
46,2026-09-26,1,2026-10-03,wk inc covid hosp,quantile,0.85,10.440770777402987
47,2026-09-26,1,2026-10-03,wk inc covid hosp,quantile,0.85,114.07416607282615
48,2026-09-26,1,2026-10-03,wk inc covid hosp,quantile,0.85,521.5058931641437
49,2026-09-26,1,2026-10-03,wk inc covid hosp,quantile,0.85,40.102383130161904
50,2026-09-26,1,2026-10-03,wk inc covid hosp,quantile,0.85,7.555673656075378
51,2026-09-26,1,2026-10-03,wk inc covid hosp,quantile,0.85,81.87630064319623
53,2026-09-26,1,2026-10-03,wk inc covid hosp,quantile,0.85,203.14276195345968
54,2026-09-26,1,2026-10-03,wk inc covid hosp,quantile,0.85,27.198711427692505
55,2026-09-26,1,2026-10-03,wk inc covid hosp,quantile,0.85,38.543707663484874
56,2026-09-26,1,2026-10-03,wk inc covid hosp,quantile,0.85,2.79155492368093
72,2026-09-26,1,2026-10-03,wk inc covid hosp,quantile,0.85,123.86461816099462
US,2026-09-26,1,2026-10-03,wk inc covid hosp,quantile,0.85,5865.133095969441
01,2026-09-26,2,2026-10-10,wk inc covid hosp,quantile,0.85,149.61562238836297
02,2026-09-26,2,2026-10-10,wk inc covid hosp,quantile,0.85,7.2236009315088845
04,2026-09-26,2,2026-10-10,wk inc covid hosp,quantile,0.85,129.6674290342828
05,2026-09-26,2,2026-10-10,wk inc covid hosp,quantile,0.85,28.985930052783182
06,2026-09-26,2,2026-10-10,wk inc covid hosp,quantile,0.85,1344.5038062088292
08,2026-09-26,2,2026-10-10,wk inc covid hosp,quantile,0.85,62.47952009953639
09,2026-09-26,2,2026-10-10,wk inc covid hosp,quantile,0.85,54.378570338632095
10,2026-09-26,2,2026-10-10,wk inc covid hosp,quantile,0.85,14.579193447544633
11,2026-09-26,2,2026-10-10,wk inc covid hosp,quantile,0.85,13.54656284330359
12,2026-09-26,2,2026-10-10,wk inc covid hosp,quantile,0.85,754.7818597170243
13,2026-09-26,2,2026-10-10,wk inc covid hosp,quantile,0.85,164.88104020730145
15,2026-09-26,2,2026-10-10,wk inc covid hosp,quantile,0.85,58.27707719182085
16,2026-09-26,2,2026-10-10,wk inc covid hosp,quantile,0.85,23.78293157297113
17,2026-09-26,2,2026-10-10,wk inc covid hosp,quantile,0.85,115.62140207985244
18,2026-09-26,2,2026-10-10,wk inc covid hosp,quantile,0.85,60.460134162462175
19,2026-09-26,2,2026-10-10,wk inc covid hosp,quantile,0.85,33.71232856056528
20,2026-09-26,2,2026-10-10,wk inc covid hosp,quantile,0.85,18.698185325453814
21,2026-09-26,2,2026-10-10,wk inc covid hosp,quantile,0.85,45.51618188830178
22,2026-09-26,2,2026-10-10,wk inc covid hosp,quantile,0.85,125.81775150271073
23,2026-09-26,2,2026-10-10,wk inc covid hosp,quantile,0.85,3.926541215944735
24,2026-09-26,2,2026-10-10,wk inc covid hosp,quantile,0.85,70.61731397394122
25,2026-09-26,2,2026-10-10,wk inc covid hosp,quantile,0.85,62.74833562909373
26,2026-09-26,2,2026-10-10,wk inc covid hosp,quantile,0.85,108.18956500783729
27,2026-09-26,2,2026-10-10,wk inc covid hosp,quantile,0.85,52.92840317989028
28,2026-09-26,2,2026-10-10,wk inc covid hosp,quantile,0.85,53.13817122734391
29,2026-09-26,2,2026-10-10,wk inc covid hosp,quantile,0.85,80.19287312182358
30,2026-09-26,2,2026-10-10,wk inc covid hosp,quantile,0.85,22.829101291780347
31,2026-09-26,2,2026-10-10,wk inc covid hosp,quantile,0.85,13.663785329642824
32,2026-09-26,2,2026-10-10,wk inc covid hosp,quantile,0.85,64.52195455974932
33,2026-09-26,2,2026-10-10,wk inc covid hosp,quantile,0.85,7.227117114618091
34,2026-09-26,2,2026-10-10,wk inc covid hosp,quantile,0.85,218.0256404978517
35,2026-09-26,2,2026-10-10,wk inc covid hosp,quantile,0.85,25.692938782637647
36,2026-09-26,2,2026-10-10,wk inc covid hosp,quantile,0.85,441.9544078751279
37,2026-09-26,2,2026-10-10,wk inc covid hosp,quantile,0.85,315.225298841689
38,2026-09-26,2,2026-10-10,wk inc covid hosp,quantile,0.85,4.476955848515822
39,2026-09-26,2,2026-10-10,wk inc covid hosp,quantile,0.85,116.41704286982082
40,2026-09-26,2,2026-10-10,wk inc covid hosp,quantile,0.85,47.56272829267526
41,2026-09-26,2,2026-10-10,wk inc covid hosp,quantile,0.85,75.6630786641784
42,2026-09-26,2,2026-10-10,wk inc covid hosp,quantile,0.85,253.73404579218305
44,2026-09-26,2,2026-10-10,wk inc covid hosp,quantile,0.85,26.706702975416146
45,2026-09-26,2,2026-10-10,wk inc covid hosp,quantile,0.85,106.4023236698788
46,2026-09-26,2,2026-10-10,wk inc covid hosp,quantile,0.85,11.589148205145996
47,2026-09-26,2,2026-10-10,wk inc covid hosp,quantile,0.85,131.13369820167543
48,2026-09-26,2,2026-10-10,wk inc covid hosp,quantile,0.85,551.5307357890022
49,2026-09-26,2,2026-10-10,wk inc covid hosp,quantile,0.85,46.545950817539214
50,2026-09-26,2,2026-10-10,wk inc covid hosp,quantile,0.85,8.623510361794642
51,2026-09-26,2,2026-10-10,wk inc covid hosp,quantile,0.85,96.98636807184417
53,2026-09-26,2,2026-10-10,wk inc covid hosp,quantile,0.85,220.13280012237954
54,2026-09-26,2,2026-10-10,wk inc covid hosp,quantile,0.85,27.984214160289163
55,2026-09-26,2,2026-10-10,wk inc covid hosp,quantile,0.85,43.496511240176865
56,2026-09-26,2,2026-10-10,wk inc covid hosp,quantile,0.85,3.183000788501082
72,2026-09-26,2,2026-10-10,wk inc covid hosp,quantile,0.85,124.1427535215183
US,2026-09-26,2,2026-10-10,wk inc covid hosp,quantile,0.85,6735.915365052287
01,2026-09-26,3,2026-10-17,wk inc covid hosp,quantile,0.85,154.38113934876085
02,2026-09-26,3,2026-10-17,wk inc covid hosp,quantile,0.85,7.580502110500682
04,2026-09-26,3,2026-10-17,wk inc covid hosp,quantile,0.85,148.56396858286874
05,2026-09-26,3,2026-10-17,wk inc covid hosp,quantile,0.85,32.96809919934478
06,2026-09-26,3,2026-10-17,wk inc covid hosp,quantile,0.85,1366.8498753163635
08,2026-09-26,3,2026-10-17,wk inc covid hosp,quantile,0.85,72.14564899692395
09,2026-09-26,3,2026-10-17,wk inc covid hosp,quantile,0.85,58.37607182576517
10,2026-09-26,3,2026-10-17,wk inc covid hosp,quantile,0.85,15.633303371022283
11,2026-09-26,3,2026-10-17,wk inc covid hosp,quantile,0.85,14.597972830804705
12,2026-09-26,3,2026-10-17,wk inc covid hosp,quantile,0.85,759.1280979287952
13,2026-09-26,3,2026-10-17,wk inc covid hosp,quantile,0.85,181.42683993430472
15,2026-09-26,3,2026-10-17,wk inc covid hosp,quantile,0.85,59.603012504674524
16,2026-09-26,3,2026-10-17,wk inc covid hosp,quantile,0.85,27.49019230533546
17,2026-09-26,3,2026-10-17,wk inc covid hosp,quantile,0.85,127.06837066809473
18,2026-09-26,3,2026-10-17,wk inc covid hosp,quantile,0.85,67.05681433864976
19,2026-09-26,3,2026-10-17,wk inc covid hosp,quantile,0.85,37.62477553146735
20,2026-09-26,3,2026-10-17,wk inc covid hosp,quantile,0.85,20.305536035783454
21,2026-09-26,3,2026-10-17,wk inc covid hosp,quantile,0.85,50.26981658368182
22,2026-09-26,3,2026-10-17,wk inc covid hosp,quantile,0.85,131.7797310887682
23,2026-09-26,3,2026-10-17,wk inc covid hosp,quantile,0.85,4.176346813667472
24,2026-09-26,3,2026-10-17,wk inc covid hosp,quantile,0.85,79.71685193041165
25,2026-09-26,3,2026-10-17,wk inc covid hosp,quantile,0.85,71.35976267282707
26,2026-09-26,3,2026-10-17,wk inc covid hosp,quantile,0.85,112.19659988953167
27,2026-09-26,3,2026-10-17,wk inc covid hosp,quantile,0.85,59.26926112418665
28,2026-09-26,3,2026-10-17,wk inc covid hosp,quantile,0.85,56.40516654613702
29,2026-09-26,3,2026-10-17,wk inc covid hosp,quantile,0.85,90.58666981597284
30,2026-09-26,3,2026-10-17,wk inc covid hosp,quantile,0.85,24.814766041990257
31,2026-09-26,3,2026-10-17,wk inc covid hosp,quantile,0.85,15.321138034271051
32,2026-09-26,3,2026-10-17,wk inc covid hosp,quantile,0.85,68.6317698548297
33,2026-09-26,3,2026-10-17,wk inc covid hosp,quantile,0.85,6.657179756694616
34,2026-09-26,3,2026-10-17,wk inc covid hosp,quantile,0.85,246.76296530096135
35,2026-09-26,3,2026-10-17,wk inc covid hosp,quantile,0.85,27.39993883213104
36,2026-09-26,3,2026-10-17,wk inc covid hosp,quantile,0.85,510.48115366525246
37,2026-09-26,3,2026-10-17,wk inc covid hosp,quantile,0.85,325.9677705497033
38,2026-09-26,3,2026-10-17,wk inc covid hosp,quantile,0.85,4.662279302865866
39,2026-09-26,3,2026-10-17,wk inc covid hosp,quantile,0.85,132.91177394010015
40,2026-09-26,3,2026-10-17,wk inc covid hosp,quantile,0.85,52.94605262661506
41,2026-09-26,3,2026-10-17,wk inc covid hosp,quantile,0.85,82.83394718539483
42,2026-09-26,3,2026-10-17,wk inc covid hosp,quantile,0.85,280.82097894627856
44,2026-09-26,3,2026-10-17,wk inc covid hosp,quantile,0.85,28.894983216012132
45,2026-09-26,3,2026-10-17,wk inc covid hosp,quantile,0.85,111.88020688314475
46,2026-09-26,3,2026-10-17,wk inc covid hosp,quantile,0.85,12.403842946739365
47,2026-09-26,3,2026-10-17,wk inc covid hosp,quantile,0.85,147.81215020054043
48,2026-09-26,3,2026-10-17,wk inc covid hosp,quantile,0.85,566.9650422847456
49,2026-09-26,3,2026-10-17,wk inc covid hosp,quantile,0.85,50.756490705467954
50,2026-09-26,3,2026-10-17,wk inc covid hosp,quantile,0.85,9.015518869956228
51,2026-09-26,3,2026-10-17,wk inc covid hosp,quantile,0.85,112.8191991330654
53,2026-09-26,3,2026-10-17,wk inc covid hosp,quantile,0.85,219.49236137687683
54,2026-09-26,3,2026-10-17,wk inc covid hosp,quantile,0.85,29.76066284251341
55,2026-09-26,3,2026-10-17,wk inc covid hosp,quantile,0.85,49.271061927744995
56,2026-09-26,3,2026-10-17,wk inc covid hosp,quantile,0.85,3.3031464214746222
72,2026-09-26,3,2026-10-17,wk inc covid hosp,quantile,0.85,122.24399492658462
US,2026-09-26,3,2026-10-17,wk inc covid hosp,quantile,0.85,7380.392963108768
01,2026-09-26,0,2026-09-26,wk inc covid hosp,quantile,0.9,129.917578426626
02,2026-09-26,0,2026-09-26,wk inc covid hosp,quantile,0.9,6.489539870506002
04,2026-09-26,0,2026-09-26,wk inc covid hosp,quantile,0.9,103.18484716037946
05,2026-09-26,0,2026-09-26,wk inc covid hosp,quantile,0.9,28.43757842107041
06,2026-09-26,0,2026-09-26,wk inc covid hosp,quantile,0.9,1222.5180695574225
08,2026-09-26,0,2026-09-26,wk inc covid hosp,quantile,0.9,47.5428752031692
09,2026-09-26,0,2026-09-26,wk inc covid hosp,quantile,0.9,50.55706509214735
10,2026-09-26,0,2026-09-26,wk inc covid hosp,quantile,0.9,12.631502134728091
11,2026-09-26,0,2026-09-26,wk inc covid hosp,quantile,0.9,10.481067886633323
12,2026-09-26,0,2026-09-26,wk inc covid hosp,quantile,0.9,737.5627801711537
13,2026-09-26,0,2026-09-26,wk inc covid hosp,quantile,0.9,136.27925419491305
15,2026-09-26,0,2026-09-26,wk inc covid hosp,quantile,0.9,56.78909658531967
16,2026-09-26,0,2026-09-26,wk inc covid hosp,quantile,0.9,20.349713370283347
17,2026-09-26,0,2026-09-26,wk inc covid hosp,quantile,0.9,92.61498066521591
18,2026-09-26,0,2026-09-26,wk inc covid hosp,quantile,0.9,46.42758126123148
19,2026-09-26,0,2026-09-26,wk inc covid hosp,quantile,0.9,28.82706806411558
20,2026-09-26,0,2026-09-26,wk inc covid hosp,quantile,0.9,17.000258296653126
21,2026-09-26,0,2026-09-26,wk inc covid hosp,quantile,0.9,36.05977422973516
22,2026-09-26,0,2026-09-26,wk inc covid hosp,quantile,0.9,117.63015346818112
23,2026-09-26,0,2026-09-26,wk inc covid hosp,quantile,0.9,3.737613642954506
24,2026-09-26,0,2026-09-26,wk inc covid hosp,quantile,0.9,51.56127461961678
25,2026-09-26,0,2026-09-26,wk inc covid hosp,quantile,0.9,55.27990347669277
26,2026-09-26,0,2026-09-26,wk inc covid hosp,quantile,0.9,79.34995906664541
27,2026-09-26,0,2026-09-26,wk inc covid hosp,quantile,0.9,44.034556375422795
28,2026-09-26,0,2026-09-26,wk inc covid hosp,quantile,0.9,50.16069085703076
29,2026-09-26,0,2026-09-26,wk inc covid hosp,quantile,0.9,59.25007724910587
30,2026-09-26,0,2026-09-26,wk inc covid hosp,quantile,0.9,20.541170439683917
31,2026-09-26,0,2026-09-26,wk inc covid hosp,quantile,0.9,11.281823973272893
32,2026-09-26,0,2026-09-26,wk inc covid hosp,quantile,0.9,55.44340124723616
33,2026-09-26,0,2026-09-26,wk inc covid hosp,quantile,0.9,6.3287595394844
34,2026-09-26,0,2026-09-26,wk inc covid hosp,quantile,0.9,175.24758198381278
35,2026-09-26,0,2026-09-26,wk inc covid hosp,quantile,0.9,22.88698137350373
36,2026-09-26,0,2026-09-26,wk inc covid hosp,quantile,0.9,357.29480913847976
37,2026-09-26,0,2026-09-26,wk inc covid hosp,quantile,0.9,282.94834073475147
38,2026-09-26,0,2026-09-26,wk inc covid hosp,quantile,0.9,4.103213699586633
39,2026-09-26,0,2026-09-26,wk inc covid hosp,quantile,0.9,94.24338137712465
40,2026-09-26,0,2026-09-26,wk inc covid hosp,quantile,0.9,37.8883869682055
41,2026-09-26,0,2026-09-26,wk inc covid hosp,quantile,0.9,58.086813660128925
42,2026-09-26,0,2026-09-26,wk inc covid hosp,quantile,0.9,212.72671649865595
44,2026-09-26,0,2026-09-26,wk inc covid hosp,quantile,0.9,23.823492060104016
45,2026-09-26,0,2026-09-26,wk inc covid hosp,quantile,0.9,83.91055532592989
46,2026-09-26,0,2026-09-26,wk inc covid hosp,quantile,0.9,11.231720977563134
47,2026-09-26,0,2026-09-26,wk inc covid hosp,quantile,0.9,107.82163469329585
48,2026-09-26,0,2026-09-26,wk inc covid hosp,quantile,0.9,534.6487466709698
49,2026-09-26,0,2026-09-26,wk inc covid hosp,quantile,0.9,35.91697650245191
50,2026-09-26,0,2026-09-26,wk inc covid hosp,quantile,0.9,7.750045329084958
51,2026-09-26,0,2026-09-26,wk inc covid hosp,quantile,0.9,76.73644681179219
53,2026-09-26,0,2026-09-26,wk inc covid hosp,quantile,0.9,190.13200655852017
54,2026-09-26,0,2026-09-26,wk inc covid hosp,quantile,0.9,26.66353059209846
55,2026-09-26,0,2026-09-26,wk inc covid hosp,quantile,0.9,37.294346079241194
56,2026-09-26,0,2026-09-26,wk inc covid hosp,quantile,0.9,3.1090212498870358
72,2026-09-26,0,2026-09-26,wk inc covid hosp,quantile,0.9,148.0829801797413
US,2026-09-26,0,2026-09-26,wk inc covid hosp,quantile,0.9,5331.551416802794
01,2026-09-26,1,2026-10-03,wk inc covid hosp,quantile,0.9,146.74425821992287
02,2026-09-26,1,2026-10-03,wk inc covid hosp,quantile,0.9,7.375349352894118
04,2026-09-26,1,2026-10-03,wk inc covid hosp,quantile,0.9,113.22750628694988
05,2026-09-26,1,2026-10-03,wk inc covid hosp,quantile,0.9,30.843539603109825
06,2026-09-26,1,2026-10-03,wk inc covid hosp,quantile,0.9,1318.3139982377224
08,2026-09-26,1,2026-10-03,wk inc covid hosp,quantile,0.9,55.549151719614585
09,2026-09-26,1,2026-10-03,wk inc covid hosp,quantile,0.9,57.60713392107224
10,2026-09-26,1,2026-10-03,wk inc covid hosp,quantile,0.9,14.495675984210822
11,2026-09-26,1,2026-10-03,wk inc covid hosp,quantile,0.9,11.986428810005831
12,2026-09-26,1,2026-10-03,wk inc covid hosp,quantile,0.9,784.4804991933443
13,2026-09-26,1,2026-10-03,wk inc covid hosp,quantile,0.9,150.7519401134259
15,2026-09-26,1,2026-10-03,wk inc covid hosp,quantile,0.9,59.61660170140925
16,2026-09-26,1,2026-10-03,wk inc covid hosp,quantile,0.9,22.819077482334215
17,2026-09-26,1,2026-10-03,wk inc covid hosp,quantile,0.9,109.28764721391383
18,2026-09-26,1,2026-10-03,wk inc covid hosp,quantile,0.9,52.3889514896526
19,2026-09-26,1,2026-10-03,wk inc covid hosp,quantile,0.9,33.6039934360945
20,2026-09-26,1,2026-10-03,wk inc covid hosp,quantile,0.9,19.440915871550747
21,2026-09-26,1,2026-10-03,wk inc covid hosp,quantile,0.9,40.288782067696026
22,2026-09-26,1,2026-10-03,wk inc covid hosp,quantile,0.9,124.66306136901487
23,2026-09-26,1,2026-10-03,wk inc covid hosp,quantile,0.9,4.386619138352912
24,2026-09-26,1,2026-10-03,wk inc covid hosp,quantile,0.9,63.03111309555491
25,2026-09-26,1,2026-10-03,wk inc covid hosp,quantile,0.9,61.64368826460204
26,2026-09-26,1,2026-10-03,wk inc covid hosp,quantile,0.9,93.69284681062119
27,2026-09-26,1,2026-10-03,wk inc covid hosp,quantile,0.9,49.75023010322557
28,2026-09-26,1,2026-10-03,wk inc covid hosp,quantile,0.9,56.43603933793451
29,2026-09-26,1,2026-10-03,wk inc covid hosp,quantile,0.9,69.71302794529986
30,2026-09-26,1,2026-10-03,wk inc covid hosp,quantile,0.9,22.836553341876225
31,2026-09-26,1,2026-10-03,wk inc covid hosp,quantile,0.9,12.649885726014398
32,2026-09-26,1,2026-10-03,wk inc covid hosp,quantile,0.9,64.24763808036018
33,2026-09-26,1,2026-10-03,wk inc covid hosp,quantile,0.9,6.9708721195557715
34,2026-09-26,1,2026-10-03,wk inc covid hosp,quantile,0.9,197.64234446818742
35,2026-09-26,1,2026-10-03,wk inc covid hosp,quantile,0.9,26.07715359978577
36,2026-09-26,1,2026-10-03,wk inc covid hosp,quantile,0.9,389.8002261596835
37,2026-09-26,1,2026-10-03,wk inc covid hosp,quantile,0.9,315.7742783362044
38,2026-09-26,1,2026-10-03,wk inc covid hosp,quantile,0.9,4.534230139963116
39,2026-09-26,1,2026-10-03,wk inc covid hosp,quantile,0.9,104.44592346912107
40,2026-09-26,1,2026-10-03,wk inc covid hosp,quantile,0.9,45.194219694737484
41,2026-09-26,1,2026-10-03,wk inc covid hosp,quantile,0.9,68.05199242284083
42,2026-09-26,1,2026-10-03,wk inc covid hosp,quantile,0.9,242.14108743989476
44,2026-09-26,1,2026-10-03,wk inc covid hosp,quantile,0.9,26.1506754102417
45,2026-09-26,1,2026-10-03,wk inc covid hosp,quantile,0.9,96.96635842826072
46,2026-09-26,1,2026-10-03,wk inc covid hosp,quantile,0.9,12.287090360300324
47,2026-09-26,1,2026-10-03,wk inc covid hosp,quantile,0.9,119.05543383695442
48,2026-09-26,1,2026-10-03,wk inc covid hosp,quantile,0.9,541.1380961000922
49,2026-09-26,1,2026-10-03,wk inc covid hosp,quantile,0.9,42.26209286857906
50,2026-09-26,1,2026-10-03,wk inc covid hosp,quantile,0.9,8.673989666673513
51,2026-09-26,1,2026-10-03,wk inc covid hosp,quantile,0.9,85.92237502312418
53,2026-09-26,1,2026-10-03,wk inc covid hosp,quantile,0.9,217.0751526892371
54,2026-09-26,1,2026-10-03,wk inc covid hosp,quantile,0.9,30.69061547743836
55,2026-09-26,1,2026-10-03,wk inc covid hosp,quantile,0.9,41.431405369477325
56,2026-09-26,1,2026-10-03,wk inc covid hosp,quantile,0.9,3.3336493961120186
72,2026-09-26,1,2026-10-03,wk inc covid hosp,quantile,0.9,151.1001900258765
US,2026-09-26,1,2026-10-03,wk inc covid hosp,quantile,0.9,5983.407051527085
01,2026-09-26,2,2026-10-10,wk inc covid hosp,quantile,0.9,158.87029532236235
02,2026-09-26,2,2026-10-10,wk inc covid hosp,quantile,0.9,8.100401158159421
04,2026-09-26,2,2026-10-10,wk inc covid hosp,quantile,0.9,133.9736913800413
05,2026-09-26,2,2026-10-10,wk inc covid hosp,quantile,0.9,34.98327328617428
06,2026-09-26,2,2026-10-10,wk inc covid hosp,quantile,0.9,1418.5632426485438
08,2026-09-26,2,2026-10-10,wk inc covid hosp,quantile,0.9,67.08519572270485
09,2026-09-26,2,2026-10-10,wk inc covid hosp,quantile,0.9,65.53514028368464
10,2026-09-26,2,2026-10-10,wk inc covid hosp,quantile,0.9,17.131294902970918
11,2026-09-26,2,2026-10-10,wk inc covid hosp,quantile,0.9,13.953708998965553
12,2026-09-26,2,2026-10-10,wk inc covid hosp,quantile,0.9,769.9186096356622
13,2026-09-26,2,2026-10-10,wk inc covid hosp,quantile,0.9,178.1189604457067
15,2026-09-26,2,2026-10-10,wk inc covid hosp,quantile,0.9,60.46851902504385
16,2026-09-26,2,2026-10-10,wk inc covid hosp,quantile,0.9,26.33090992950979
17,2026-09-26,2,2026-10-10,wk inc covid hosp,quantile,0.9,120.37001112622752
18,2026-09-26,2,2026-10-10,wk inc covid hosp,quantile,0.9,64.37182697200161
19,2026-09-26,2,2026-10-10,wk inc covid hosp,quantile,0.9,37.752414035493615
20,2026-09-26,2,2026-10-10,wk inc covid hosp,quantile,0.9,21.465314971300852
21,2026-09-26,2,2026-10-10,wk inc covid hosp,quantile,0.9,48.97447633001573
22,2026-09-26,2,2026-10-10,wk inc covid hosp,quantile,0.9,137.7658231899101
23,2026-09-26,2,2026-10-10,wk inc covid hosp,quantile,0.9,4.7248996014487945
24,2026-09-26,2,2026-10-10,wk inc covid hosp,quantile,0.9,76.4429926568693
25,2026-09-26,2,2026-10-10,wk inc covid hosp,quantile,0.9,67.3404578092571
26,2026-09-26,2,2026-10-10,wk inc covid hosp,quantile,0.9,114.76150079829787
27,2026-09-26,2,2026-10-10,wk inc covid hosp,quantile,0.9,60.24991690920418
28,2026-09-26,2,2026-10-10,wk inc covid hosp,quantile,0.9,59.97026728445901
29,2026-09-26,2,2026-10-10,wk inc covid hosp,quantile,0.9,85.57145901122367
30,2026-09-26,2,2026-10-10,wk inc covid hosp,quantile,0.9,25.482328117084922
31,2026-09-26,2,2026-10-10,wk inc covid hosp,quantile,0.9,15.950723856576111
32,2026-09-26,2,2026-10-10,wk inc covid hosp,quantile,0.9,73.50847848444036
33,2026-09-26,2,2026-10-10,wk inc covid hosp,quantile,0.9,7.445517104273024
34,2026-09-26,2,2026-10-10,wk inc covid hosp,quantile,0.9,234.88707126302086
35,2026-09-26,2,2026-10-10,wk inc covid hosp,quantile,0.9,31.432049588808972
36,2026-09-26,2,2026-10-10,wk inc covid hosp,quantile,0.9,463.33495639191034
37,2026-09-26,2,2026-10-10,wk inc covid hosp,quantile,0.9,341.58661642314166
38,2026-09-26,2,2026-10-10,wk inc covid hosp,quantile,0.9,4.768670706340483
39,2026-09-26,2,2026-10-10,wk inc covid hosp,quantile,0.9,127.84473189868534
40,2026-09-26,2,2026-10-10,wk inc covid hosp,quantile,0.9,55.12461989554679
41,2026-09-26,2,2026-10-10,wk inc covid hosp,quantile,0.9,84.29262082779202
42,2026-09-26,2,2026-10-10,wk inc covid hosp,quantile,0.9,278.8714687351939
44,2026-09-26,2,2026-10-10,wk inc covid hosp,quantile,0.9,28.63665656305166
45,2026-09-26,2,2026-10-10,wk inc covid hosp,quantile,0.9,107.67206225763184
46,2026-09-26,2,2026-10-10,wk inc covid hosp,quantile,0.9,13.47403298775123
47,2026-09-26,2,2026-10-10,wk inc covid hosp,quantile,0.9,145.58477585200743
48,2026-09-26,2,2026-10-10,wk inc covid hosp,quantile,0.9,593.3637496779854
49,2026-09-26,2,2026-10-10,wk inc covid hosp,quantile,0.9,49.32107729432695
50,2026-09-26,2,2026-10-10,wk inc covid hosp,quantile,0.9,9.48171569153417
51,2026-09-26,2,2026-10-10,wk inc covid hosp,quantile,0.9,107.67962461728446
53,2026-09-26,2,2026-10-10,wk inc covid hosp,quantile,0.9,227.98717062610407
54,2026-09-26,2,2026-10-10,wk inc covid hosp,quantile,0.9,34.91121507001514
55,2026-09-26,2,2026-10-10,wk inc covid hosp,quantile,0.9,47.73459953232684
56,2026-09-26,2,2026-10-10,wk inc covid hosp,quantile,0.9,3.3144694981882545
72,2026-09-26,2,2026-10-10,wk inc covid hosp,quantile,0.9,150.17255648341154
US,2026-09-26,2,2026-10-10,wk inc covid hosp,quantile,0.9,6803.939323593899
01,2026-09-26,3,2026-10-17,wk inc covid hosp,quantile,0.9,171.2587311653654
02,2026-09-26,3,2026-10-17,wk inc covid hosp,quantile,0.9,8.505065790552239
04,2026-09-26,3,2026-10-17,wk inc covid hosp,quantile,0.9,156.30274317208853
05,2026-09-26,3,2026-10-17,wk inc covid hosp,quantile,0.9,38.509037767166824
06,2026-09-26,3,2026-10-17,wk inc covid hosp,quantile,0.9,1482.4380168581283
08,2026-09-26,3,2026-10-17,wk inc covid hosp,quantile,0.9,79.44496211693661
09,2026-09-26,3,2026-10-17,wk inc covid hosp,quantile,0.9,72.98011246291726
10,2026-09-26,3,2026-10-17,wk inc covid hosp,quantile,0.9,17.450992099461544
11,2026-09-26,3,2026-10-17,wk inc covid hosp,quantile,0.9,14.72514646095351
12,2026-09-26,3,2026-10-17,wk inc covid hosp,quantile,0.9,799.3662837394344
13,2026-09-26,3,2026-10-17,wk inc covid hosp,quantile,0.9,198.07515927747968
15,2026-09-26,3,2026-10-17,wk inc covid hosp,quantile,0.9,60.08248665144469
16,2026-09-26,3,2026-10-17,wk inc covid hosp,quantile,0.9,29.12822248041804
17,2026-09-26,3,2026-10-17,wk inc covid hosp,quantile,0.9,148.27260597348376
18,2026-09-26,3,2026-10-17,wk inc covid hosp,quantile,0.9,71.90255716332277
19,2026-09-26,3,2026-10-17,wk inc covid hosp,quantile,0.9,42.27952521607928
20,2026-09-26,3,2026-10-17,wk inc covid hosp,quantile,0.9,23.432515675913812
21,2026-09-26,3,2026-10-17,wk inc covid hosp,quantile,0.9,54.17733021279734
22,2026-09-26,3,2026-10-17,wk inc covid hosp,quantile,0.9,145.81294598712697
23,2026-09-26,3,2026-10-17,wk inc covid hosp,quantile,0.9,5.267411633945158
24,2026-09-26,3,2026-10-17,wk inc covid hosp,quantile,0.9,83.64895449875577
25,2026-09-26,3,2026-10-17,wk inc covid hosp,quantile,0.9,81.71099598490407
26,2026-09-26,3,2026-10-17,wk inc covid hosp,quantile,0.9,113.41229588552758
27,2026-09-26,3,2026-10-17,wk inc covid hosp,quantile,0.9,69.71736420225518
28,2026-09-26,3,2026-10-17,wk inc covid hosp,quantile,0.9,62.675644629371774
29,2026-09-26,3,2026-10-17,wk inc covid hosp,quantile,0.9,97.66796713062517
30,2026-09-26,3,2026-10-17,wk inc covid hosp,quantile,0.9,27.071180325578894
31,2026-09-26,3,2026-10-17,wk inc covid hosp,quantile,0.9,17.59101589924352
32,2026-09-26,3,2026-10-17,wk inc covid hosp,quantile,0.9,78.6131475823381
33,2026-09-26,3,2026-10-17,wk inc covid hosp,quantile,0.9,7.802475975604017
34,2026-09-26,3,2026-10-17,wk inc covid hosp,quantile,0.9,272.35988208579795
35,2026-09-26,3,2026-10-17,wk inc covid hosp,quantile,0.9,33.223786668085204
36,2026-09-26,3,2026-10-17,wk inc covid hosp,quantile,0.9,524.5225209855616
37,2026-09-26,3,2026-10-17,wk inc covid hosp,quantile,0.9,353.7530052212185
38,2026-09-26,3,2026-10-17,wk inc covid hosp,quantile,0.9,5.0781827515999245
39,2026-09-26,3,2026-10-17,wk inc covid hosp,quantile,0.9,144.40679612395988
40,2026-09-26,3,2026-10-17,wk inc covid hosp,quantile,0.9,62.125767589787486
41,2026-09-26,3,2026-10-17,wk inc covid hosp,quantile,0.9,92.81562703876186
42,2026-09-26,3,2026-10-17,wk inc covid hosp,quantile,0.9,315.2039611542379
44,2026-09-26,3,2026-10-17,wk inc covid hosp,quantile,0.9,30.362284676615406
45,2026-09-26,3,2026-10-17,wk inc covid hosp,quantile,0.9,116.59674853527106
46,2026-09-26,3,2026-10-17,wk inc covid hosp,quantile,0.9,14.79912277857774
47,2026-09-26,3,2026-10-17,wk inc covid hosp,quantile,0.9,162.85347669286134
48,2026-09-26,3,2026-10-17,wk inc covid hosp,quantile,0.9,633.9403099545273
49,2026-09-26,3,2026-10-17,wk inc covid hosp,quantile,0.9,54.97666030807635
50,2026-09-26,3,2026-10-17,wk inc covid hosp,quantile,0.9,9.590853064477814
51,2026-09-26,3,2026-10-17,wk inc covid hosp,quantile,0.9,126.72442017279953
53,2026-09-26,3,2026-10-17,wk inc covid hosp,quantile,0.9,236.28979383961178
54,2026-09-26,3,2026-10-17,wk inc covid hosp,quantile,0.9,37.67808934880321
55,2026-09-26,3,2026-10-17,wk inc covid hosp,quantile,0.9,50.36555716752418
56,2026-09-26,3,2026-10-17,wk inc covid hosp,quantile,0.9,3.5000637242466857
72,2026-09-26,3,2026-10-17,wk inc covid hosp,quantile,0.9,150.877835819738
US,2026-09-26,3,2026-10-17,wk inc covid hosp,quantile,0.9,7597.658335072419
01,2026-09-26,0,2026-09-26,wk inc covid hosp,quantile,0.95,138.6543792976485
02,2026-09-26,0,2026-09-26,wk inc covid hosp,quantile,0.95,7.063999751272619
04,2026-09-26,0,2026-09-26,wk inc covid hosp,quantile,0.95,110.91558204963383
05,2026-09-26,0,2026-09-26,wk inc covid hosp,quantile,0.95,30.05841836653431
06,2026-09-26,0,2026-09-26,wk inc covid hosp,quantile,0.95,1296.6773602119304
08,2026-09-26,0,2026-09-26,wk inc covid hosp,quantile,0.95,51.93605916348772
09,2026-09-26,0,2026-09-26,wk inc covid hosp,quantile,0.95,55.00896903393662
10,2026-09-26,0,2026-09-26,wk inc covid hosp,quantile,0.95,13.453870167096872
11,2026-09-26,0,2026-09-26,wk inc covid hosp,quantile,0.95,11.963109921936386
12,2026-09-26,0,2026-09-26,wk inc covid hosp,quantile,0.95,752.8850681669397
13,2026-09-26,0,2026-09-26,wk inc covid hosp,quantile,0.95,153.388025396802
15,2026-09-26,0,2026-09-26,wk inc covid hosp,quantile,0.95,62.997351716389524
16,2026-09-26,0,2026-09-26,wk inc covid hosp,quantile,0.95,22.814183225517493
17,2026-09-26,0,2026-09-26,wk inc covid hosp,quantile,0.95,100.66447754944451
18,2026-09-26,0,2026-09-26,wk inc covid hosp,quantile,0.95,47.09973704678597
19,2026-09-26,0,2026-09-26,wk inc covid hosp,quantile,0.95,31.059112758646094
20,2026-09-26,0,2026-09-26,wk inc covid hosp,quantile,0.95,18.959128403341325
21,2026-09-26,0,2026-09-26,wk inc covid hosp,quantile,0.95,40.37602883989472
22,2026-09-26,0,2026-09-26,wk inc covid hosp,quantile,0.95,126.4574182253522
23,2026-09-26,0,2026-09-26,wk inc covid hosp,quantile,0.95,4.868297773781078
24,2026-09-26,0,2026-09-26,wk inc covid hosp,quantile,0.95,56.25591090588078
25,2026-09-26,0,2026-09-26,wk inc covid hosp,quantile,0.95,57.74119226037463
26,2026-09-26,0,2026-09-26,wk inc covid hosp,quantile,0.95,80.74605041098037
27,2026-09-26,0,2026-09-26,wk inc covid hosp,quantile,0.95,45.207740395386246
28,2026-09-26,0,2026-09-26,wk inc covid hosp,quantile,0.95,54.79410284096797
29,2026-09-26,0,2026-09-26,wk inc covid hosp,quantile,0.95,63.16125717402178
30,2026-09-26,0,2026-09-26,wk inc covid hosp,quantile,0.95,23.9442238519645
31,2026-09-26,0,2026-09-26,wk inc covid hosp,quantile,0.95,12.885040592385733
32,2026-09-26,0,2026-09-26,wk inc covid hosp,quantile,0.95,60.002732446866304
33,2026-09-26,0,2026-09-26,wk inc covid hosp,quantile,0.95,6.3369884732679544
34,2026-09-26,0,2026-09-26,wk inc covid hosp,quantile,0.95,184.75893012416958
35,2026-09-26,0,2026-09-26,wk inc covid hosp,quantile,0.95,26.07884344326682
36,2026-09-26,0,2026-09-26,wk inc covid hosp,quantile,0.95,380.1516939861651
37,2026-09-26,0,2026-09-26,wk inc covid hosp,quantile,0.95,292.44670915969647
38,2026-09-26,0,2026-09-26,wk inc covid hosp,quantile,0.95,4.969684899454399
39,2026-09-26,0,2026-09-26,wk inc covid hosp,quantile,0.95,102.1783908555332
40,2026-09-26,0,2026-09-26,wk inc covid hosp,quantile,0.95,37.98760640499547
41,2026-09-26,0,2026-09-26,wk inc covid hosp,quantile,0.95,63.148485074308134
42,2026-09-26,0,2026-09-26,wk inc covid hosp,quantile,0.95,224.5722068465763
44,2026-09-26,0,2026-09-26,wk inc covid hosp,quantile,0.95,27.24092350996737
45,2026-09-26,0,2026-09-26,wk inc covid hosp,quantile,0.95,88.14723266810097
46,2026-09-26,0,2026-09-26,wk inc covid hosp,quantile,0.95,12.978835780229737
47,2026-09-26,0,2026-09-26,wk inc covid hosp,quantile,0.95,109.92622767853281
48,2026-09-26,0,2026-09-26,wk inc covid hosp,quantile,0.95,563.30047344681
49,2026-09-26,0,2026-09-26,wk inc covid hosp,quantile,0.95,40.47413145615243
50,2026-09-26,0,2026-09-26,wk inc covid hosp,quantile,0.95,10.323412730579973
51,2026-09-26,0,2026-09-26,wk inc covid hosp,quantile,0.95,84.44392067921825
53,2026-09-26,0,2026-09-26,wk inc covid hosp,quantile,0.95,198.08354870880515
54,2026-09-26,0,2026-09-26,wk inc covid hosp,quantile,0.95,29.71074632039792
55,2026-09-26,0,2026-09-26,wk inc covid hosp,quantile,0.95,39.08884311277573
56,2026-09-26,0,2026-09-26,wk inc covid hosp,quantile,0.95,3.4815788585034397
72,2026-09-26,0,2026-09-26,wk inc covid hosp,quantile,0.95,151.65709885736248
US,2026-09-26,0,2026-09-26,wk inc covid hosp,quantile,0.95,5649.051776407745
01,2026-09-26,1,2026-10-03,wk inc covid hosp,quantile,0.95,156.71553007973841
02,2026-09-26,1,2026-10-03,wk inc covid hosp,quantile,0.95,7.9222575019417425
04,2026-09-26,1,2026-10-03,wk inc covid hosp,quantile,0.95,123.49703499190635
05,2026-09-26,1,2026-10-03,wk inc covid hosp,quantile,0.95,34.151423869870136
06,2026-09-26,1,2026-10-03,wk inc covid hosp,quantile,0.95,1416.9091432091814
08,2026-09-26,1,2026-10-03,wk inc covid hosp,quantile,0.95,61.84894595437088
09,2026-09-26,1,2026-10-03,wk inc covid hosp,quantile,0.95,65.21738293298375
10,2026-09-26,1,2026-10-03,wk inc covid hosp,quantile,0.95,15.39255220433649
11,2026-09-26,1,2026-10-03,wk inc covid hosp,quantile,0.95,14.275351834061658
12,2026-09-26,1,2026-10-03,wk inc covid hosp,quantile,0.95,797.9104126185129
13,2026-09-26,1,2026-10-03,wk inc covid hosp,quantile,0.95,167.55146292741227
15,2026-09-26,1,2026-10-03,wk inc covid hosp,quantile,0.95,65.89356446955436
16,2026-09-26,1,2026-10-03,wk inc covid hosp,quantile,0.95,26.802024034199924
17,2026-09-26,1,2026-10-03,wk inc covid hosp,quantile,0.95,116.39321087411439
18,2026-09-26,1,2026-10-03,wk inc covid hosp,quantile,0.95,60.73625163397827
19,2026-09-26,1,2026-10-03,wk inc covid hosp,quantile,0.95,36.09046061885752
20,2026-09-26,1,2026-10-03,wk inc covid hosp,quantile,0.95,22.347760132026202
21,2026-09-26,1,2026-10-03,wk inc covid hosp,quantile,0.95,46.44953116475683
22,2026-09-26,1,2026-10-03,wk inc covid hosp,quantile,0.95,135.63582022486327
23,2026-09-26,1,2026-10-03,wk inc covid hosp,quantile,0.95,5.228735910434029
24,2026-09-26,1,2026-10-03,wk inc covid hosp,quantile,0.95,72.32822050934153
25,2026-09-26,1,2026-10-03,wk inc covid hosp,quantile,0.95,61.84341263357399
26,2026-09-26,1,2026-10-03,wk inc covid hosp,quantile,0.95,100.71194466688317
27,2026-09-26,1,2026-10-03,wk inc covid hosp,quantile,0.95,53.22871738232711
28,2026-09-26,1,2026-10-03,wk inc covid hosp,quantile,0.95,61.61286510690748
29,2026-09-26,1,2026-10-03,wk inc covid hosp,quantile,0.95,75.98411731459588
30,2026-09-26,1,2026-10-03,wk inc covid hosp,quantile,0.95,25.82602579536413
31,2026-09-26,1,2026-10-03,wk inc covid hosp,quantile,0.95,15.668641991848608
32,2026-09-26,1,2026-10-03,wk inc covid hosp,quantile,0.95,70.1760930481511
33,2026-09-26,1,2026-10-03,wk inc covid hosp,quantile,0.95,7.194673400231748
34,2026-09-26,1,2026-10-03,wk inc covid hosp,quantile,0.95,208.7797649737087
35,2026-09-26,1,2026-10-03,wk inc covid hosp,quantile,0.95,30.100624434938528
36,2026-09-26,1,2026-10-03,wk inc covid hosp,quantile,0.95,427.0425574743728
37,2026-09-26,1,2026-10-03,wk inc covid hosp,quantile,0.95,330.27747298686796
38,2026-09-26,1,2026-10-03,wk inc covid hosp,quantile,0.95,5.38798560459551
39,2026-09-26,1,2026-10-03,wk inc covid hosp,quantile,0.95,118.93185524665246
40,2026-09-26,1,2026-10-03,wk inc covid hosp,quantile,0.95,45.37693642774993
41,2026-09-26,1,2026-10-03,wk inc covid hosp,quantile,0.95,76.17817205939123
42,2026-09-26,1,2026-10-03,wk inc covid hosp,quantile,0.95,272.88887345241784
44,2026-09-26,1,2026-10-03,wk inc covid hosp,quantile,0.95,29.85649031898959
45,2026-09-26,1,2026-10-03,wk inc covid hosp,quantile,0.95,100.15993835514566
46,2026-09-26,1,2026-10-03,wk inc covid hosp,quantile,0.95,14.188543896620981
47,2026-09-26,1,2026-10-03,wk inc covid hosp,quantile,0.95,124.42909429807972
48,2026-09-26,1,2026-10-03,wk inc covid hosp,quantile,0.95,602.4922608242229
49,2026-09-26,1,2026-10-03,wk inc covid hosp,quantile,0.95,48.62309865271374
50,2026-09-26,1,2026-10-03,wk inc covid hosp,quantile,0.95,11.39981476040245
51,2026-09-26,1,2026-10-03,wk inc covid hosp,quantile,0.95,96.25502819428114
53,2026-09-26,1,2026-10-03,wk inc covid hosp,quantile,0.95,225.49548124632983
54,2026-09-26,1,2026-10-03,wk inc covid hosp,quantile,0.95,34.08152345939992
55,2026-09-26,1,2026-10-03,wk inc covid hosp,quantile,0.95,44.506067596734695
56,2026-09-26,1,2026-10-03,wk inc covid hosp,quantile,0.95,3.8287110808812135
72,2026-09-26,1,2026-10-03,wk inc covid hosp,quantile,0.95,156.6673540860899
US,2026-09-26,1,2026-10-03,wk inc covid hosp,quantile,0.95,6347.413008645143
01,2026-09-26,2,2026-10-10,wk inc covid hosp,quantile,0.95,170.34511400449895
02,2026-09-26,2,2026-10-10,wk inc covid hosp,quantile,0.95,8.882713317529944
04,2026-09-26,2,2026-10-10,wk inc covid hosp,quantile,0.95,151.53116961809056
05,2026-09-26,2,2026-10-10,wk inc covid hosp,quantile,0.95,39.69358885214042
06,2026-09-26,2,2026-10-10,wk inc covid hosp,quantile,0.95,1550.4675506642288
08,2026-09-26,2,2026-10-10,wk inc covid hosp,quantile,0.95,71.02363916560606
09,2026-09-26,2,2026-10-10,wk inc covid hosp,quantile,0.95,75.3129201460551
10,2026-09-26,2,2026-10-10,wk inc covid hosp,quantile,0.95,17.7217073086376
11,2026-09-26,2,2026-10-10,wk inc covid hosp,quantile,0.95,16.240193961990233
12,2026-09-26,2,2026-10-10,wk inc covid hosp,quantile,0.95,837.7618483042149
13,2026-09-26,2,2026-10-10,wk inc covid hosp,quantile,0.95,185.00864702954604
15,2026-09-26,2,2026-10-10,wk inc covid hosp,quantile,0.95,68.55878150470149
16,2026-09-26,2,2026-10-10,wk inc covid hosp,quantile,0.95,33.233970307818325
17,2026-09-26,2,2026-10-10,wk inc covid hosp,quantile,0.95,137.7496025353358
18,2026-09-26,2,2026-10-10,wk inc covid hosp,quantile,0.95,67.41439582189611
19,2026-09-26,2,2026-10-10,wk inc covid hosp,quantile,0.95,40.73284596222309
20,2026-09-26,2,2026-10-10,wk inc covid hosp,quantile,0.95,27.724313207671173
21,2026-09-26,2,2026-10-10,wk inc covid hosp,quantile,0.95,54.212513633203336
22,2026-09-26,2,2026-10-10,wk inc covid hosp,quantile,0.95,153.04301909104566
23,2026-09-26,2,2026-10-10,wk inc covid hosp,quantile,0.95,5.851089644902336
24,2026-09-26,2,2026-10-10,wk inc covid hosp,quantile,0.95,80.87799712653765
25,2026-09-26,2,2026-10-10,wk inc covid hosp,quantile,0.95,70.78820753817237
26,2026-09-26,2,2026-10-10,wk inc covid hosp,quantile,0.95,123.01974257010673
27,2026-09-26,2,2026-10-10,wk inc covid hosp,quantile,0.95,64.0578810869802
28,2026-09-26,2,2026-10-10,wk inc covid hosp,quantile,0.95,68.38765891754178
29,2026-09-26,2,2026-10-10,wk inc covid hosp,quantile,0.95,92.18382029177805
30,2026-09-26,2,2026-10-10,wk inc covid hosp,quantile,0.95,28.616500271177724
31,2026-09-26,2,2026-10-10,wk inc covid hosp,quantile,0.95,18.22630963280498
32,2026-09-26,2,2026-10-10,wk inc covid hosp,quantile,0.95,79.83770780877285
33,2026-09-26,2,2026-10-10,wk inc covid hosp,quantile,0.95,8.006577690343859
34,2026-09-26,2,2026-10-10,wk inc covid hosp,quantile,0.95,256.4373959749274
35,2026-09-26,2,2026-10-10,wk inc covid hosp,quantile,0.95,34.596389265142555
36,2026-09-26,2,2026-10-10,wk inc covid hosp,quantile,0.95,492.8303169765362
37,2026-09-26,2,2026-10-10,wk inc covid hosp,quantile,0.95,357.00883481576824
38,2026-09-26,2,2026-10-10,wk inc covid hosp,quantile,0.95,5.636304087651989
39,2026-09-26,2,2026-10-10,wk inc covid hosp,quantile,0.95,139.045208001259
40,2026-09-26,2,2026-10-10,wk inc covid hosp,quantile,0.95,56.93062249493406
41,2026-09-26,2,2026-10-10,wk inc covid hosp,quantile,0.95,95.21754479074285
42,2026-09-26,2,2026-10-10,wk inc covid hosp,quantile,0.95,287.607942922499
44,2026-09-26,2,2026-10-10,wk inc covid hosp,quantile,0.95,31.75065207447889
45,2026-09-26,2,2026-10-10,wk inc covid hosp,quantile,0.95,114.1760785841304
46,2026-09-26,2,2026-10-10,wk inc covid hosp,quantile,0.95,15.342713020625698
47,2026-09-26,2,2026-10-10,wk inc covid hosp,quantile,0.95,150.9055274825108
48,2026-09-26,2,2026-10-10,wk inc covid hosp,quantile,0.95,645.3736320546844
49,2026-09-26,2,2026-10-10,wk inc covid hosp,quantile,0.95,57.36436285567273
50,2026-09-26,2,2026-10-10,wk inc covid hosp,quantile,0.95,11.951306078144809
51,2026-09-26,2,2026-10-10,wk inc covid hosp,quantile,0.95,116.43901679123385
53,2026-09-26,2,2026-10-10,wk inc covid hosp,quantile,0.95,260.5450041386178
54,2026-09-26,2,2026-10-10,wk inc covid hosp,quantile,0.95,38.15248513065383
55,2026-09-26,2,2026-10-10,wk inc covid hosp,quantile,0.95,52.42972563224431
56,2026-09-26,2,2026-10-10,wk inc covid hosp,quantile,0.95,4.2314628192226085
72,2026-09-26,2,2026-10-10,wk inc covid hosp,quantile,0.95,160.1967338465942
US,2026-09-26,2,2026-10-10,wk inc covid hosp,quantile,0.95,7360.835503920552
01,2026-09-26,3,2026-10-17,wk inc covid hosp,quantile,0.95,189.37165141019076
02,2026-09-26,3,2026-10-17,wk inc covid hosp,quantile,0.95,9.329380790702515
04,2026-09-26,3,2026-10-17,wk inc covid hosp,quantile,0.95,170.14452073369765
05,2026-09-26,3,2026-10-17,wk inc covid hosp,quantile,0.95,42.98952162633667
06,2026-09-26,3,2026-10-17,wk inc covid hosp,quantile,0.95,1666.1398128745532
08,2026-09-26,3,2026-10-17,wk inc covid hosp,quantile,0.95,82.15807896573294
09,2026-09-26,3,2026-10-17,wk inc covid hosp,quantile,0.95,79.24125210895915
10,2026-09-26,3,2026-10-17,wk inc covid hosp,quantile,0.95,18.820222282545668
11,2026-09-26,3,2026-10-17,wk inc covid hosp,quantile,0.95,18.264743571338993
12,2026-09-26,3,2026-10-17,wk inc covid hosp,quantile,0.95,836.1246783891434
13,2026-09-26,3,2026-10-17,wk inc covid hosp,quantile,0.95,210.0839801161905
15,2026-09-26,3,2026-10-17,wk inc covid hosp,quantile,0.95,72.71610889448674
16,2026-09-26,3,2026-10-17,wk inc covid hosp,quantile,0.95,34.59105373835132
17,2026-09-26,3,2026-10-17,wk inc covid hosp,quantile,0.95,163.8075138507784
18,2026-09-26,3,2026-10-17,wk inc covid hosp,quantile,0.95,79.86461982562973
19,2026-09-26,3,2026-10-17,wk inc covid hosp,quantile,0.95,46.15802806454666
20,2026-09-26,3,2026-10-17,wk inc covid hosp,quantile,0.95,28.71327631259774
21,2026-09-26,3,2026-10-17,wk inc covid hosp,quantile,0.95,62.84778869745148
22,2026-09-26,3,2026-10-17,wk inc covid hosp,quantile,0.95,161.86490635145012
23,2026-09-26,3,2026-10-17,wk inc covid hosp,quantile,0.95,6.923692199078321
24,2026-09-26,3,2026-10-17,wk inc covid hosp,quantile,0.95,91.81481613548966
25,2026-09-26,3,2026-10-17,wk inc covid hosp,quantile,0.95,86.02092118020087
26,2026-09-26,3,2026-10-17,wk inc covid hosp,quantile,0.95,135.4451960892149
27,2026-09-26,3,2026-10-17,wk inc covid hosp,quantile,0.95,73.01837996738644
28,2026-09-26,3,2026-10-17,wk inc covid hosp,quantile,0.95,72.63480166586807
29,2026-09-26,3,2026-10-17,wk inc covid hosp,quantile,0.95,104.57461785498145
30,2026-09-26,3,2026-10-17,wk inc covid hosp,quantile,0.95,30.085619688211732
31,2026-09-26,3,2026-10-17,wk inc covid hosp,quantile,0.95,20.910967737063338
32,2026-09-26,3,2026-10-17,wk inc covid hosp,quantile,0.95,85.17237726376757
33,2026-09-26,3,2026-10-17,wk inc covid hosp,quantile,0.95,9.872448635659183
34,2026-09-26,3,2026-10-17,wk inc covid hosp,quantile,0.95,297.21516151068596
35,2026-09-26,3,2026-10-17,wk inc covid hosp,quantile,0.95,36.91355957856739
36,2026-09-26,3,2026-10-17,wk inc covid hosp,quantile,0.95,576.318861353084
37,2026-09-26,3,2026-10-17,wk inc covid hosp,quantile,0.95,401.4731983682182
38,2026-09-26,3,2026-10-17,wk inc covid hosp,quantile,0.95,6.0630733219390995
39,2026-09-26,3,2026-10-17,wk inc covid hosp,quantile,0.95,164.8410574750946
40,2026-09-26,3,2026-10-17,wk inc covid hosp,quantile,0.95,63.309591438065375
41,2026-09-26,3,2026-10-17,wk inc covid hosp,quantile,0.95,105.44750560208418
42,2026-09-26,3,2026-10-17,wk inc covid hosp,quantile,0.95,315.7678821611662
44,2026-09-26,3,2026-10-17,wk inc covid hosp,quantile,0.95,32.95947840063316
45,2026-09-26,3,2026-10-17,wk inc covid hosp,quantile,0.95,127.92256424281474
46,2026-09-26,3,2026-10-17,wk inc covid hosp,quantile,0.95,16.65627943815465
47,2026-09-26,3,2026-10-17,wk inc covid hosp,quantile,0.95,173.6853882011981
48,2026-09-26,3,2026-10-17,wk inc covid hosp,quantile,0.95,711.1875942581977
49,2026-09-26,3,2026-10-17,wk inc covid hosp,quantile,0.95,61.91699313498188
50,2026-09-26,3,2026-10-17,wk inc covid hosp,quantile,0.95,11.914573101847575
51,2026-09-26,3,2026-10-17,wk inc covid hosp,quantile,0.95,135.30315043180738
53,2026-09-26,3,2026-10-17,wk inc covid hosp,quantile,0.95,265.4140670510449
54,2026-09-26,3,2026-10-17,wk inc covid hosp,quantile,0.95,40.536516943187316
55,2026-09-26,3,2026-10-17,wk inc covid hosp,quantile,0.95,61.283018565237754
56,2026-09-26,3,2026-10-17,wk inc covid hosp,quantile,0.95,4.9135979530531015
72,2026-09-26,3,2026-10-17,wk inc covid hosp,quantile,0.95,162.87946983068724
US,2026-09-26,3,2026-10-17,wk inc covid hosp,quantile,0.95,8445.365099838382
01,2026-09-26,0,2026-09-26,wk inc covid hosp,quantile,0.975,149.4992688800129
02,2026-09-26,0,2026-09-26,wk inc covid hosp,quantile,0.975,8.292370986552823
04,2026-09-26,0,2026-09-26,wk inc covid hosp,quantile,0.975,115.30096606511756
05,2026-09-26,0,2026-09-26,wk inc covid hosp,quantile,0.975,33.87077417412715
06,2026-09-26,0,2026-09-26,wk inc covid hosp,quantile,0.975,1349.0310107440691
08,2026-09-26,0,2026-09-26,wk inc covid hosp,quantile,0.975,52.81256121240746
09,2026-09-26,0,2026-09-26,wk inc covid hosp,quantile,0.975,59.542113116333866
10,2026-09-26,0,2026-09-26,wk inc covid hosp,quantile,0.975,16.45314033194767
11,2026-09-26,0,2026-09-26,wk inc covid hosp,quantile,0.975,13.709144722696388
12,2026-09-26,0,2026-09-26,wk inc covid hosp,quantile,0.975,781.4723924795735
13,2026-09-26,0,2026-09-26,wk inc covid hosp,quantile,0.975,159.57412723065647
15,2026-09-26,0,2026-09-26,wk inc covid hosp,quantile,0.975,66.57098454782192
16,2026-09-26,0,2026-09-26,wk inc covid hosp,quantile,0.975,24.66995245110013
17,2026-09-26,0,2026-09-26,wk inc covid hosp,quantile,0.975,106.22760614818014
18,2026-09-26,0,2026-09-26,wk inc covid hosp,quantile,0.975,52.22325343201723
19,2026-09-26,0,2026-09-26,wk inc covid hosp,quantile,0.975,34.20090844999408
20,2026-09-26,0,2026-09-26,wk inc covid hosp,quantile,0.975,21.407544379964126
21,2026-09-26,0,2026-09-26,wk inc covid hosp,quantile,0.975,41.21296203496535
22,2026-09-26,0,2026-09-26,wk inc covid hosp,quantile,0.975,128.66999171381605
23,2026-09-26,0,2026-09-26,wk inc covid hosp,quantile,0.975,6.071016266794286
24,2026-09-26,0,2026-09-26,wk inc covid hosp,quantile,0.975,63.105426158467615
25,2026-09-26,0,2026-09-26,wk inc covid hosp,quantile,0.975,64.28370155024301
26,2026-09-26,0,2026-09-26,wk inc covid hosp,quantile,0.975,110.4277798056155
27,2026-09-26,0,2026-09-26,wk inc covid hosp,quantile,0.975,46.89459095179117
28,2026-09-26,0,2026-09-26,wk inc covid hosp,quantile,0.975,58.331440684666454
29,2026-09-26,0,2026-09-26,wk inc covid hosp,quantile,0.975,65.40974234179532
30,2026-09-26,0,2026-09-26,wk inc covid hosp,quantile,0.975,27.48206736177219
31,2026-09-26,0,2026-09-26,wk inc covid hosp,quantile,0.975,14.74396577328495
32,2026-09-26,0,2026-09-26,wk inc covid hosp,quantile,0.975,66.86792569658832
33,2026-09-26,0,2026-09-26,wk inc covid hosp,quantile,0.975,7.4840172282837525
34,2026-09-26,0,2026-09-26,wk inc covid hosp,quantile,0.975,195.49574271030104
35,2026-09-26,0,2026-09-26,wk inc covid hosp,quantile,0.975,27.143824349451478
36,2026-09-26,0,2026-09-26,wk inc covid hosp,quantile,0.975,388.8063576856993
37,2026-09-26,0,2026-09-26,wk inc covid hosp,quantile,0.975,304.81774833136313
38,2026-09-26,0,2026-09-26,wk inc covid hosp,quantile,0.975,5.060931943970089
39,2026-09-26,0,2026-09-26,wk inc covid hosp,quantile,0.975,107.6466184280716
40,2026-09-26,0,2026-09-26,wk inc covid hosp,quantile,0.975,43.90721340917319
41,2026-09-26,0,2026-09-26,wk inc covid hosp,quantile,0.975,69.14167156124917
42,2026-09-26,0,2026-09-26,wk inc covid hosp,quantile,0.975,235.99447575742303
44,2026-09-26,0,2026-09-26,wk inc covid hosp,quantile,0.975,30.22726180393477
45,2026-09-26,0,2026-09-26,wk inc covid hosp,quantile,0.975,93.5157440211576
46,2026-09-26,0,2026-09-26,wk inc covid hosp,quantile,0.975,14.29150170676063
47,2026-09-26,0,2026-09-26,wk inc covid hosp,quantile,0.975,115.8147529381601
48,2026-09-26,0,2026-09-26,wk inc covid hosp,quantile,0.975,594.2815736548584
49,2026-09-26,0,2026-09-26,wk inc covid hosp,quantile,0.975,45.051346151846204
50,2026-09-26,0,2026-09-26,wk inc covid hosp,quantile,0.975,10.443494424080633
51,2026-09-26,0,2026-09-26,wk inc covid hosp,quantile,0.975,87.12700114330045
53,2026-09-26,0,2026-09-26,wk inc covid hosp,quantile,0.975,212.02600672153824
54,2026-09-26,0,2026-09-26,wk inc covid hosp,quantile,0.975,36.05289546718453
55,2026-09-26,0,2026-09-26,wk inc covid hosp,quantile,0.975,42.6461061582311
56,2026-09-26,0,2026-09-26,wk inc covid hosp,quantile,0.975,3.640361734607993
72,2026-09-26,0,2026-09-26,wk inc covid hosp,quantile,0.975,164.299169554177
US,2026-09-26,0,2026-09-26,wk inc covid hosp,quantile,0.975,5981.9177779687425
01,2026-09-26,1,2026-10-03,wk inc covid hosp,quantile,0.975,168.07487960484974
02,2026-09-26,1,2026-10-03,wk inc covid hosp,quantile,0.975,8.611034318837035
04,2026-09-26,1,2026-10-03,wk inc covid hosp,quantile,0.975,136.41994375427961
05,2026-09-26,1,2026-10-03,wk inc covid hosp,quantile,0.975,37.540810785995454
06,2026-09-26,1,2026-10-03,wk inc covid hosp,quantile,0.975,1484.0940191038153
08,2026-09-26,1,2026-10-03,wk inc covid hosp,quantile,0.975,63.77607702986521
09,2026-09-26,1,2026-10-03,wk inc covid hosp,quantile,0.975,75.83756484386771
10,2026-09-26,1,2026-10-03,wk inc covid hosp,quantile,0.975,18.710988582863607
11,2026-09-26,1,2026-10-03,wk inc covid hosp,quantile,0.975,15.317489327374778
12,2026-09-26,1,2026-10-03,wk inc covid hosp,quantile,0.975,829.3492791137662
13,2026-09-26,1,2026-10-03,wk inc covid hosp,quantile,0.975,180.4893216522979
15,2026-09-26,1,2026-10-03,wk inc covid hosp,quantile,0.975,72.98462172941703
16,2026-09-26,1,2026-10-03,wk inc covid hosp,quantile,0.975,29.463417829341342
17,2026-09-26,1,2026-10-03,wk inc covid hosp,quantile,0.975,127.28520846251949
18,2026-09-26,1,2026-10-03,wk inc covid hosp,quantile,0.975,63.10862320454048
19,2026-09-26,1,2026-10-03,wk inc covid hosp,quantile,0.975,38.41632132350682
20,2026-09-26,1,2026-10-03,wk inc covid hosp,quantile,0.975,24.314710446922845
21,2026-09-26,1,2026-10-03,wk inc covid hosp,quantile,0.975,47.966996855918694
22,2026-09-26,1,2026-10-03,wk inc covid hosp,quantile,0.975,143.79869743320765
23,2026-09-26,1,2026-10-03,wk inc covid hosp,quantile,0.975,6.891787341452136
24,2026-09-26,1,2026-10-03,wk inc covid hosp,quantile,0.975,77.89091799908715
25,2026-09-26,1,2026-10-03,wk inc covid hosp,quantile,0.975,73.79307403771169
26,2026-09-26,1,2026-10-03,wk inc covid hosp,quantile,0.975,134.45381080553443
27,2026-09-26,1,2026-10-03,wk inc covid hosp,quantile,0.975,56.12588753153919
28,2026-09-26,1,2026-10-03,wk inc covid hosp,quantile,0.975,63.91872226021664
29,2026-09-26,1,2026-10-03,wk inc covid hosp,quantile,0.975,78.04814211035962
30,2026-09-26,1,2026-10-03,wk inc covid hosp,quantile,0.975,30.051880398840137
31,2026-09-26,1,2026-10-03,wk inc covid hosp,quantile,0.975,16.9304992686592
32,2026-09-26,1,2026-10-03,wk inc covid hosp,quantile,0.975,75.7303478584331
33,2026-09-26,1,2026-10-03,wk inc covid hosp,quantile,0.975,8.301082897324637
34,2026-09-26,1,2026-10-03,wk inc covid hosp,quantile,0.975,228.4193340429893
35,2026-09-26,1,2026-10-03,wk inc covid hosp,quantile,0.975,30.275982342394563
36,2026-09-26,1,2026-10-03,wk inc covid hosp,quantile,0.975,451.1644445133122
37,2026-09-26,1,2026-10-03,wk inc covid hosp,quantile,0.975,357.069698422371
38,2026-09-26,1,2026-10-03,wk inc covid hosp,quantile,0.975,5.558327158737334
39,2026-09-26,1,2026-10-03,wk inc covid hosp,quantile,0.975,130.47345162925936
40,2026-09-26,1,2026-10-03,wk inc covid hosp,quantile,0.975,52.0808661806747
41,2026-09-26,1,2026-10-03,wk inc covid hosp,quantile,0.975,82.82532849652019
42,2026-09-26,1,2026-10-03,wk inc covid hosp,quantile,0.975,281.3154616793254
44,2026-09-26,1,2026-10-03,wk inc covid hosp,quantile,0.975,34.13267041314711
45,2026-09-26,1,2026-10-03,wk inc covid hosp,quantile,0.975,105.6880773982351
46,2026-09-26,1,2026-10-03,wk inc covid hosp,quantile,0.975,15.701110146091043
47,2026-09-26,1,2026-10-03,wk inc covid hosp,quantile,0.975,134.75113728393646
48,2026-09-26,1,2026-10-03,wk inc covid hosp,quantile,0.975,622.6843387397798
49,2026-09-26,1,2026-10-03,wk inc covid hosp,quantile,0.975,53.67644764984724
50,2026-09-26,1,2026-10-03,wk inc covid hosp,quantile,0.975,11.50821536951584
51,2026-09-26,1,2026-10-03,wk inc covid hosp,quantile,0.975,101.09745123454196
53,2026-09-26,1,2026-10-03,wk inc covid hosp,quantile,0.975,241.79902671736534
54,2026-09-26,1,2026-10-03,wk inc covid hosp,quantile,0.975,40.56698376008917
55,2026-09-26,1,2026-10-03,wk inc covid hosp,quantile,0.975,48.74980836678873
56,2026-09-26,1,2026-10-03,wk inc covid hosp,quantile,0.975,4.372186346725587
72,2026-09-26,1,2026-10-03,wk inc covid hosp,quantile,0.975,171.99741810284291
US,2026-09-26,1,2026-10-03,wk inc covid hosp,quantile,0.975,6882.179986795739
01,2026-09-26,2,2026-10-10,wk inc covid hosp,quantile,0.975,186.98941071091733
02,2026-09-26,2,2026-10-10,wk inc covid hosp,quantile,0.975,10.560488591253895
04,2026-09-26,2,2026-10-10,wk inc covid hosp,quantile,0.975,161.21468768826063
05,2026-09-26,2,2026-10-10,wk inc covid hosp,quantile,0.975,43.708511773971736
06,2026-09-26,2,2026-10-10,wk inc covid hosp,quantile,0.975,1620.939184512739
08,2026-09-26,2,2026-10-10,wk inc covid hosp,quantile,0.975,76.04668212200586
09,2026-09-26,2,2026-10-10,wk inc covid hosp,quantile,0.975,84.3900484725035
10,2026-09-26,2,2026-10-10,wk inc covid hosp,quantile,0.975,22.123916014633732
11,2026-09-26,2,2026-10-10,wk inc covid hosp,quantile,0.975,17.856844905708
12,2026-09-26,2,2026-10-10,wk inc covid hosp,quantile,0.975,900.8756192098081
13,2026-09-26,2,2026-10-10,wk inc covid hosp,quantile,0.975,208.79376350577823
15,2026-09-26,2,2026-10-10,wk inc covid hosp,quantile,0.975,78.93186076240745
16,2026-09-26,2,2026-10-10,wk inc covid hosp,quantile,0.975,35.22964833064667
17,2026-09-26,2,2026-10-10,wk inc covid hosp,quantile,0.975,149.9992052296334
18,2026-09-26,2,2026-10-10,wk inc covid hosp,quantile,0.975,72.22175688596165
19,2026-09-26,2,2026-10-10,wk inc covid hosp,quantile,0.975,45.242727669485625
20,2026-09-26,2,2026-10-10,wk inc covid hosp,quantile,0.975,31.111235417202945
21,2026-09-26,2,2026-10-10,wk inc covid hosp,quantile,0.975,54.48141124374533
22,2026-09-26,2,2026-10-10,wk inc covid hosp,quantile,0.975,159.96874423479383
23,2026-09-26,2,2026-10-10,wk inc covid hosp,quantile,0.975,8.474742756675814
24,2026-09-26,2,2026-10-10,wk inc covid hosp,quantile,0.975,90.27705124994226
25,2026-09-26,2,2026-10-10,wk inc covid hosp,quantile,0.975,84.43292213148335
26,2026-09-26,2,2026-10-10,wk inc covid hosp,quantile,0.975,161.61637372283255
27,2026-09-26,2,2026-10-10,wk inc covid hosp,quantile,0.975,66.13608881289944
28,2026-09-26,2,2026-10-10,wk inc covid hosp,quantile,0.975,70.82170496381616
29,2026-09-26,2,2026-10-10,wk inc covid hosp,quantile,0.975,93.40073759601496
30,2026-09-26,2,2026-10-10,wk inc covid hosp,quantile,0.975,32.93811905708314
31,2026-09-26,2,2026-10-10,wk inc covid hosp,quantile,0.975,21.50522921564803
32,2026-09-26,2,2026-10-10,wk inc covid hosp,quantile,0.975,88.66380191894325
33,2026-09-26,2,2026-10-10,wk inc covid hosp,quantile,0.975,9.644705745435154
34,2026-09-26,2,2026-10-10,wk inc covid hosp,quantile,0.975,265.6249536325733
35,2026-09-26,2,2026-10-10,wk inc covid hosp,quantile,0.975,35.47912172724555
36,2026-09-26,2,2026-10-10,wk inc covid hosp,quantile,0.975,536.2004224712363
37,2026-09-26,2,2026-10-10,wk inc covid hosp,quantile,0.975,394.5175220576558
38,2026-09-26,2,2026-10-10,wk inc covid hosp,quantile,0.975,6.257911556534747
39,2026-09-26,2,2026-10-10,wk inc covid hosp,quantile,0.975,152.487657451303
40,2026-09-26,2,2026-10-10,wk inc covid hosp,quantile,0.975,62.56340233096371
41,2026-09-26,2,2026-10-10,wk inc covid hosp,quantile,0.975,102.99774312506509
42,2026-09-26,2,2026-10-10,wk inc covid hosp,quantile,0.975,328.0431803363106
44,2026-09-26,2,2026-10-10,wk inc covid hosp,quantile,0.975,37.75579820381289
45,2026-09-26,2,2026-10-10,wk inc covid hosp,quantile,0.975,121.88626032122058
46,2026-09-26,2,2026-10-10,wk inc covid hosp,quantile,0.975,17.755731058403963
47,2026-09-26,2,2026-10-10,wk inc covid hosp,quantile,0.975,157.78141258190013
48,2026-09-26,2,2026-10-10,wk inc covid hosp,quantile,0.975,690.0056610942079
49,2026-09-26,2,2026-10-10,wk inc covid hosp,quantile,0.975,63.031315354472696
50,2026-09-26,2,2026-10-10,wk inc covid hosp,quantile,0.975,12.579841888213497
51,2026-09-26,2,2026-10-10,wk inc covid hosp,quantile,0.975,123.9044762800399
53,2026-09-26,2,2026-10-10,wk inc covid hosp,quantile,0.975,274.77543300255707
54,2026-09-26,2,2026-10-10,wk inc covid hosp,quantile,0.975,47.486960763096846
55,2026-09-26,2,2026-10-10,wk inc covid hosp,quantile,0.975,60.701736637582705
56,2026-09-26,2,2026-10-10,wk inc covid hosp,quantile,0.975,5.091074840010668
72,2026-09-26,2,2026-10-10,wk inc covid hosp,quantile,0.975,171.8778629554401
US,2026-09-26,2,2026-10-10,wk inc covid hosp,quantile,0.975,7974.216150879362
01,2026-09-26,3,2026-10-17,wk inc covid hosp,quantile,0.975,199.6355122978657
02,2026-09-26,3,2026-10-17,wk inc covid hosp,quantile,0.975,11.303940707370728
04,2026-09-26,3,2026-10-17,wk inc covid hosp,quantile,0.975,190.61957927218378
05,2026-09-26,3,2026-10-17,wk inc covid hosp,quantile,0.975,48.01961024635064
06,2026-09-26,3,2026-10-17,wk inc covid hosp,quantile,0.975,1733.7597441073249
08,2026-09-26,3,2026-10-17,wk inc covid hosp,quantile,0.975,86.17400749734038
09,2026-09-26,3,2026-10-17,wk inc covid hosp,quantile,0.975,92.81511973068297
10,2026-09-26,3,2026-10-17,wk inc covid hosp,quantile,0.975,22.67741105620063
11,2026-09-26,3,2026-10-17,wk inc covid hosp,quantile,0.975,18.714425817064082
12,2026-09-26,3,2026-10-17,wk inc covid hosp,quantile,0.975,945.6914824904547
13,2026-09-26,3,2026-10-17,wk inc covid hosp,quantile,0.975,241.32200820509587
15,2026-09-26,3,2026-10-17,wk inc covid hosp,quantile,0.975,80.68899818833955
16,2026-09-26,3,2026-10-17,wk inc covid hosp,quantile,0.975,38.67433965159574
17,2026-09-26,3,2026-10-17,wk inc covid hosp,quantile,0.975,181.63598770084434
18,2026-09-26,3,2026-10-17,wk inc covid hosp,quantile,0.975,86.05687048548722
19,2026-09-26,3,2026-10-17,wk inc covid hosp,quantile,0.975,49.438399315534255
20,2026-09-26,3,2026-10-17,wk inc covid hosp,quantile,0.975,35.58077767976843
21,2026-09-26,3,2026-10-17,wk inc covid hosp,quantile,0.975,63.87563947349509
22,2026-09-26,3,2026-10-17,wk inc covid hosp,quantile,0.975,174.01851474351344
23,2026-09-26,3,2026-10-17,wk inc covid hosp,quantile,0.975,9.742671404765337
24,2026-09-26,3,2026-10-17,wk inc covid hosp,quantile,0.975,102.54771897381231
25,2026-09-26,3,2026-10-17,wk inc covid hosp,quantile,0.975,99.97085354437121
26,2026-09-26,3,2026-10-17,wk inc covid hosp,quantile,0.975,198.54030669069382
27,2026-09-26,3,2026-10-17,wk inc covid hosp,quantile,0.975,78.38198027521005
28,2026-09-26,3,2026-10-17,wk inc covid hosp,quantile,0.975,76.30356719023035
29,2026-09-26,3,2026-10-17,wk inc covid hosp,quantile,0.975,105.13301690493462
30,2026-09-26,3,2026-10-17,wk inc covid hosp,quantile,0.975,34.775933906416945
31,2026-09-26,3,2026-10-17,wk inc covid hosp,quantile,0.975,24.963937735005185
32,2026-09-26,3,2026-10-17,wk inc covid hosp,quantile,0.975,97.672945553856
33,2026-09-26,3,2026-10-17,wk inc covid hosp,quantile,0.975,11.102463761940895
34,2026-09-26,3,2026-10-17,wk inc covid hosp,quantile,0.975,316.0006137245283
35,2026-09-26,3,2026-10-17,wk inc covid hosp,quantile,0.975,41.12819891702899
36,2026-09-26,3,2026-10-17,wk inc covid hosp,quantile,0.975,620.2118600940771
37,2026-09-26,3,2026-10-17,wk inc covid hosp,quantile,0.975,423.4110782569655
38,2026-09-26,3,2026-10-17,wk inc covid hosp,quantile,0.975,6.659164792938989
39,2026-09-26,3,2026-10-17,wk inc covid hosp,quantile,0.975,180.15675685203072
40,2026-09-26,3,2026-10-17,wk inc covid hosp,quantile,0.975,66.9668998175569
41,2026-09-26,3,2026-10-17,wk inc covid hosp,quantile,0.975,117.59138366095512
42,2026-09-26,3,2026-10-17,wk inc covid hosp,quantile,0.975,354.7187912387998
44,2026-09-26,3,2026-10-17,wk inc covid hosp,quantile,0.975,39.311222271648035
45,2026-09-26,3,2026-10-17,wk inc covid hosp,quantile,0.975,142.41525564807435
46,2026-09-26,3,2026-10-17,wk inc covid hosp,quantile,0.975,18.582251762072133
47,2026-09-26,3,2026-10-17,wk inc covid hosp,quantile,0.975,187.2676953277063
48,2026-09-26,3,2026-10-17,wk inc covid hosp,quantile,0.975,749.3780288073162
49,2026-09-26,3,2026-10-17,wk inc covid hosp,quantile,0.975,70.06119990233749
50,2026-09-26,3,2026-10-17,wk inc covid hosp,quantile,0.975,13.31606216620779
51,2026-09-26,3,2026-10-17,wk inc covid hosp,quantile,0.975,144.11229260350197
53,2026-09-26,3,2026-10-17,wk inc covid hosp,quantile,0.975,284.9848401408233
54,2026-09-26,3,2026-10-17,wk inc covid hosp,quantile,0.975,52.093416715767866
55,2026-09-26,3,2026-10-17,wk inc covid hosp,quantile,0.975,69.33931677592118
56,2026-09-26,3,2026-10-17,wk inc covid hosp,quantile,0.975,5.871721467460956
72,2026-09-26,3,2026-10-17,wk inc covid hosp,quantile,0.975,181.22508423135477
US,2026-09-26,3,2026-10-17,wk inc covid hosp,quantile,0.975,9092.033278480312
01,2026-09-26,0,2026-09-26,wk inc covid hosp,quantile,0.99,170.794131748126
02,2026-09-26,0,2026-09-26,wk inc covid hosp,quantile,0.99,8.446478557106612
04,2026-09-26,0,2026-09-26,wk inc covid hosp,quantile,0.99,143.6435187300363
05,2026-09-26,0,2026-09-26,wk inc covid hosp,quantile,0.99,37.91883846466965
06,2026-09-26,0,2026-09-26,wk inc covid hosp,quantile,0.99,1595.8234789766914
08,2026-09-26,0,2026-09-26,wk inc covid hosp,quantile,0.99,71.51507855702904
09,2026-09-26,0,2026-09-26,wk inc covid hosp,quantile,0.99,80.0188892806274
10,2026-09-26,0,2026-09-26,wk inc covid hosp,quantile,0.99,17.868361661060053
11,2026-09-26,0,2026-09-26,wk inc covid hosp,quantile,0.99,16.196739376951058
12,2026-09-26,0,2026-09-26,wk inc covid hosp,quantile,0.99,901.5470459620918
13,2026-09-26,0,2026-09-26,wk inc covid hosp,quantile,0.99,206.7749469084644
15,2026-09-26,0,2026-09-26,wk inc covid hosp,quantile,0.99,73.294918706277
16,2026-09-26,0,2026-09-26,wk inc covid hosp,quantile,0.99,28.53359104560806
17,2026-09-26,0,2026-09-26,wk inc covid hosp,quantile,0.99,139.28173320469935
18,2026-09-26,0,2026-09-26,wk inc covid hosp,quantile,0.99,70.052198749224
19,2026-09-26,0,2026-09-26,wk inc covid hosp,quantile,0.99,38.40337583420538
20,2026-09-26,0,2026-09-26,wk inc covid hosp,quantile,0.99,25.346458529934228
21,2026-09-26,0,2026-09-26,wk inc covid hosp,quantile,0.99,52.21723193159689
22,2026-09-26,0,2026-09-26,wk inc covid hosp,quantile,0.99,152.4947838825666
23,2026-09-26,0,2026-09-26,wk inc covid hosp,quantile,0.99,7.906970932375489
24,2026-09-26,0,2026-09-26,wk inc covid hosp,quantile,0.99,83.20879813538555
25,2026-09-26,0,2026-09-26,wk inc covid hosp,quantile,0.99,92.71843054959899
26,2026-09-26,0,2026-09-26,wk inc covid hosp,quantile,0.99,117.7201300880164
27,2026-09-26,0,2026-09-26,wk inc covid hosp,quantile,0.99,64.59069608031251
28,2026-09-26,0,2026-09-26,wk inc covid hosp,quantile,0.99,63.61225949836581
29,2026-09-26,0,2026-09-26,wk inc covid hosp,quantile,0.99,87.35337794391964
30,2026-09-26,0,2026-09-26,wk inc covid hosp,quantile,0.99,30.201095228954344
31,2026-09-26,0,2026-09-26,wk inc covid hosp,quantile,0.99,16.514262623218904
32,2026-09-26,0,2026-09-26,wk inc covid hosp,quantile,0.99,74.05474373895815
33,2026-09-26,0,2026-09-26,wk inc covid hosp,quantile,0.99,9.667244375848767
34,2026-09-26,0,2026-09-26,wk inc covid hosp,quantile,0.99,235.38453115910673
35,2026-09-26,0,2026-09-26,wk inc covid hosp,quantile,0.99,31.683014659818074
36,2026-09-26,0,2026-09-26,wk inc covid hosp,quantile,0.99,488.4001542873468
37,2026-09-26,0,2026-09-26,wk inc covid hosp,quantile,0.99,366.13004902469413
38,2026-09-26,0,2026-09-26,wk inc covid hosp,quantile,0.99,5.796787567337403
39,2026-09-26,0,2026-09-26,wk inc covid hosp,quantile,0.99,145.07111077877863
40,2026-09-26,0,2026-09-26,wk inc covid hosp,quantile,0.99,47.98412439413337
41,2026-09-26,0,2026-09-26,wk inc covid hosp,quantile,0.99,81.59826400574823
42,2026-09-26,0,2026-09-26,wk inc covid hosp,quantile,0.99,295.52505364538837
44,2026-09-26,0,2026-09-26,wk inc covid hosp,quantile,0.99,34.28151478637257
45,2026-09-26,0,2026-09-26,wk inc covid hosp,quantile,0.99,106.09940178824701
46,2026-09-26,0,2026-09-26,wk inc covid hosp,quantile,0.99,14.85031049428293
47,2026-09-26,0,2026-09-26,wk inc covid hosp,quantile,0.99,140.2267695453743
48,2026-09-26,0,2026-09-26,wk inc covid hosp,quantile,0.99,746.7632339531289
49,2026-09-26,0,2026-09-26,wk inc covid hosp,quantile,0.99,54.82302669118939
50,2026-09-26,0,2026-09-26,wk inc covid hosp,quantile,0.99,12.604711692412451
51,2026-09-26,0,2026-09-26,wk inc covid hosp,quantile,0.99,115.23304922060724
53,2026-09-26,0,2026-09-26,wk inc covid hosp,quantile,0.99,246.26912193787518
54,2026-09-26,0,2026-09-26,wk inc covid hosp,quantile,0.99,39.64725433940206
55,2026-09-26,0,2026-09-26,wk inc covid hosp,quantile,0.99,61.165267319432886
56,2026-09-26,0,2026-09-26,wk inc covid hosp,quantile,0.99,4.033318284535687
72,2026-09-26,0,2026-09-26,wk inc covid hosp,quantile,0.99,174.97641459205352
US,2026-09-26,0,2026-09-26,wk inc covid hosp,quantile,0.99,7681.550100682168
01,2026-09-26,1,2026-10-03,wk inc covid hosp,quantile,0.99,199.87358615091142
02,2026-09-26,1,2026-10-03,wk inc covid hosp,quantile,0.99,9.503187024345491
04,2026-09-26,1,2026-10-03,wk inc covid hosp,quantile,0.99,164.61037892038206
05,2026-09-26,1,2026-10-03,wk inc covid hosp,quantile,0.99,43.34451586185989
06,2026-09-26,1,2026-10-03,wk inc covid hosp,quantile,0.99,1784.669784793771
08,2026-09-26,1,2026-10-03,wk inc covid hosp,quantile,0.99,86.12489276178606
09,2026-09-26,1,2026-10-03,wk inc covid hosp,quantile,0.99,95.07701667847613
10,2026-09-26,1,2026-10-03,wk inc covid hosp,quantile,0.99,20.807216024769513
11,2026-09-26,1,2026-10-03,wk inc covid hosp,quantile,0.99,17.97361365956255
12,2026-09-26,1,2026-10-03,wk inc covid hosp,quantile,0.99,993.8441133434304
13,2026-09-26,1,2026-10-03,wk inc covid hosp,quantile,0.99,229.96686807669124
15,2026-09-26,1,2026-10-03,wk inc covid hosp,quantile,0.99,79.53211779499682
16,2026-09-26,1,2026-10-03,wk inc covid hosp,quantile,0.99,31.33062783262081
17,2026-09-26,1,2026-10-03,wk inc covid hosp,quantile,0.99,172.84763952582102
18,2026-09-26,1,2026-10-03,wk inc covid hosp,quantile,0.99,84.71173038273517
19,2026-09-26,1,2026-10-03,wk inc covid hosp,quantile,0.99,46.08064376478738
20,2026-09-26,1,2026-10-03,wk inc covid hosp,quantile,0.99,31.8762233232851
21,2026-09-26,1,2026-10-03,wk inc covid hosp,quantile,0.99,62.16675882917612
22,2026-09-26,1,2026-10-03,wk inc covid hosp,quantile,0.99,173.17388388584283
23,2026-09-26,1,2026-10-03,wk inc covid hosp,quantile,0.99,9.908684736938639
24,2026-09-26,1,2026-10-03,wk inc covid hosp,quantile,0.99,99.53018077449651
25,2026-09-26,1,2026-10-03,wk inc covid hosp,quantile,0.99,108.30567797518097
26,2026-09-26,1,2026-10-03,wk inc covid hosp,quantile,0.99,136.48996320013356
27,2026-09-26,1,2026-10-03,wk inc covid hosp,quantile,0.99,78.29830718713339
28,2026-09-26,1,2026-10-03,wk inc covid hosp,quantile,0.99,72.6938748863887
29,2026-09-26,1,2026-10-03,wk inc covid hosp,quantile,0.99,105.3846246282349
30,2026-09-26,1,2026-10-03,wk inc covid hosp,quantile,0.99,32.98709251694626
31,2026-09-26,1,2026-10-03,wk inc covid hosp,quantile,0.99,19.54076103208706
32,2026-09-26,1,2026-10-03,wk inc covid hosp,quantile,0.99,83.90266074804474
33,2026-09-26,1,2026-10-03,wk inc covid hosp,quantile,0.99,11.05373611338228
34,2026-09-26,1,2026-10-03,wk inc covid hosp,quantile,0.99,277.65726501940605
35,2026-09-26,1,2026-10-03,wk inc covid hosp,quantile,0.99,34.223686344654716
36,2026-09-26,1,2026-10-03,wk inc covid hosp,quantile,0.99,584.4552700558181
37,2026-09-26,1,2026-10-03,wk inc covid hosp,quantile,0.99,413.7045795626739
38,2026-09-26,1,2026-10-03,wk inc covid hosp,quantile,0.99,7.064873757091205
39,2026-09-26,1,2026-10-03,wk inc covid hosp,quantile,0.99,174.55324599507819
40,2026-09-26,1,2026-10-03,wk inc covid hosp,quantile,0.99,55.35618143637031
41,2026-09-26,1,2026-10-03,wk inc covid hosp,quantile,0.99,93.77822629578223
42,2026-09-26,1,2026-10-03,wk inc covid hosp,quantile,0.99,345.0418329431289
44,2026-09-26,1,2026-10-03,wk inc covid hosp,quantile,0.99,37.3765205474948
45,2026-09-26,1,2026-10-03,wk inc covid hosp,quantile,0.99,122.39985538698234
46,2026-09-26,1,2026-10-03,wk inc covid hosp,quantile,0.99,18.13619147308771
47,2026-09-26,1,2026-10-03,wk inc covid hosp,quantile,0.99,162.29347069029208
48,2026-09-26,1,2026-10-03,wk inc covid hosp,quantile,0.99,781.6363642732676
49,2026-09-26,1,2026-10-03,wk inc covid hosp,quantile,0.99,62.169825239192605
50,2026-09-26,1,2026-10-03,wk inc covid hosp,quantile,0.99,13.462277348779121
51,2026-09-26,1,2026-10-03,wk inc covid hosp,quantile,0.99,136.10894938186203
53,2026-09-26,1,2026-10-03,wk inc covid hosp,quantile,0.99,270.84820256979117
54,2026-09-26,1,2026-10-03,wk inc covid hosp,quantile,0.99,46.84212774589033
55,2026-09-26,1,2026-10-03,wk inc covid hosp,quantile,0.99,72.56706229622338
56,2026-09-26,1,2026-10-03,wk inc covid hosp,quantile,0.99,4.488172480261851
72,2026-09-26,1,2026-10-03,wk inc covid hosp,quantile,0.99,178.02537410821512
US,2026-09-26,1,2026-10-03,wk inc covid hosp,quantile,0.99,9110.270556839709
01,2026-09-26,2,2026-10-10,wk inc covid hosp,quantile,0.99,215.87726972328252
02,2026-09-26,2,2026-10-10,wk inc covid hosp,quantile,0.99,10.788394275976117
04,2026-09-26,2,2026-10-10,wk inc covid hosp,quantile,0.99,190.6303923059828
05,2026-09-26,2,2026-10-10,wk inc covid hosp,quantile,0.99,48.82591995672309
06,2026-09-26,2,2026-10-10,wk inc covid hosp,quantile,0.99,1962.0128027875794
08,2026-09-26,2,2026-10-10,wk inc covid hosp,quantile,0.99,98.33721206648717
09,2026-09-26,2,2026-10-10,wk inc covid hosp,quantile,0.99,110.02784218439699
10,2026-09-26,2,2026-10-10,wk inc covid hosp,quantile,0.99,23.6007387702033
11,2026-09-26,2,2026-10-10,wk inc covid hosp,quantile,0.99,21.326887520499984
12,2026-09-26,2,2026-10-10,wk inc covid hosp,quantile,0.99,1094.582922213091
13,2026-09-26,2,2026-10-10,wk inc covid hosp,quantile,0.99,262.1628552152412
15,2026-09-26,2,2026-10-10,wk inc covid hosp,quantile,0.99,84.4069446717584
16,2026-09-26,2,2026-10-10,wk inc covid hosp,quantile,0.99,36.65271122037211
17,2026-09-26,2,2026-10-10,wk inc covid hosp,quantile,0.99,203.506621839375
18,2026-09-26,2,2026-10-10,wk inc covid hosp,quantile,0.99,100.97945016812272
19,2026-09-26,2,2026-10-10,wk inc covid hosp,quantile,0.99,54.29644214463324
20,2026-09-26,2,2026-10-10,wk inc covid hosp,quantile,0.99,38.82496097216046
21,2026-09-26,2,2026-10-10,wk inc covid hosp,quantile,0.99,73.13354647223251
22,2026-09-26,2,2026-10-10,wk inc covid hosp,quantile,0.99,189.34859038728007
23,2026-09-26,2,2026-10-10,wk inc covid hosp,quantile,0.99,12.163042666312966
24,2026-09-26,2,2026-10-10,wk inc covid hosp,quantile,0.99,112.30504097406082
25,2026-09-26,2,2026-10-10,wk inc covid hosp,quantile,0.99,129.375640653691
26,2026-09-26,2,2026-10-10,wk inc covid hosp,quantile,0.99,179.86637642380998
27,2026-09-26,2,2026-10-10,wk inc covid hosp,quantile,0.99,92.4139468757246
28,2026-09-26,2,2026-10-10,wk inc covid hosp,quantile,0.99,80.31608892288726
29,2026-09-26,2,2026-10-10,wk inc covid hosp,quantile,0.99,121.4660443366439
30,2026-09-26,2,2026-10-10,wk inc covid hosp,quantile,0.99,35.862625282136015
31,2026-09-26,2,2026-10-10,wk inc covid hosp,quantile,0.99,24.067191280893734
32,2026-09-26,2,2026-10-10,wk inc covid hosp,quantile,0.99,95.38824512193466
33,2026-09-26,2,2026-10-10,wk inc covid hosp,quantile,0.99,13.274218348570734
34,2026-09-26,2,2026-10-10,wk inc covid hosp,quantile,0.99,315.56102389056184
35,2026-09-26,2,2026-10-10,wk inc covid hosp,quantile,0.99,37.839039120573844
36,2026-09-26,2,2026-10-10,wk inc covid hosp,quantile,0.99,667.3932434311537
37,2026-09-26,2,2026-10-10,wk inc covid hosp,quantile,0.99,458.88887080360615
38,2026-09-26,2,2026-10-10,wk inc covid hosp,quantile,0.99,8.741530115572209
39,2026-09-26,2,2026-10-10,wk inc covid hosp,quantile,0.99,207.56207839556495
40,2026-09-26,2,2026-10-10,wk inc covid hosp,quantile,0.99,67.48210738917263
41,2026-09-26,2,2026-10-10,wk inc covid hosp,quantile,0.99,109.52688069443388
42,2026-09-26,2,2026-10-10,wk inc covid hosp,quantile,0.99,395.7055079465541
44,2026-09-26,2,2026-10-10,wk inc covid hosp,quantile,0.99,39.68696129370635
45,2026-09-26,2,2026-10-10,wk inc covid hosp,quantile,0.99,141.26045375961107
46,2026-09-26,2,2026-10-10,wk inc covid hosp,quantile,0.99,20.15562675498328
47,2026-09-26,2,2026-10-10,wk inc covid hosp,quantile,0.99,185.01237549120827
48,2026-09-26,2,2026-10-10,wk inc covid hosp,quantile,0.99,928.1633744555708
49,2026-09-26,2,2026-10-10,wk inc covid hosp,quantile,0.99,71.11625349533094
50,2026-09-26,2,2026-10-10,wk inc covid hosp,quantile,0.99,14.093503180172494
51,2026-09-26,2,2026-10-10,wk inc covid hosp,quantile,0.99,155.31633781337138
53,2026-09-26,2,2026-10-10,wk inc covid hosp,quantile,0.99,295.1191198519662
54,2026-09-26,2,2026-10-10,wk inc covid hosp,quantile,0.99,55.867626653098704
55,2026-09-26,2,2026-10-10,wk inc covid hosp,quantile,0.99,88.49038140566998
56,2026-09-26,2,2026-10-10,wk inc covid hosp,quantile,0.99,5.517790414635828
72,2026-09-26,2,2026-10-10,wk inc covid hosp,quantile,0.99,192.98523757505808
US,2026-09-26,2,2026-10-10,wk inc covid hosp,quantile,0.99,10257.254199062641
01,2026-09-26,3,2026-10-17,wk inc covid hosp,quantile,0.99,242.24025937834435
02,2026-09-26,3,2026-10-17,wk inc covid hosp,quantile,0.99,11.656536945331522
04,2026-09-26,3,2026-10-17,wk inc covid hosp,quantile,0.99,233.09778619083863
05,2026-09-26,3,2026-10-17,wk inc covid hosp,quantile,0.99,56.6327212991943
06,2026-09-26,3,2026-10-17,wk inc covid hosp,quantile,0.99,2085.9882720545875
08,2026-09-26,3,2026-10-17,wk inc covid hosp,quantile,0.99,114.7111862392859
09,2026-09-26,3,2026-10-17,wk inc covid hosp,quantile,0.99,124.01315685920328
10,2026-09-26,3,2026-10-17,wk inc covid hosp,quantile,0.99,24.26270692857291
11,2026-09-26,3,2026-10-17,wk inc covid hosp,quantile,0.99,23.592681873301967
12,2026-09-26,3,2026-10-17,wk inc covid hosp,quantile,0.99,1131.8616380871722
13,2026-09-26,3,2026-10-17,wk inc covid hosp,quantile,0.99,296.48645481601034
15,2026-09-26,3,2026-10-17,wk inc covid hosp,quantile,0.99,84.48929960443634
16,2026-09-26,3,2026-10-17,wk inc covid hosp,quantile,0.99,41.89111727908426
17,2026-09-26,3,2026-10-17,wk inc covid hosp,quantile,0.99,237.23300794719313
18,2026-09-26,3,2026-10-17,wk inc covid hosp,quantile,0.99,116.7249560430178
19,2026-09-26,3,2026-10-17,wk inc covid hosp,quantile,0.99,62.10474254401318
20,2026-09-26,3,2026-10-17,wk inc covid hosp,quantile,0.99,43.81255927433676
21,2026-09-26,3,2026-10-17,wk inc covid hosp,quantile,0.99,83.96301037076229
22,2026-09-26,3,2026-10-17,wk inc covid hosp,quantile,0.99,210.59746058951745
23,2026-09-26,3,2026-10-17,wk inc covid hosp,quantile,0.99,13.558745734827658
24,2026-09-26,3,2026-10-17,wk inc covid hosp,quantile,0.99,128.11094110892438
25,2026-09-26,3,2026-10-17,wk inc covid hosp,quantile,0.99,151.9496037703565
26,2026-09-26,3,2026-10-17,wk inc covid hosp,quantile,0.99,204.08917930175826
27,2026-09-26,3,2026-10-17,wk inc covid hosp,quantile,0.99,107.30503192343117
28,2026-09-26,3,2026-10-17,wk inc covid hosp,quantile,0.99,87.5601309096118
29,2026-09-26,3,2026-10-17,wk inc covid hosp,quantile,0.99,137.1943877528654
30,2026-09-26,3,2026-10-17,wk inc covid hosp,quantile,0.99,39.02697181134199
31,2026-09-26,3,2026-10-17,wk inc covid hosp,quantile,0.99,27.81829156960294
32,2026-09-26,3,2026-10-17,wk inc covid hosp,quantile,0.99,101.37520564223341
33,2026-09-26,3,2026-10-17,wk inc covid hosp,quantile,0.99,15.06135951979008
34,2026-09-26,3,2026-10-17,wk inc covid hosp,quantile,0.99,370.19994406109964
35,2026-09-26,3,2026-10-17,wk inc covid hosp,quantile,0.99,42.25613711438963
36,2026-09-26,3,2026-10-17,wk inc covid hosp,quantile,0.99,792.4938841689205
37,2026-09-26,3,2026-10-17,wk inc covid hosp,quantile,0.99,496.1523904729772
38,2026-09-26,3,2026-10-17,wk inc covid hosp,quantile,0.99,9.793093430464634
39,2026-09-26,3,2026-10-17,wk inc covid hosp,quantile,0.99,237.94827793828767
40,2026-09-26,3,2026-10-17,wk inc covid hosp,quantile,0.99,76.0242934482174
41,2026-09-26,3,2026-10-17,wk inc covid hosp,quantile,0.99,122.85151336674245
42,2026-09-26,3,2026-10-17,wk inc covid hosp,quantile,0.99,438.6990453950015
44,2026-09-26,3,2026-10-17,wk inc covid hosp,quantile,0.99,43.391711248124984
45,2026-09-26,3,2026-10-17,wk inc covid hosp,quantile,0.99,158.96681389798673
46,2026-09-26,3,2026-10-17,wk inc covid hosp,quantile,0.99,22.17385689200035
47,2026-09-26,3,2026-10-17,wk inc covid hosp,quantile,0.99,209.4393312655194
48,2026-09-26,3,2026-10-17,wk inc covid hosp,quantile,0.99,969.5357970481454
49,2026-09-26,3,2026-10-17,wk inc covid hosp,quantile,0.99,79.58388803714784
50,2026-09-26,3,2026-10-17,wk inc covid hosp,quantile,0.99,14.395554028444012
51,2026-09-26,3,2026-10-17,wk inc covid hosp,quantile,0.99,180.64458482865564
53,2026-09-26,3,2026-10-17,wk inc covid hosp,quantile,0.99,317.38738414695956
54,2026-09-26,3,2026-10-17,wk inc covid hosp,quantile,0.99,62.77574477188326
55,2026-09-26,3,2026-10-17,wk inc covid hosp,quantile,0.99,100.24193565053513
56,2026-09-26,3,2026-10-17,wk inc covid hosp,quantile,0.99,6.225152033625357
72,2026-09-26,3,2026-10-17,wk inc covid hosp,quantile,0.99,197.66906793765034
US,2026-09-26,3,2026-10-17,wk inc covid hosp,quantile,0.99,11922.075084653494
